source,line_hash
blogs,4c38153287ba389337f85afd3decd7220ed41bc42efc92fe661d7f48de2d238c
blogs,9cebfea96c570ec2f4da55c3a603aa22a9e987b9a40f557d1441d8a54b5f5671
blogs,4f27336a5ad46b2ad2e3640ef5224f299fb268ca29c7957eb855f46cffc1263f
blogs,24ddcfeef3ba507f2b7277209d8a25905baff3f3e0b5c47b86e492410fbf8c70
blogs,c562e3ae2738377537587052c2ed6a1524f2c96a4a71daab8b0eff6b881400bc
blogs,40fe0e11568bebdf38cd102b5a54b3e93877de289a0f97553483eeb9e4f06c21
blogs,b9a36379a5d03993fdf6a6b0a8021ab0db4adc27b8083185a3f37cdf053688f0
blogs,7df0b4c1172fcaab50c06c88d8eb75e0959f3e753289f95816a05fb35efe1764
blogs,1bdeb4fb2ee46de9390b9961bce3010056b613624bc8f8554e3072d1ffaecf3e
blogs,0995dfc552cf8a58dd9529cf3fa1bab5034ec7db8328012c1b1075f75dbbd209
blogs,35769fa52e41c45f16f89975c835c37cd8804b5caaff4783dc9770cdf52bfbfb
blogs,38499962a3cbeb76ccfc1582648a840f8202d1f69edce13dcf9ed105441df771
blogs,4f60de3016375800937bbe2a01ebc4d068c4d8543505790946bd234331287e48
blogs,5bf742955e077e4975ea90dac39fde5cc1ab7c18ee8cceba8624854e0f88f4bb
blogs,42d5751c1175f86c6de33c4f65505dfe7d849de45801845ea6579a2ab4e39637
blogs,29a511212cba3c45b29386a8992172a618d31c94c167b6c6eeb557a561d196a2
blogs,bb4c06e57994c7682d0317cb0d79b2ddcc96409db30a60bd58aeb31993510b95
blogs,ca244f4a1ea80b08c75bdb48cc2c2847a587cba7be599f8d4c5cd2af4ab16641
blogs,ca450ecabfccaaa1e9fbfc16bf81badad8a304c93a8747b7932ca280554bce36
blogs,3cf211972e0dde6401ba842e1407d7c37325fd8f8c901873cfce54b4f52547a8
blogs,20a0a0c9bdaf8bd570902b4819ddd8c1c392507daff8a60938af1f928c7d53f3
blogs,3a728616ceae085c2e848a2f4e9a272460ec4ac98e7a081fe6bfdcb63740167b
blogs,2b89636a06a5f425db9566d73207faa0b2958b55b8aa2575a0c60f5df95366d4
blogs,34b9c98c7d6fedaaca626db3fba95d8a9740d9555da497352c1ca35cfd5a3ef5
blogs,9f74b4ead3a76b9f53c815a86af62e9b0eeb6ecbb0268d47baac10917ce67a04
blogs,35b256fcd806968c4dd0b0a1bd9add804a6112fdfd9abb3e8bf1d8b4db405bf5
blogs,15dad2215671338e7fc9252e8f146d8bb0a417c71cf844b76ff52cbf164b52d3
blogs,9a0b99b9683b04e486b96c2d886d7f3ac000f22218e7b8b087d8604322497236
blogs,3735d76b1ab61025b89b069208e29c16534dcd6c5de1f2e655141dc112113fda
blogs,7265eb9cd9041531bb2f623a78d881480931a79eb7f28f5eedacfe2680772533
blogs,68349f19e584580520b850abc052f1d79487b3e1b3a7bffc05a9df35c41e4914
blogs,bba25f6dcfe8a43d7319c45269c0db4811ef8d3ea6b8ace7efa11b65c3eb133d
blogs,35e080cf2483029e6b5ef959070a4628cc72bca619e6579e5b61b2e5a4e990a1
blogs,bc73c9194411dda252b32271dfe7dad1852b88afd250c57c2bb825f52cda3369
blogs,fabc8b8a604fc5f6f07210b4772cd2c1730c37b55d695b5d615a05f9cc668b69
blogs,26470b2ce63cdacca5ceffcd1ff1010ac003864820c7f6ff54843e28551ef435
blogs,d51f2c4ec0032c480ba5ffcbea500d3c82b022bf8b1b02953e0c5d57b9459a31
blogs,87389bff4f87bcf2e26136a3d827d1a72797fe14c1aebcff78a840ec4afc8990
blogs,beebe929f0a816a9ac64fdda25756623763d1dacd9d4a245aca4966c84b9cf38
blogs,e4bb5e09bfe103b712fe11864058a95221fb47ef2cda8112a1f9f6a8f92d1e15
blogs,dd52cecddc7df060e875bd567f930adc9e0f36cc880e97a9e8be9df96452e82f
blogs,741a4682f7c1d865609daeb9e39b27ce516994aa08a0e9aa9188098da3843f5b
blogs,ef533d8f608d3db3b4424b5b38b17d692a4078aedc4e366a30b542a6680f0f2f
blogs,fe008e86cc535709ef437de9a3df0851883ecba7c7cb2675290d2ed23099bc24
blogs,f3c402bb75276ab579a9459f8ffc7b82679aacd1b9c392d5f2aa75fe35aa3979
blogs,5f003856bee29f666d09f85b4c39f16b996824271edc80872a05a7ba4506ba28
blogs,08c3c60ccd83d51eaef008b33971ad9f4e1a3f1b4dfa7f9dae070f1e7cacad82
blogs,d7285538a5c1075dd2f903e8cf7a0ecfa9cd5bca8d883ffc3f35e90a54e9ca5d
blogs,562199a57e8ad5f91c180c5221626bdbc370640f3b26812c82ab60279df520a6
blogs,371a28bb6fc05a679f47f53c69372a0da1fcd09b473a74ecd7b139399f8a8b54
blogs,c7249d0eb7239f2b82351f81fdd3fff4be2f834e959b26daf0176c498343a62c
blogs,f7d9ff388d956d2ee81068fb0a82f9214e8d4d83df6afcb925386ba404504ca3
blogs,17a0354d47d6d2d18b1d20edf21a90f4bf1395fd902e69f38ec695ca21da9a27
blogs,f6870fbaf60b7f4ba1a553923a9472ffa11f4de6f7d286561edbedc2e05cc0bd
blogs,332f3b6edb2d798b2d0abf7635133c4c8e3c3283b6263142c51a24fffda62647
blogs,2ca1f8ad3079698ea483488797e362686bce52ade533ba2fc15479c240089ece
blogs,9db1ddf16c7c873bdbba389d1e47b98ad45adb17bdf05f66b813a82449311655
blogs,4149efa60c6dfda34ebc38d4bd4e03949e4cd4b8c2480e854707417251cb8b79
blogs,0d575e7548313f76b255143b6b292570d46037c5884f00aee3a920628294dbbe
blogs,2ed654a2d5227f7261c150cf873d840162ad250edffa14b6975e213c56848e3f
blogs,47db565f7220e9d3720ec33115b847555aba0132dfb337a862c7670041bd9fb7
blogs,d2f06a4502ad46a0996260880e4df9e6ef993ec53e5ce7b235bb1075f825eb2f
blogs,52d24731d7513414f816a993712ba60ea36595afc534f0ecdce6c5ca02d73683
blogs,a1cd698fd817c4538edaecbba8da5dfdc8f100465aee074bd2124acce44846bb
blogs,d59fc05142d1f1c136ccb8f577d66b3606e45a65f9a296992aee378224f88ec4
blogs,06591ade77304598fa55ac5997ccf17bcdf12ed52c82e6ca25852d5b4bce62e9
blogs,481d7a72d63f81a8bf886b2aa9ae15acb4ac5c5083c8c22830fc3bba266e4ada
blogs,11ee47f3b256feb72aac6841989fdaba687aa48f58b0375bc347852fbcc93472
blogs,472dfb014c8ffe84e7e4fed0e5aa29ade5fbea15aaabb34e5d4109ca169613e0
blogs,13ef405cb6f5f569f891f863635add62057cb8b593f77501281ff7c4d1e0cd60
blogs,27cb943aea577ee0ec4ed7f0b9a1b508116a8f94b58503c531874ae0d378e55c
blogs,4f8eb1319b6482f5b1d2e253a7d897382e89756dbcfbafdd480befd2a6f84800
blogs,c5395c2dbc23262236eeba964f751c97aa3991d443fffea59600d172f0ae47f2
blogs,1237d64e480360e344dc6878c99675b1fd0b7e551b898ede932c33c9f823acd7
blogs,7541b64de868e84720a6022445bf85f7cb6459a893904198777a49e2f9b9c0d4
blogs,6a036b7d66c58b836536913d0452d0a4542eef8b088383d210f3ad8823c260e7
blogs,01974fc5b7e84e2ceff7d1fcfeebc7146ad888696e31443be2d2e453f0384f78
blogs,d158a96731d996eadba2fd9780961be05aeb19256e67d6eb98242022235df2c2
blogs,81497b80ba729147c87d5daaf4a397e0bdbb20e3ebf319d1b61dd12b090b5ad9
blogs,28f02325e8c8938aaa2f79e249e3f9241b23bb26d096263f1556a55332d85b6f
blogs,3a998dfd41e0245d06bdb215310b52d352dbe15f8bc9e9ce341e18bc02d17037
blogs,95c4ebbe5ae78222d6c3c5f8d17f9389da4919f3ae088aa9eefe71d845ac3f0d
blogs,58bef1d7368ed8ced16a5772250c7a15ad6ddf46860cc1fdf15ed2e4ed7e1857
blogs,a90399c3f22a20b0113938347135fad2debcfd33e813bf1c33b60eeecc42b975
blogs,c63df1cc2d28822a82fdbad38b13a245bbdc2066eed7d8dacc9aa3558fb365ba
blogs,7adfb1022a334584887b26d794b1e5836d59a25d9205a1eef2bbb495ea84338d
blogs,d80695440968cdbb69e710baefd8185daaf242caf4ae0784a5a36caea236bf5d
blogs,b973774ba1db8d2e8aa436e00455c3bd63696ce1004ca91e93aea88d9472c2a4
blogs,ca2eb7b37c1280fed1c1e2e2c94574a59461e95f9a6692a6d10b47efa74e2609
blogs,35255b8e3004f44b38ea1547c01426aa79c51bbfa38088041500c45e345604a0
blogs,1d5ddd6804f38ef35be42c6490b584f7c9bf5e2103e674260c9ec89199bf4304
blogs,4a5fcc804cb2bda8521bcdcecb5b019439f724bc922820e977bfc932d3892ffe
blogs,b0681335c86f4b143230ec1a19073c7e65646edc6f69342b40ad6072656862a9
blogs,58f0f3ee14eff88b94d726f39f882198b2c4d36f4cbe09cdff4f82c04049fdbb
blogs,84f3c52f2a49416eb224b39a626182ff3a7f978ce2c41fed1e47d220070acb1d
blogs,e01f1cddf964c8818c02efb45039b50bbf9a32eeded13aab55e7bc4dd373cefc
blogs,99ad5577a528e0d8e44be82277bda258041de8e37c509746f1e6e9f38ca5a70a
blogs,93632f6ba0dd4451d346fc34fb97d621f79f3972c7431e1cff0a5180e88e1287
blogs,20d4eb158e71049d742acbd16ac9290862e582b8ef07e9d381fba894afdf917b
blogs,fc9364f80f553cb5c62af91ce9294e98579a4c7589644152955d899ed88089a3
blogs,834f4061ae4157d6657afb96e1499f349d50dfdf98446c7b80395e39f0bb8ff7
blogs,4d160b351be4c49ab2615c8341d7349e9754bcac71de0b176c596271cb654e2c
blogs,47dd76c691931a6e7eba16b0ea7dd9208e1b1b81409f9f107248ba139b7decca
blogs,9138c8ac22d141075c7a407ecdf60368edcaec3e8288a2b351b3f80d60439721
blogs,dfe7cc1dae5e27442a3f4d46a304d1b4ba0441accce5c09c9310e6a622ee3b5a
blogs,1b85f1cf62aa85a3a5af8ee21eb4916bfba311d546afaf996be730be9f5871ab
blogs,73ca90ed6eb5e2c6d95567eb2aff7cb3e0bce359ea737c24b9b532f8010ecf12
blogs,f9a2826a216d6253ed6ddc75d9a024062b6d3d174a91615730d739b370b24756
blogs,8c8bc672106ad09dccaae3e3c11bd4d325d3e6d9cca7cedef92487de39397779
blogs,b77718e43c1763397174eb514bd60e0fb375eb14820254ef12b9b2e04cee9b5d
blogs,2353652e3654a95c018f27036542465ebda1637e3ec84472ff857330d83ca943
blogs,ecd00eecdb333ca36be500bd44b1d99ebac0a7df7c2a8294c730f842895f01b6
blogs,cc172808114e8dda13ec88464f792c1c3e68638ae9076e39f5cade333ff031d5
blogs,3dfc681ff1d7cd5e4e58179ad13c5626f85236879da778aa988aceb028a1402a
blogs,96079c6e6285d417318dc8d007bd4821fa06f0c7dea3c927a31ffb3ae1ebb436
blogs,d03ac0fb679af4ad71128118e33cbfb7c4bfddae8962a1566881c43a69f14f8b
blogs,104035bb40a33ce2df1ee5b1b5e853d7219159e2867e43f2bbaefd783184b48a
blogs,2dedc4d5470862ea39679f929b0b5b0a25c69d17bd87abac401b2f8b72f365bf
blogs,e98c67b4de09ecbf528d51cfa3c18e2d5af6b6820eaf869df51dfbf80d3903ff
blogs,b5480bed94c6b20baa62e4e8f23c55402143d9b4b964a240ad22685232b4f48b
blogs,748fdbafeb070b226f067cd3ba5baed9e0b2c0f275769681dcd9da7be6a0838d
blogs,2ae74443fbc719c1605a5e7c9a3e256e53b8e761fba809a37064555c761fbc57
blogs,c8fb17e140bb56693f3cc98b6bc954fd91385eea057c09965f58c18aea42db91
blogs,a9d1c1990bd1060f1f11706a645ca0db8faa1c26b2d1a7fe8c048218043c8c9e
blogs,f89079a317cdac18d549bf337c962d6a76b8334556a10e1e9a7dac7fb3d542a0
blogs,e5905f720ce286f3f114af0d6e53a85d32beded6c8db648e23d1e591f46a4f46
blogs,e89e01ddc4f8cf07ca9dad13ed801535fa9a29bc4f1286601baa69dc2626535b
blogs,8ae4b8ff64c54c8ac9eda7c6ec2ab69aa8e99e8e3beb56e38ff7fa24cbc74f51
blogs,25de1679dae18a345fefc7b48a1bc1dfc779e4628047aeec9c4be3605b35d838
blogs,2a5dc919755f2f001a64d98108b055c4de5f27980fc27392e55ab99dbdd65f1b
blogs,15d8e7fea12374d3c24c2fcc16a8df8d492da775905a894bd8f6e555a1ae010a
blogs,851eeb167cd1da8138ba224d2215ff9a046d5c4a9607aeea2fa6181c7b64c950
blogs,a753aff7046077fa5e01b9482bef1b62830d583d82ac58380c767ec0d2e4de59
blogs,4bfd0d982655e6c14e5c4cc76c5e1e350580dc5669436ffdf605e97515030a11
blogs,b86b6c77e2aa01b7259f02a0658364483e44bdfd46b5e910845356ec1e4ce1c7
blogs,00f932e013429ceb71435abf03beea5eb263852f37fee8f7d68741c8f82900df
blogs,92ec09473eb88845a8f9a1981c051a1758993c3c0559cb456131d3a08338aa08
blogs,9091ae2300b8b2545b39d19dc7fffbe3668e4fc02cde1820ca28fcc52f8360f1
blogs,e770b31a03bd249ce1a39c6de70070800fc1dd5039ad506342caa4ce1d8b1203
blogs,29a0d96557ffca41c22799e58406ab24d3d983980f604e99d922622bac0a6102
blogs,1247f810d970f98dfc23ccc4dd7fc72eb0cd26cf838186b18b63a6328782f35d
blogs,3870f64e7bc805541ff78500aa6a5ffba01622c04f481c1d46a6de17f791f53c
blogs,3c7460c04d9bfd5cc13e5b55fc476a62dfc14ea8eba258bf9df1c03a2b01f55b
blogs,edfdb304076c7890321f47603fd7e7533d376ad49d5a8ee8ee69a2ec1426cf09
blogs,e0db60ec8ca2e62b1d04545ff7770ade5a2e4d3099c6b284c3599c1f7bab431e
blogs,931338cfe9856c4408091fe428fddb02236417b7ea9d7339a8703fd9cd4ae23e
blogs,7dcf1be2029e57671ba125f035b32ef6762639ebecc3d2d6598f869a643e2cd5
blogs,297b83d4b6a85017963605704a039e3f7feea17eb6f07ada1ff3bb7e720eb9b8
blogs,fbfb46b31a89aaafe4091edd1c16c0a22dfaa50b110fd57512db1a240bd954e7
blogs,a7a207306b603d0b62f592c4b76fc28e44ab2c576660bce31840765d53525ab9
blogs,9e68136551cf07e92a3eb75600a9bcb1655318d79e1d8d039807c1e2a6905cab
blogs,45913fb156ecf883187988970cd722a109f39cd43b9b251ea15521d13a655fc6
blogs,18c18ba84bb1c650208dc399b77e4a2e93160ee1e8840e92526a1c426f8b591a
blogs,4c3e440e4d067e8007c7cea28993d03f169646629501aa1e778594f40755c93c
blogs,f83cb54fe313cbfc7e05394e11699ca7773fa1c67415de36960ba4dc0e9aab7f
blogs,58228b5f54dfce5e75fb9af155152a1be0093b4551f14f87b87fd1892c090a3e
blogs,ee6b1b8e28cc66cd331df92829b3602b79106dca55beed3a2d742dca26449ac7
blogs,276a76969f47fb6ed264e7b738b90970a69560c4c7cbee9e31b8bcd31030be56
blogs,f5d105eb73aad7bc5cd7db1141380ba9997463d5d102baac0b9ee533132deb8f
blogs,6d50f62dca4d5f16ef6052e7e6f55419fe861029ac238baf98e6a74f2a353e23
blogs,03d739f956abfa0af07844577b1255e868810c583feefaa50ca607e3acac3543
blogs,a6ab8dc868a4bd7b99ba9736ec747f5a0644e49c27bb1628a88d306fabe1c1df
blogs,51c542fc036015e6ef2c85fac994b3155353092e49fd428d9123ce6c0c1296ff
blogs,ab0d9174c337c922693d15657573c51f3f226a45606fc48e335a6d97220fbdcc
blogs,d26b17afc6e7ac929112cdd53261980c4ced203ce11e783f64f2c801140e37fb
blogs,c953af51725f26009a8e40ea1dec1138663d44d6088a81d4026f75ebe262c2f6
blogs,fd214f0050799c8e19e5cc98cd911510cd8de77ce0e772c12ddedd029b57800b
blogs,0623ded1ed698831049b9b1261b02695977fc6df4432d0bd3e8ac2867e5dd02d
blogs,10bdc7bd540dfc6b9a2c39ef536c0ee39522c51a51a6ac379cebc15dfe15cefe
blogs,a4a2e67d63649c5d0d805f3abc6b623426f85177f16a753a820f1433f931e749
blogs,015b22a1a0b073e05deee7f1497095c3cf8a243ffb2e1c0c1c1f69caf258ee81
blogs,d240aea1682f54bbb9d970f8d8117cefa2e179866f80d6c9a998598aafdcd9f5
blogs,29f047c8cd73bdf4d006d334668a1dfb881c22552ab8f42af5dd7e5bf04a6b0e
blogs,93af2759b024fa6a9f7e115b93d7d0e2feedfc7646f0824e740d698972170dbf
blogs,fe6dd8f28c3540edeb76414f2f1ffe3621d3545ddd3af58b3ed1d788ebfc62c5
blogs,d0a11c8d94f3bef48875b585ea30f4ec6e55857fc56159babbe5b608c700549d
blogs,441eed55b4c9482873dafd3fcc74ccc23b7ea94f4c652583504345ce9ac8b928
blogs,0b334044dab7477ad93417c1ea11bcb3b0cfaa3a31e7a5cf3ffaf345e7eff841
blogs,c00a9314720570b2bfa230a74b73056eaf1cd04361a24bc15d513b683931fa36
blogs,a60efc33cf025f824f2a5341856108c61f2c0fede847c46bbdffc57857864bfe
blogs,0e358d49e691c900c2b7a54d5cad828eba614b7684034fd67453dc2c4fafc0d2
blogs,7c6b78dfc9b73f18456bbcf9578bb770b68769104239d5b7d0f1e84db898fbda
blogs,02e0298a527bdc275d097eeeca0daf9321bd5dc61bffd0a905cce57e9adda03e
blogs,f8766440f641cd2ebc9327a5d4f596d40b09eca0b7921bba3080e8fecb2382d9
blogs,197e57908b765de7f3c0eed842274214e590630d2216478e5e4386b62413aab7
blogs,033e91de36d6ff6cb089b62a769d7d2072fe426faf299bda75d5777988ccfdaa
blogs,ae68d63af09e479679f906905081420681bc2dc4e03f2526f201f7f1502d6586
blogs,4af47a0e1bde4caab25825ebad2cf71591f192bdb999ea85382ce50d87882464
blogs,32a2603a669097188ac3074521c1572ee127e31536c8a5bdfed7a1b40455d356
blogs,a393349f37b113dfd4361e8dcc5e0cdf3d84d44f3fa2ad1f8a0bd74f8eaa4d6c
blogs,f0b29eab34d5575a3e7cd1358a61970dbc3b248c4e55c400df3c6e94a62e2ce4
blogs,9ec5e889268127008b7d1165b02d25e5421a3967420437848ee1af046f438678
blogs,1716f86d0f1e1d30f2fbdb7e98aa092d202a11b6ce467d17a3ed39da6b2f05ba
blogs,7cc1817d9033f0836638d1b57b7afcdcf74cf7566e4eb50374df7f24f05db1e2
blogs,431b5d9d3326692c6804e2a2f9caa54debbc0bcb1630111a791f08e9b818b75a
blogs,d51984422b561db3738fcfd1417836cd8d612845955ee2f78f6569422d563064
blogs,1d1f2a80f7de70f45410f331ae5c1f814e71622a82ac888aef5294d09084241a
blogs,7b61b89e88908cd05d0d17d568bd08de060202cd2334f1b3316f8f14b5f043a3
blogs,c644cc916259cb8fe9074b0b8663109f4bf6d782a010b00b3b5021a81a69002f
blogs,7162d43d75dc8ee89152e56ca21d1294f41a601a544e9d07dad4b935c2f57a50
blogs,79f986153517b8536461239d9fd86a90f72edfb07171ecbc1ad3ce2217b1c793
blogs,9cf3c800a5bd57ed741e0c96591c13869d1e38000a296dfa365cbe50f945ea90
blogs,3ed98ab5a63556220f102ab1a8d411853e321a8ff42f70f8bab695546fc06080
blogs,7be29b86edabe71b6dae337d7ec6def6a34af75ea9d0ead24eeee7766a0b3ede
blogs,b1eecfebae39468b6d616f5355428ae71fb3703f817885666081ae3d95e67691
blogs,89a59a5a5644b2e8c96c0141c203fb637a9a0c373dd4e22b931de8edae06d7de
blogs,385995f4af2d72cc0220af9ed513dae3071b8e7891bb42090350f7ee53602391
blogs,3041f9969f9e4ed7d98a87a4247fea5282477bd97d8cb3a9f48c3a6928dbf4c7
blogs,d4724f5da83aab43297eb37eebe9a35ae7dbf7aa46ca47ebb18e6f8c6af5b67b
blogs,7762250acee23e144bbd2d537a8c8ed54e06feb120e63b6065cb88873836c015
blogs,8c1e9491471b459f704290fd838b3f3fc9ce09e42bf7effba888eae055a23bf6
blogs,654c4c3447eb3f82ce9082bad2e733a027e9045820db16827ab8a66b352e6d01
blogs,678fb5e6d9cdfa9cbd26a3cfd97c79bf571040d67cccc060dbca20ca40056e28
blogs,7eecb1e901c35a959c08807596540121b4ee8706798bfa8d286edc09d958b741
blogs,bd0d278ccfec1aa70f7a0c801b44861d6547cc92d4fed079c1a64736e7a7c1f2
blogs,66e68060ee9e0d200c2050f188e8d06101963f98d0036cd8d987cd0973953b6b
blogs,84a65c232cd7a29f447a12448509b1cc559abb849e68b01def5f479d6912c6b2
blogs,dc126b4a71b03802443d8cff84f8feb969e8910d7d146929e1405796cc262ac7
blogs,caa13bc4032eddf826739b8073e5267f7a260795cd1440b579e3a22a725d71c9
blogs,b38a801cc46c578b275cfa76d52ce295db2a5a51d94475c7304a4a6cf0d755ce
blogs,de8406ace550a56c335edc3573e8560d00089756b97a7d0f7e7ea71d4d0f6561
blogs,1c5f05e372ee2ea0e2980e924aadfc9f519cab1497f0533a85b9113f0d357ced
blogs,3785f7759cf9319c48923901410893b3c6ec9ded6af13a6e7dfe7908e91c3194
blogs,cef18c043fb56243d6c670ab3c8fc68444e806c492a239650fee55416f346584
blogs,994add1c559c5c631db1b3e28b02c2e645d4288651e9d6efffacfbce956c15af
blogs,d84e1ddbadef2b9eb7f9c7d032121bfc0245d224fdda61686791398757ecd162
blogs,559e584fca344125372853c2baab43037de0b0837d17c29c87634150a1c226f7
blogs,ed4d204bdcdf3c2b957c70ccaf8464f7a6e7b1d1be80badcaa8ff6636320e2db
blogs,f29a5afbaeaad23c3ce208da823083017eb3ffa32406a54c77ce1cb8caf7707a
blogs,40bf6a5b562e70f7a7b23372f2ea357782299410e5bb675098f367357c1bd879
blogs,42e20fa8eec5f7489cbb7a1fbd093a7032a4b0940ae31304fef47da4faae1f27
blogs,f3d271e61b996f2e68ec950dedfa38202bac72af7eb0bb901abbe493999c0400
blogs,f7fa7373e525c66e07ede647736b2f073e31f51b043e45b4b5349cbe5cbcac7c
blogs,89e37f9489d12970d9bed5d6c3d27ac21f589d5660ddbb2a6d0b7948a3e759a7
blogs,451cce71aa364519c03108411b417d7c899b3ce53c00d1085c037f25abc2cb79
blogs,651e5604525d3030aa507e41615827b823cd6ee9324ca9c222aa1f7b4f0a1e4a
blogs,efc51fb0a4ddf2d19b10090380ec8c9512e528f5d92a0cf8cecc84a0cd5fd511
blogs,0e74a43a884e1a1c1b3300066cc1241b113ac7ae0bd1e86f45de4c6752c43ae2
blogs,35a0f2bd7bb34af1bb6877aed1b63e92e645cef8a34650e4eb1568e80a7b329e
blogs,8668b993253ebcdbf7bbbdb47385668d0269c0cd218b81dfd381d868d9b9f049
blogs,090a48e51485bd9e6f572d8c869f45be3371926791cddce8813769778df96d2e
blogs,cec87b123ad8813984192b0e9fe22af8b751489aba53eff810dd7787dba3a2ec
blogs,a6deaec758187c6f24165255ea4a1ec44c9d3928ebc271caa4a78235f8f5c1bd
blogs,3c987f61dfbfcf276aed1a9e37d7c3f3c54939b9b012b8c78fbbde28f1826328
blogs,f02f2dd4203f95403d93f61cccce0d34ce9cd5dcfac4a3c7844faefd065b80b3
blogs,fd21c86b0e083a8406d2bdb761fd3e1673977dfed282c94973c51ae7665624b5
blogs,fd26d3a19e46bafa97a0a25dd17917a5825b0272b1f191c98ac0a38921ad8d2d
blogs,703beb71e9c3e5604de03a5cbc2787fe7c48a1ff4430f048d837bbd153749a7d
blogs,d43c863018edb254da7c31e76557274e2130cffdc63490d8c220ae29e7d81205
blogs,c76073b8cfaae5eaa0e831c3a886320d1533d8851ad6325446af1fecc9cf4e09
blogs,cded7186375d58cc0c1f8f9e207ee89ed1609004eb4ec9e398003133049c3d88
blogs,c20c2e8cf3061d15b0574aa123c9bd2cb83d79bb5479d86aa1cf1b92c11aa3b0
blogs,e9b33a49a3249e800ac1d01eb1232f80dc1977d30b853f2af81181bc2cc715bd
blogs,7c55c780052c3a16ad7e0d54e2ff02295bf2d5031c6000db04789d5509ed941e
blogs,b0277aa303b0df43483f41039f079cda2363e3b79c4c4e990bfddca595c528e4
blogs,7cbfd934333a33de874462f540ebbbd8a0ff584310c72eccfed6f04d1f2ad2c6
blogs,31da2d4649e929bc26fab5b7b03bcae111cb03345016b60f04addd54f1800cb0
blogs,39d1854143a38514fafc55ec77d383c84be9258eb6155c5f17af931144cfbfa2
blogs,a2e1d19e0353823ab20b022a1a5f3893f174e5f4b427b071780aa949de089b25
blogs,945784792cfb263a14378423a27df55023c43d2c9e55a0f9e0862e191355a03a
blogs,8136e7de8a1cd4da2f16f21516b3908e6df6c9fde83139a3682f78bd054660c1
blogs,c0f8d186be68a0d6bfd5b3c39642afc98263bca93871af5708662a5587b8c4fe
blogs,0e171accc6409cde2950c5a3493d843d166df7f914683f8aac512ff22555ff50
blogs,9f42cc5e1941409388d502a5b70620ca82f7dbd60469d7d23679ab9dc67a7b49
blogs,2f5a345010b32224a325b19ae9bdfce10da711d301f8f6dc72add3ed0c2a711f
blogs,167d5d7e64a9656b269ef55a9118213bd6cd9e5460f72817a98b81ea520be5a6
blogs,92c9a769647d8ef432512a4f246baae0cb720363c55564f5e1062e1761f22974
blogs,1dec04c4efa55ec4efdffd1d8758b00154ba2ddbfce9d540a2d5084f9f99ae15
blogs,34039b008b781f4041a50be0b4b2944c2ed8741b841f5e78029b93c95bc74bb3
blogs,9dc26091f330518ffe93bfc0a6307b47f3b962f5e3369fcf8ad982612083aff3
blogs,73310be4630eb2522f27a4994824c9baee1d0138d8fac4cc715a3c286a352c24
blogs,c4503d78537330cc4bacd9d98ffe2df8fe631c6f1b284858009cd5edb4416062
blogs,602c2a71b3c11cfdfe6f631a99cf15dab88598e4f607fe8e28d744c4b1fea58f
blogs,ffafa7a3e5284105e38d699a705f9d97272c25a2985898438494f80338161709
blogs,44891b7e542ae285b739cd41c0e070d2b3cbcaf5ae39b4b3df93d1b8fee1a6de
blogs,75529a9c4977c096fc334a271f6587cf1c45a4035f66f37f032d2438866ebc3f
blogs,c9e03545077ef3e06f5a643a7891516b88085f0d4442bdd08f86edabfa3f8848
blogs,f895062c9169a206691dc4f95c6b1016d732c96d42c4de04103084971b39f28b
blogs,fa770a4ba3eb2147f68982e3cf9119fa177a27361eab60a038d6c3f642a3b330
blogs,f6e7e87fc8d55f299646231eebacc4f5d2c0b335a9587117a7e340c825c90c8f
blogs,d53a76eac38a3b8dcfca53ccda7464372b21e5c395bc32086b001e4fc24fbe91
blogs,b562645c79cd300fe0d697d1c8907b2985082086b14f459e60e6f848f90e57cf
blogs,a161034e5f5822d8c2f0f4f42e7ef3f4572f5d8d53178ba4591ca564ee2dcda6
blogs,bbb3a902a922ec30a2f92b2c98ca0729b25d4139d1b68b7bc994f93b9288cdf7
blogs,7fb039a88292412be461272063864c2c34f1c38c347c738fe31ddb0ec26ea568
blogs,49c27025b5a6e19932651b007cd817ac9526f80203c8a49edb5b9082e2249039
blogs,7ba94ea59dc6d6fd1ffddb48d8e15caf820fc7a056ad20749d7cf4f525f1cd44
blogs,ff1cd40e3bad9757f3d5b7908927272fb4c6a1114fbbad50b15a799b2f786d49
blogs,eac4388d4c03a5ac70a157dfb165ee646a71e973fbcf444adb653ea57d9cb2e5
blogs,f1bffbc12bc40450c903a2579d69898ffa690728ddb8c41eda7ce3110ae4c361
blogs,fbd9d943f97e085686b1c77bc3ba3bdc21a7b0aa02a5b7769c23a090b2a0983c
blogs,afa47c25546cd45d89ff760c40e60be5aff90e0a9cb6498fe5f4957398083d1b
blogs,7095b35c7be13c3c4bbbf3ed53da7a7df64849f34209c6ca57474d7f1811ba8c
blogs,7c344dee5a2b9fb8678e58f696d2d64e66d54c1bc5e135a08a87082a6e2a9d9c
blogs,88c181a5392817064e0e94ab8cceaaee4df0fb6218d3031d80cabe4c05d1eb1f
blogs,9128c046f247d6211596a32a94d0bc07eaf27ca1a95eb2316b32bab68abfe714
blogs,79ec99e994fe812ad6601e78c7ee8fe64eb247116d9073e0ec5a4dc4728764db
blogs,c9a86c1df162651cc772d958ab2d826a42288aea7fdaa2ae3374098d164b277a
blogs,fbad52ada037e3a280f1ed92a09d0f5115d4c5dc9e3aa51f809c5b2ab19cacbf
blogs,6cea8be1d65d16eb65aa16b8d999504fd0a7f6c819fb92a95608f67033e99b5d
news,4508020fb64f8c8897061503a369530ec7403ddabbfd5390d9b3ca99afa3f800
news,0727e483e788fb7f54bca6ca7bfa022304a4590f53e43b37523e262fae8f243c
news,760df75efb499bc692e882fedd1316f1342cb1e2e2fa656fed5432da1b721bc1
news,cb2c08850b0784a32660a9dac36d787567f01be3a901e2bbe20dc41231f7d598
news,e1aa49801cebb8b5c746b0308e82995212df3ece7643efcd02ae7bd456710a94
news,f3a57f8726eac17d6ab78c473e4f81433257933c6eb3e7d9220adfee17ed2fe0
news,35c44c57a0ab5a04953f16134f9052f9eb2ddd50a2991c89a81bb627882a33ac
news,801946891bf092ece85ff439f042ebcab5f882b04c17c704e2ad791c7215bac1
news,4361b63f7d2d51a43f292a1385772234668808169a5daedbd7cdee8a296aaa54
news,e5426f653828f6a308b54642c794c5162ab5fbff22c7d497a4d438d3dbe85df9
news,f36b8a4745dcb2028eddcf563c46a96972f5e5043ffb2db7d4b3c187634a4a13
news,5b578a19930b9b499f4c7683dbd1978bfed70d3db338e937efb52b7faa1f366e
news,4190ea0f47409e7a0c777997b8762a01b65b8b9f5e38b9600b918437642cb092
news,c72967d9664ad3be79867f78ece8b59da5671f64233851f90f8a6d7573e861ce
news,d070e5aa694e8467e85a9f38b48c7abb9ff0b75d2d1c8b22a17146ae7790bf43
news,d8a262e3b366af0f3544defa4176440e01a52ddf5118e9ee0064ba3ce7f36784
news,b8ec7d863688cd5ce433144a0c5d18da812e5f38a627052753b28ac389c989e4
news,ff88587dc1e980fb09d9eae75327a0dec46ece752e91c0f323abc6b51b7ded17
news,493abd8330a9d985a0359b74558136c201b20dba1e18d567f866a885ba587135
news,3f1c46e7df3b88a8842cc1a1dee18fa9809e7334373b70c5651fcd7d6589b3a4
news,e3026ef5766970731f976901982ebb66306155cd7480767a1cf7868b6b89cee2
news,84a2dda5c51fc49893fd7ba0e39c9b3b7c3c9d6cd6aa06bd72d723530ec1cc38
news,fac392dcf08f9a5a92c6c865c59d25fd8350fcaf6f72bd6a434d6d6d812c323f
news,adfc2c04281844f6b399a41cdddfc7a9bc5e1fae97ed678ac09964d851773fd3
news,f8591b64ce71a04d5359f36d7dc8c1f5e2e49bff831336a7e3bb370c4c181d3f
news,73ef4eee70381616d2fa761ba7a75408b3223132033de5f46b1bd42c900ea54b
news,fc54266070553011dc5c34ec39cd9f11d854bcbc773b7371397af8af010f7da1
news,625c9a163c150b76318fbb83c0bf4372ef419326f4d6c396870ad2b80160bd1f
news,b72ecb4ec9b47e27de338c2705911fbbae8281b387358d80246fdef1ac3b8fbe
news,e78cc30fce513339227af3e4a60118ffc4070205cd6053bfb86b13f32204bf6c
news,b77ff8b514b30c8664a19a8ecddef27ecae35dc8b43d8dbe115fe0667b42ec2b
news,01e46d720b98a80627e1f35600fd60d70a686b9e4431ae67e72f6d10b4f725a7
news,a13dac2e15ec99b60674bff681e778cb8f8c194bd5f9c57dc240aae70b7d8c42
news,8467770a65efdfbca6ac0ff7a554d9cefc3caaa2e90329aa3579de10dee20690
news,9aacae4d1e421d27f77f0863ebd94a6dafcf4a5d6b50c1bdc24a12522226b1ea
news,1f86f9eb92be08961903a2f0f9325bcdc3d0b371e093cf6c3c60f9731130fede
news,9013186ccd18680e4ffdc5a89712e698ffd576526136b9aca5159d7d4b7525da
news,303233a9214a993b77e84b8f8bf64f3e5f1d2c2d4dd927c9e16cec3ccbf3a94c
news,2227e713b7f2ff0490945727ae3143c2d6de60ddd4c21aa5a7db5542f854567c
news,30684f64efd5d45de873ad5b3ee4cb30bdb4575e6a14aa3b584770b0d4b74a15
news,1ac39fdb92f192109da65b976aac3888a7e46accc4d01b524e4e677d80cf84c9
news,2c3f855f343113b4026eeb0fa287c2f5175a67ce05990fdbf0a534fe8db43746
news,a9769e72319c53940785160333010cb112c83f548e9d47ea8199e485ba1aee84
news,7a7209bad4709790c452815ff644db0183c64b5d62efe0ba09889ac110a989e9
news,ae98983342ece1d087615868e1bc9cbe9d75f0b2c4ee60f4eda1957e7d252a29
news,9f8982e720f9cd2c9c825dba2977ac20a5c0fb3b2362fa9eced3861ff7d0f897
news,b279decc2fd144e19bbd295f88a63838fe90f652db572eb82ed471e200ee56dd
news,0ffbc8da61a9dfd9ce18ef7dd12d41ab99089635c4b84a776fc57f26f5f00754
news,351b8177b109686cdd52933d59f0e517251537dd6a667a91668cef5e158a0017
news,1bb5e08db4838f1e0d446b35f24a062523e6a1bea73ce4c2ffe1aa4b5b2fbe0d
news,24acc7c1c3e9bda9258d638b8e47ef544b8ff01960406de522b23c17e196ac13
news,160cec0e9fce1e23911bbdd606ceb562249524bc4cdd9d4f22d9c20fbad3b0e5
news,eec76a9dcc65bf640f6fcfb507f2f2b630556440972736e63eced2c3fa530480
news,ecbae996cc52c7ea46f1b04bc5bbc7b00faa0afc226a318216a631d326283518
news,df2201df5eb8978c199a0596dd0b19bfaafc600d79e6eee24bcef9f688837907
news,fd1d178e7338014f67f6b4e9f17495dddce5f1b172db7e4410927314f4d44807
news,eff312f04ea9d5be0bddae0e43016c917b4cd7482f9e3a20efdeb9155a2846cb
news,80055f6445316bd3c727302a9691ee7ccc96ae4ff65d5365781b471478e7769e
news,0a0c6dbfcb842dd2cb60c796ecc8543b6270cd4976f38535e033c72dcb1944da
news,51e2fbfe26f8e5d442ccd8a7e90482194425c82fa5631173efeec9d110432dbf
news,f2531f4cac3da72dff8e3cabda55152ed09ec03a83d13c580cd1c8dcc977495e
news,9b607262664a2161fbf44d50c5301848da99b2cd3bc42a075d77a8e78cc02226
news,92a7e380c9cc82d9336978b156a3f73cb0d6380d459124ccec7e6581970e8429
news,1b92d5585996b9586f5fc3a9e5a35f38026aef4add93075357afab5594f34842
news,67e69e39568a72f05a45a7be8b9db58b0c1bfa270a7f302c1bc6951842fb53d5
news,4ab7f387bfe987383bf51dc55e8f271167740768ad1608e6950dfd729aafb1bd
news,dc52282969a03103f7c33eb5570952a055f2a2e4ff9bc98546f0eab3a2a81cde
news,fb1c8d09dfdd19dff03b4db5775c8650bb2f1c8250da6ef26c6e7ef8571cab51
news,3554b328114d23218df7c2708f6d877653dcd976b5ee942e7b3c11065f305e63
news,c8ad198566312aab87deffbdffaae1e4a3183195915bb67fcc02507abc072643
news,1cff4ecd2799817055db64311c384e8c168a05724cb42559fab711162b036003
news,4ca33d84889a12153b22477ebc5dbe97ef055d2e6c78cc7da8d874cd035eef4c
news,06178ad711cd28aa71a5405ee5073ebd28f1fcc36a82e8f9d563f85b5ee29d2e
news,140e174a4fe401f293c1c6b13bebe43852ff711385c0decc3938aa6d720fd564
news,cedb75e6e4985fc63fe7e1878ba2ecfc163d3e2326e63b6f2b868a672c2fca59
news,6787e7134c8c48489c0c9d1f280011ee5debd2f01900639eaa04ca8e1ecf2e7c
news,48e441e43de5fe07a341e2b4b3fdb55b5710247fa2608bd379add1359602f727
news,25dfc82294aac27c6343897fa122736a852c76b7788ba2a60ec7809c3fdf1ed3
news,40e7bbc99f5936fe4bf1b4037ea575f07216fb0eb7b1dddbcf5895f4c6967d2f
news,8fbc83b78420b32c6e59290a804c69b8493796d7af3d8818ae5b895b335bcba5
news,3520fa947c67c4138e6bf07203e4d6245e058e5fdf7fa8d01db4f9ab4371bc2d
news,dd5049f675d3bc9013b70ffafe5948b6bdd28f214a8337bd193b1336be076e7d
news,2d3639247a67a7c7f55d9a6afd4597d61a925a46d6f53eda38c113d6010148a0
news,4b3a2970ffae740fd126d1c22868ad33e0b369549622a628c1cfbbaf57ca18f6
news,1507098bbadb31ec981dc64260830294520339a3901c3eb8ea41f13d3883db92
news,aa5925715d4fa5d0b07e078751be4fbd9eb8edb73c59072582387d3d0f3efa84
news,79d65b752c7a87e97beed9cbdab288bbad87f19c05ba95920fb70bf56e4618e3
news,180804637962e4105bf9ace5e6ab97b03daa72f3e23ce629b352d8daf1d65db1
news,ff88a5918f29097dc9ac31bb0a7b40ea1fd58fea9184818cb6f960d3a408a822
news,936c518ba7e0c324d8239e19b4934e20f23aac2b9573757f4aa54a3a23e0ac46
news,e9174bfd67a29d1bbb65780eff630d8ff48b1ae7f42efcf9552848766f3439b3
news,8745ac65d9182e642f32cb987f834211ff6b4930412e99a83fc00a91e6c22f76
news,c5bac577a55207863930470ccaa31f11c7fb5bfd28046cce7362c7edb57cabd0
news,8e56c832da08f58703512d32b73c18bdb101a2022eddc86a84af348c5d36d8d0
news,826dd8cb28ac21ebf7922ecb942ae577eaeef72e670033e45d7ffac440de88cf
news,f13ea5f6829a71b09e8153e53fd8364d8fc4000093054bde314af6e64b3b5579
news,dcf34d0d709719e018bd485627ffe51661cea2e6dfcc131a9c491310b2f1c96a
news,12284e197474a7a73642605baef4053720118b91d3af3c4d409444364ccfaa25
news,6a56b2d085cd0737c9f371a78cabb54da77fe5678d7c1291e87311ed3f4494b6
news,fe125e50ac9dae819d27a4a8c416c2b669f23ab14e61eac212902f6bb3eff7ec
news,53d8114da64980138a310a13c1f37df250cb1363a527014c920af6bedf5dbcae
news,892607b0600d1293fcb8f4b51f3307c97592fe7ec609e4e57d00a2ecc165981f
news,d432f2fc85847b8abe3da58ba90cf152c94a27c10cd6cb32780126fcb42bf445
news,80125bf7dbec742422a448f68ee84f467114cc18c61b709ae9d946fbfbcde7fe
news,a51fe05473c98bf790223f2422ca3fce78c25d1989436b173267d22be250dc2b
news,ccf7449347ad26c9abb1caa67803d420c01c293b47ecddf0ccc70a17af0e0075
news,0322322dfbaf1e524880767eed63bcae131c25fc8b8bfb550433dde05a33e753
news,45043644a7d361528eebeada9dcaf2f0386448e8d4743787a6fc944f07c522dc
news,f557d5b1a0a0697fb21909a6ef2f83248054c2725f04cca0d10d9feb3bfa7edd
news,c09d83bb2577ccc7098f1425d5819e0d5cdda34bfd54f1b18853a7b3f7325e52
news,5dcd78d6019ea5e3a91a2813a1df6d49705aea26a26e7394651c0f6468271058
news,0bfc91be8421bb12f8539f97252a6ca1105dd03218c1ea79c77c3ee6c0b322a8
news,44dc01f63a66425fd206121d46710766c774890ab481ec0c03a95e11160b01a9
news,aae4539f51e455747fbb28bb063301f833114c8b5742fc9aed7f1d685b08c03f
news,9f07d058c4ec72ebdd97bb4a529c63b60e7c9033667e89ee04e3dc03c6b94d5d
news,81c7ebd035678ee11ef378654b9b39b3d80ca1ffacfc3a27aa51f299df1664ab
news,bb88cc160d19a1f84f7025b54a600d659b8caedf3bc81c6504603cfdc822a723
news,0ab0a0a958a098df07e8ebf584025b3b7989b78ad67e53db88b0efcdd75ad42b
news,481f8674ec41ac6dc3c5c33c0dde739932525798b1581a446f796506f164637e
news,54f32b86756b6c9085adcaa825b57f10687bdc79622bf5d8b18fe28e256c8777
news,4a168de8ddf141b8781c70f6ae84ba62b5f025a5ef873ac4996d3302dfcfe8b5
news,392f97e6e84f930ff6fb5234dc9da02539a1c3536e503c38dcbdbb619c097dd2
news,33d176b4c751fd6d8a6aefc35c63ad6575475888f0573b1d1b7f4702ee9b7ab5
news,c21227cb2bc685b63e4bbb6b0132e7cb65a19cd0e89706d7948455d53546a969
news,87799e0f03555631e9c3d1773445b672ba3142527fb6cedaacf7d3eedd838047
news,abe11a69ecb6aea4bde09a8827804f875857ecf40a3cc3eb209b93087a5d5cc0
news,91bf65a0df67a7f47fb9458568f51365b035cc7122fd7c8d0524134fc46951c4
news,8b296bb23c656883a8585263b49ba39dfe0d106f73c2bc78e272804ccd6a8833
news,eaa15794ee27c11c0b227ae7a8b753e6eff0ae8138bdef2d052d3ed91073ea0e
news,3c3c91dfd5d6550fa89a9aaf1928f4b3959ba7557185e51b8da4808c9a002205
news,2f8d1a26494c2d335d8be41e3a039bdbe8f4a92bf3ce2103b9e670e4da8b417e
news,ddac584ef97e5a754bb63b6ea1fca6a6826bded55e9cc1b8a70fd91432382a29
news,274e9fd7f72565d5c7a06c7583bd1caaa222f24a5be399316c0ec090c69729f9
news,d04dcd451f30b96e5dffdfe84a3f3ce49e4cc884ccb63260f00babd2767a5209
news,c2f249ed992938a63a62ab34d39c60eb010f725c0edd9f90cb7d341464c69e16
news,cd987658853be535d9f983bb34b112ac77be99f021cfbe846577a16b5f666ac2
news,dbcbc02928c85a802543d6bdf097911edf5d2140433b509e69dc53c971ea6fa5
news,5a7eccffc6fc2ed491c5c4706a47c9587b91373c3ff388cf31c93ed70e14c33b
news,41bcd3ef1cad2ee1a64beb48a79f70f7ccc61d831170fdbeb5a1b0d13aa7df16
news,14cee34ff61f340bd21f4e14fedd9195afc08d42cfa1805c6484af065ccba007
news,f357c2c7c78a1a0f1d1f5885aa1351980d03baee9cf2b55339802f13c69e8919
news,3083eabc41912b9861f7ece7c8b9f16a9f727788c04ef552645f06b553f78a13
news,1b2b603d65333913fc3f7387ae8a4b6803b9a86e057a90bdf6940d7711e2f5e4
news,cf37b05f15db460a82f818e7ce2e00291a078bb0d371adfe46c1918ec1a14b9b
news,d237ca72012a4613539dda54fc16beb358081cb00824f285a0a92a4f4ab30f96
news,e1dcfe9f171fa8a6d755bd9d0c052d1697944b157756693e0c43b9b129776284
news,44f005e1cf754253f8262dc7245170c919cf697ed7967eb3a4ab05e6c917a674
news,0afe38a5e6d21a2fc9fef1acaa6ed0b881a3c60d9742051caa529f1f180f389d
news,8df601ea82419707dab1f940139df36c0e5e5d505b81d7885e63dcc7bd65492b
news,60ae4c3d58540fe463608d7740710b54dbe083507729d6af8f72e8394ef46be3
news,8ab11ce480a83044223723d53af855686f04a6d6d71270a737d242800ac69828
news,2e0f75226b951de556e042a278be7272e6cce99d4de5ee311b4d83c412231c95
news,589305cab1a73c49319cd6fe22409b65a2f4b30795244aa3e39a121da52ebe90
news,b010a7d689201a477a002ed95aca3e54c64ec70cc55b4cb2d97e43f17d93ec79
news,72899341b1d1c1c9fa8a9f6357d6c89d3cede42e05df5e2d58a56a4d5a8ee340
news,69388c6cb3cf44335c5837204ad50c1c8c472bcd33d8fc7c8e1921b85f6e405e
news,ec4a027dc4ec15ac940cedb5cd8d58ee5b4c573e36186f0cff5a4893690cb992
news,ac95f53e4d854c0df16c492da9d0fda00b368b2b2c46e6359686da95600e5757
news,f4ab0101018dbc9b69beaf78698c284cc35ce6a71b2b78e2ab8022ef3c09987e
news,ce241fe7affc18b11f2c51ef42e84418d8af2d7cc1de5af281b57bea753f7bf7
news,89eca470d142deecba8c8d2d417e77ce09023c287f1bae7f638f892e2ea7df7f
news,49f7ad0de9300c19317538dc7bb1e5c39b70aa70d2b30d392c0ca606785230f5
news,38597f89de42fb8329849d2712a5d9a5c1f66da81df27ecf75449c323f6e06c5
news,58211b37ab20b8a3c4415b4987d4640bd11fe9cfeef658fb859417da6424eb6a
news,989ebd7e38f70f246e4a1f81bbbf213b9a4eab3b0334152ae67b419aebd62f1f
news,2938a613b93d341df04f30a3c6f65473243606fff5478475f6b84073eb06c995
news,41cc23292647b29aceadbf3b941ee16cbd85171f861116223590e25009a7460c
news,2c23b091edf30d7c46c50d614bc0de8638db1537e9cd55ab0613a594d06fe8fe
news,2bbee10fe713a1bfadfca0e5a821dc8264ee0db56ac071411534e3bc14fb2f3a
news,0fa9b99baefbe68bf647a8f693783bd37b2b8b0304a8ca1cf9b6105b97b76939
news,3dc8ebbb6e68061d7377d6d77a584b415ea86a14869d803dcf18ab41c48295e6
news,1444fd8350c8a2d0a22f093e30120ef8978be235577ec7c2811541d53202b58b
news,12dc700b169cda603993ab967daaec5e7e505e3055fa51045adb2f0c57ddfe25
news,82de3e9a70dbe8d0814075ed26c15bf8da136989e1ce9650d429ea21f5cc4f3d
news,f8e1597ae0a3225adf9d63721f343de071ed845af4801e7e8bb4441494efdd02
news,95baf705348dcfb17c8189c1e572ffe443bde2c2f4f4e50c8dc17785a8ddba82
news,2bf6c79fecc039354514387e57fce0e6345fda89355b4c3984f5cad722c83e55
news,932476422457b37a3d9b0ac6bdfd355fbeeebee71813bac3367317e605cfab78
news,ca6e5278db76bb6df8397580e084a43e2024e99cdf75d7eb6a963bb8afdc90fd
news,17fdad7434d631e19c09fe61384923d0a887603ec64c29ba0240ba3a7ec3a92c
news,4f03c4b771ced7acaaeb13032853ed24d9913e27238598becd6570a3f398a6a1
news,3d4259cca5afc0d11f82db2571ff0d79936e4a7128f66a325029e20094a75b93
news,1ac8474aa20848563ef97379568c0ae9dad333bcc5bbf34c0e2811fdbea5b208
news,1a79c2cca470cd2e6e11ffc9e3ca437fae0a2198c25628c5c04070171b6f074a
news,8cf6a3458a674695f09ed6fcd3496e846aa0145bf51fc50ba45841a069e686e2
news,9342948b6a72ab09f8d295dd985174f17c7f1984e245874abdb58fd1973519f2
news,8b73a66b067c13f290f7d8f2e47aef2321afabb284d6df94a7af55ff872ab8b8
news,2c883b78f1902cd17ee96eba30ba5bd579b094426bb8a43dd80f1476eb73ec8e
news,e5bc86dbe0e0614f7b04b07ccf781e29085faad3515c1fb949d29adec6fa1325
news,610a61152d19ad43b976283f3e19dac96910bb0b6dcbbbf3e555c55561436b25
news,190ca11c8473246a721776d152a4c416c9e814a191a020504fd4c8cbd15177c6
news,f6852dd4af8894e562056a6093ac02b9044c4ed551ad91c5f542ba8f5fa34b3f
news,e23cc5b9611c8f5c12ca957b5bbc7e6b87007500aabbebd7b46245bed57dd9b1
news,4b0eb3fa24c0745552f688be94206874ac3e8d99ad47f070e64248d111095b9d
news,783c4b7ba8775462a4329d6da3929e7f0595b37bbf8630311342ced8ca0fd387
news,0a122f1a8f77e63cc1a21fb029d5ef15a0e1a0541efd6b0ac625e1496aef2b70
news,6f805ac06a1219ed3b1a211904b94563a0726c68924817e6fe9d76d5804533ed
news,120167fb48f536558f89398a477706282cbf6ac92d833281b2f815d95e6c2824
news,49c9e5cf05e269dcd4b8200335c5d1a5aa515e40b49b9e264a3744671bdfe36c
news,ce8c0fae27fa77b615fcc6ba9176b51aac6ae38392a0130832ff81152b7c9006
news,81ac5bc5d5a3b3bd9f356c45fe8a91519dfe32a9a8aaf85025c8ea5caf368061
news,d8785fd3f4fa42ef76701bbd7563eae7c1f5925a00047006d66e1b779608e48b
news,3472348f0fef5c407252db95963b0220472aa278302c391c24a30392f78d25d2
news,7d890ebec204da53abb02d3932c1e2231d41510189f9995e1fcf976564f5f2f3
news,3a177e697ce648fe2ca89d31f13fe33f219e994202897ec33d6b1877cfbbe352
news,a421393397756fa86af24dc72ac1893b373f5641143c75bc13c6fa8a90745d95
news,83bcdda15af44b4c5b98aeb0a1beeb185ba5434fe1c2038059a0d7075fc7b055
news,bb9fee5144606388b7c429699e820753d85adc6b522bece8b255c0366a01749c
news,be91a594bf1c45fd18e777cf8bac95f504153015db41601bfd9eff97a398e010
news,ac07f197553aa65a9cd30a865fc94c7ccbf4c228bcd6c696243f068922f87ea6
news,2b4d62d7d65675a9583e9c0d7ddb7847ed0c2e9bd5eff649fcdcc88815bf6f58
news,1fd8195692c17f4490f0aefd19329ffa9fe88d1a7da665fd0944462d42a2bbfe
news,625c9a6c1c7c039fe47f3165d3f1f6291f591977a8f43f373befca556a1c3924
news,4dd5b4b8f9456eef03d9f3daac835f1a6f12cdf42a20d37c2b31c16b98e5f51d
news,c9d2c93cba82ffa615cbcf6260a99597880120892042a7fffd2996332322d240
news,b1b0e5b94e954ca33e0cda42416c058ca8bbc3507f9191ee432abd977b10536a
news,b8c9a51a39e4d0962f7e6fa69fc4abc75fdd68c064c96da0745fa5271d163ca9
news,09bd47354c35999d44b53071ca2dbafa10ac8f52ca6ec96e42921c4afd4b3c61
news,ffb308004c6e27b21ecf2d3f2ca6658820fa8c6a122388ed404ebe3938648082
news,4743c631ce3a312d0ac7ddd9909a77545f8f6bdf7eb0b5bd2355ca8132cfa592
news,9c91492780e52577406531afdf164ae55e3a9062014d119f67427032a5ae0684
news,acddc1dcc56c203cce1ff7b3dc76fb2546a713d31b54823b0f51314331b44739
news,932e5849b0c4dfecab9cfcd73ce4dcb16b7d1e71778b762eba653df29d99f73f
news,03c32e3bcd37aba2d82b2cd6209af5d3250336499152965e2bb1dcc02befc21c
news,e8a84764c1c505e0600fb406b1b79771af8d6236f6f14eccfc3a9df4e245f1bb
news,7f30a8a1f962832fec303b7bd68ea0d1c4f712a43b6ddf41428f4b7abeb61d2c
news,60ea99beb25437508c0ecc187d524cd1b55833ac8140fabbd1c9e23acf407df7
news,9c43829ec4976202f66c4c678f009358bbfb35a1e228d29553ad7de40c735148
news,4c91d82bd401badb17a949b1559c35322466ad56d813fa3a756e1e4c57c7f5ab
news,784c71b5bd30696dc8d389849f5d386a85f700242580c7f8bc82de73ea20eda8
news,7f56285618429751fcd583359b7c0327af1b13d10044c01768bf757da7efc338
news,361461d27dd1d8687dc86e003f4dbd2e5a6a50b7147dd1902a3bc0529bea83ab
news,388ca6738d96b46ba02d82349ff49bff66d43c8d6cd6ac77e825e1f72bf4810b
news,948d1c2c3b9bc5201ad5e898d27a98d021d644ef149629c56a47f5c851530556
news,eb1d3bd99ade3ed61648db3fcaf7d143b5f61aeb86baed00af666d9d17ebb113
news,8425cba4699f07c6fc3ad716004bcb8cdd0c4e6464a13ce51a89381a50a04348
news,7028ccdd4979a92c019e23d55791d4a1561db43b9f4e463a6209c3a045bf3849
news,444fd0f79ed4f876a2d2eca42de4cca08b9d866bab174496931d39a7abf840cf
news,4db3d6e1fcd70346c07744b5d7131d5178201f26c3d795b7cb5c4354d41301d5
news,5ac437ba12d5b82f84b57e9c5d01af3e609db465d233cfa4d9121ed05766d73b
news,8f6f4a786142893c77eb144ed3bf20f0923dda12d01034896c8c158441cb2764
news,00c9f5c920394423aeb59047d668a874f33e27988490c9311d0c25f8123af0ba
news,aca2b8a4692931e4d1d7fa04a005b60e1229162965af4d2893a13a805dd99757
news,de97c8c36f962941aac2e919c9645448d7b2f2383bf7433640acef15d3cd5f1a
news,f21b5622fdf5e867281faa850946529db4a9982b698f451f941c259122fdbfd2
news,26bc0343585bbf94cd5eb282e6d9151cae2607e00605a887d40aac5155c8c113
news,10c2071117f233dd2372e17dba6cc03f6bae9e449adc13dbddc5a63ce13322c6
news,b002f1a4dd90c4916d7531bf7b4b0aa8d3441c0c8aae224ff949762733c6b7d7
news,145c6c027b6736dda98f4e0ca28a446bbd6bf177e6b92fda24447b9776851cfa
news,7ca038dd3a5b8ed9e9753449e8bd14e88b67983171b64857fdbb86ae7cb079a7
news,ac399e8a55300b7ca8e30e47aaafef7eb0d073f2ce61167f702fcf3882f90b73
news,ef701623c6478ce0202308aa1b77cdef786f6293fbcbc7fd30f51d489f8caa87
news,74ba5165518ae2a06c2cc39ee339235010f09a588a5be7bd788c831a64572d5c
news,8b513bee0e4ee05e9022f895de75480b3cb4179856dbfee8f94f14d5156db6da
news,2b2724d75fbc0ab431d8a8fecb913db3383caf0a45d640f8bcf0f5acbcc21588
news,07dd072354837ad1f77e5e94c3a83a11f9e34a32acdb429670a948513bab310a
news,08163ada826baff1979ea9b5e1e2b07cdd55ad79878640097ffd86c4588cc82f
news,2e2f64e716da42398691e0fd236a5dc2f84d7b781f6df15632d0d54f0640569e
news,9f1fcd73dcc27e7bfc095414dc2dd14b797710a0c0d8de66ee30bc0e4a6f83e8
news,6e3ba06a6d2a077f5fa465ed5e3af185fda70b7aa075060ebc33f8f6bb1e8bcc
news,834ce64f607e3abd32a606c7c73a157e56df0ad6562b675d06634b6c5e16ed1d
news,c0e931701da4c41f67edd4f875d2c5f8afc541f04a0e56ed1463f3223bf34bb6
news,19489be550413b2848854b515691833f2a91ee1f3dd82ccba373f1c5bdaebcbd
news,4938c768bee4288220d55a5c996909ba068965300581c67548d281872396b5de
news,1b872912450f8d823a5df7523705bc045d4428835e9c3f36612f30ae2fa0ed85
news,f6501eb4826b8975ba540b12afd9dc9d994cf14a0cc1cdeb794e40916154d3f6
news,aeaf84e43f648c20b730fc66dc4f9764284cd21eebe4c1263bb01340a367b8e1
news,6e608dfa048f056a1138ef31dca6dfd8036b6de1c80062b23976a8cd11cd1648
news,2e1bab21e4455771fff5c6a665520ffc39125b4c624caff87b7d7bc6226c3390
news,c3d8ffda12920a84e27c9e120d42d19735376da8134bcebb5639074130bdeccc
news,1381ad6642b33c460f3684f0a6bb60403e62e49166dd3e26ad4a188200c0d414
news,0d0899b6207999293f0666eafa5c64f334cd2c114aa58596055103873b705ad5
news,78391081b7f154f5a9b0cd38a4919408fa5f3ed321153cfd38ab9fa66b6919ac
news,3f47d5f15325ab074cd436a14dfdb9a1d314634d915410fab6297715b373d965
news,3004670e63d66c5f94d38522595e32b61286e5bd3fab5ddc05ca49238864b185
news,9c139ac867315898b936005d1ecfc8d7baffe0787acca8e8ae0e69ea7d17c741
news,54d7f5f9144e3d026d8300614a32a050edad2d856fd706ffc20454d53c782e3d
news,8c257c909feaa11ef8140a11abd4fc7413ceff89535bb6ca769b6b054363b63b
news,bde59e749b8451e48245f973ca620edea4f40e1434fdf7103baba6054d0e5878
news,489be8d017fa9794b8a83434ceb3545adc9a0f23996e03c3dc2f9701b9457e68
news,fad8005006724ae06c3c52059f2973285ce0f1e466a4095ae8f578cdfdf40830
news,82eec2562603da1d03179d951b9745fa3b19faee2ca1287ea59feba8ca8f4c99
news,982eea176f20148bf4d5eaf5f1703411eb4f2a4e6e684426eca58891c54e0302
news,91870a07f8d2f4168ebd9136f30420fa7428c35303c865409ab4366fc4beca89
news,a34d12d41b86e39ffd9855198af88bb6614b54a49c021f13ca5e7716776735f0
news,0c04d36e15f9adda662e61ff8f600461d8a4944c5012c642088540ae07159064
news,7b3057e32af0806e1d9976f74e29b3ae99924895a8f56c918961d939e4f7fc68
news,9202a3739a049101b2bbf6f814731fe4b119a3c9716eafbb9e4da04275de7277
news,8970926bf75ad93443170264c3bf6d7e1d036cc795a037970cf54547877ac033
news,020084aed10fb83c742c792f3fdc0cb8e070f0e7c11841b133b9531efc2ab8b1
news,205d23ea387c6af552855950bb161dd5c13ff9eb5b5cf89518ea0037cd18cbca
news,3529b2b07767ae9ace64ea18d942d7724e0b29d1f2e68c6981192e2dafc2ae8c
news,8386018f427286467a1633864d0ef071e7b360b5ec1d205dabf8c4a9221274e8
news,03e8496bebd2adb1a70eefad83326bccc26ea175d16d8e2d61188b79361272aa
news,418debe03a0340cc61c72086a474ea98fd6c23f091a9271ac6b9eec2c81be57c
news,8d1380e24aeeeef114a1b301a6d3416b6948797ec9d3e1c2f74f23fd6058da67
news,a2c1c83b560b300f7622fcc2a8ee485dff87bd254016f5fdd755ad72f07ead44
news,148146d837d24ed1d5e11e0e6d4df44a06b07145826dfca2a2fb32d5266f79ca
news,0ae8bbc37ae8b4b3c290d543f714f8d0dc2a2c2eb35f30af1f1cb0b7b95a0b1e
news,6d6d9a4ed8e36776791e254720cadc9793612a633952d7d4a2aa7f7a2ccb570c
twitter,6e44887c79f0acee670078db8bb5f6a2037857333a89b09680413031cd9eef77
twitter,59278a3d6d14ce16eca1a963058a63bb789b2ccf85cb8bf6975aa272c90909da
twitter,ce3defad2b79db831bd44d28628196c216a8e3fc86fcd9528ca766a91c28fd5e
twitter,159df61e7d1d381a6e1ea3dbba9c609043118d54a41c9cbd59e6a331624c8ac7
twitter,42abacd7e3d20baa25b257c51d72899808c86cc6ad4789f82ace9913a0db4e84
twitter,5f2385547fd7358f5194f5f65a277cc8bf5482125c4578b71c582e444a283e40
twitter,3ab0222191222719e51864df4fce300c7ffaad3a21730cedd4b51af6399708e2
twitter,e7160adcb696e3bd2adad7aa6a05777a87321ee2ac4d2e9153a335534cea7abc
twitter,2942735461293514c9d4186cebe3a48733dd3d8054acc3f618cd4767c2b05b1b
twitter,e11d94ef104688643e3be2078443a5255418721d829fe2ffb23686824f810635
twitter,a39d77c3595463b4ba04f239e893e171111cfc34921a4d5acb40391cf233c595
twitter,c1ba627cfe38e464581bce51447ef64e6ab751fd2226040d12a8f3413a03fafa
twitter,1713b413458613d7dade21ba58a63c5809280b4c511dab62ef74d7e80363beab
twitter,257e3740163fb723bc23873b75315b09c4700fac1369abd959854fb759786e78
twitter,8f4098a7c44399785fbb20a1184a375d76c83a72abca2a9617271acdc6e599c4
twitter,21dadc3af920a0da75279083f6b82cc430453cfe87278074af4ceb64811671e6
twitter,386dd5c2fc1e851462329c1032181475629ddab744a4b651716e7ee8061b41e1
twitter,9e72aeb20d642bb2624e5b9425d999a5fe09c4b07f9fce938b50821210ae539a
twitter,15ffca0014bf912459ec76cbf87f3cfb6b303841c06171958adcbd80aed2e08b
twitter,6a3d6eeb22cce5355dc855d6c8c4a2b8c91691cae6058f2444546da470c9d3a3
twitter,fc96d7ca7825390b2758a4d1b915706642f3b78487a7ca8bbb096aac08bb5804
twitter,9de11aba62b20ba20ed0f4d9a537ce70ec1ca9adb90d37035462147747528746
twitter,8c703a1622674b30acb6f15b412148b46ea2fee0fddf505d44b6aa33161912b6
twitter,2ca8f368a9748ed578602b1122ed45bd3c930ac68ebaa8a85fbc92801faa3027
twitter,6698bec1eef1f0784f1f2d648c52045f028dc434932d5b58e4d6f4792e4c27b8
twitter,6dbbab0803e5b2824604f81650bb7a14a444a8c4c1fd40c1ee86907bb6c84f7c
twitter,b42441a644b637accd2e75684b00441136be9f1a0ed8b71c87399af5ea3f874a
twitter,4104da4162ef93bb052b15628d74f9ba5286d44728b4a9e000708442b1d0f45a
twitter,e71f12571cb3f9c8102843c5c05b91cc3eea6584290ef5fb21b57c7368fafdd7
twitter,f9363eaf11d7dd91f235374a92f6f3fe634e61384f6cdd7b23a42abc2b5ab6fb
twitter,a48345a79a25a2ab0aea780e0646106e26e098417259f3b33129f2d10c26cadb
twitter,5da20234d36a1507909bde54b27fbae75fd3c5a366826c6993a04e0eacb99310
twitter,538119631cb64f37cbfca276329d902a41dddc7367b084eb99dc86d0fc5f440d
twitter,90050c2ae46e475a7a16edf0ef6939637dda238b5fe31aabff24cdcb8650431f
twitter,e28076968cf7ca45aadbbde63cc5e5f5779bab63d5b9e90761b2804a8dfc0392
twitter,f50c1b5cf5841b49e823baaa020b161c566eebcd2e15c181648ebe8c47e1f0c2
twitter,abc330149ac7283d75803a3de42c893b83777cbf37c5b603eae901957aca7b96
twitter,c1afede5ee15200ce64a658c54b76173ab36758b843cb412631d59ad1eb3f92c
twitter,0bf2198c6c7850bc0fb36994fc2541c3c76cf9cd19ee9b2314978de1b6c18cdf
twitter,78ca35e6ca73d5b305a9fd6e80abb8b288011a3a4e8e352248348cde80ea6826
twitter,af5439a1cd442bad3ada7aa94b95293d7d4437cd5af4e6ad01b17394cefea3ae
twitter,f4554bab3d3785d0a9f44416ec9723d7e78f1bb3721ead5fbfa58bfae577c9a0
twitter,b3c556b15f4544a566674cf09051377de1739d09801f5467f4bb4c2dbdede4ec
twitter,01eda01b4b29fb8d9108c11fd1b16b3ac79f01e27755ec504f314164716c2732
twitter,b6622ccb6feb4da4274c31df56775d55c1317a681102411c2e0d43a0dcc51d74
twitter,cced4bc17a84c35da3cd5f810d77907cc6560351140d50089a3bfb197838afe9
twitter,ec4612bfb0cb8800a30d8f19b991e125e10d14df4542d8b4f927d685212557ff
twitter,de7119fb897b7904582a8e1d6b503b8697c4ba38aa013597f0cf669c156e1108
twitter,e6a323da042ee5331e3d81ef00349140ce1db584f1e590a8066c4d6cae483655
twitter,e46fa7c49510342eb818511383a4a56b2f5859f131e791c887a4c7347d3964f6
twitter,8168a2b7e295a80fcfafb2445181c0623aaf54bd3da6db7680126e2baa0bd8d0
twitter,97b1d4f8948e936588cb4fb8df133a734e4b63b2006cd5d801a8bc952d9b0d35
twitter,cd0ec5e9e6f5e4fd3b05006f97adc28dc600e559422fe08061dbb1e215fb64cb
twitter,cc1679995771801bca5c788de5eece3b86e66c0012933f7029f78318a5bb6ac0
twitter,71fc6089252a5d5491bf980a8626ec5a1a772e2db7daa219e84d13298184fac3
twitter,5837bf54d5a2b44d9f3ea410693b234502cf324930a240344eeef587e1b28c84
twitter,82e9bc1ac3c916757edb3782cf719e5e26b59b23b3435e7d3cb3d26396f7c0a4
twitter,919ca2a18c11c6b29c2da17b9616c6e13a4281421b600002d1ab7f3ca0aec3c6
twitter,9e75015f0f65fcc5b7c6dd8c8c3b85eddfd5bc0a04a4dd64490645c951dd6b1a
twitter,2959049d50f0c0dd98f254eb877a384893007a46e203f72a8700804de4cf450d
twitter,dc41ad33a98d22c34d1b42b7e211d2237959763ee78b5236820a6f7e5178577f
twitter,a6ded3913978002bd23e7b51197e7ad4d26111a5461efaf968b99766c9449c0b
twitter,45b542679f25e447af7a60037a047caed46dfd2598d2375842babbc7ca0cd352
twitter,210a663c74ea66bd8f43aa4e6da43fc328b7b273816b6ca38fa105d01cc4a54f
twitter,604ae8d77c680c6de4498b571633b7570016feecd7e61852936666ae029bb0da
twitter,c062260e2b9690807b1e28fb5187084e305602813483999db7d71e96dfc57823
twitter,aa1e7ea89dcee9b1d830065a72fdfdc3ce92520c8cda06159f334c219bf13e76
twitter,2784926f7a37aa189b74f793ccf60e854a6bc6c32997bbacc8390a3fbe07df3b
twitter,2669e75aeb3fb88a71bd95e6656b1163a71ca0abf7e904f44543ce97fefa93b9
twitter,20a23666d0a41b3f574f0522b534c57a1314d63941ce748ff5d0b28d7414536c
twitter,d67ef7d8518f7a5896b5ea5e31821d95995bb1689d5df4e93dc6654c41c88144
twitter,e6b4f9193bf3e547c6f3f65570c7a4602d4dd51ecf3aa55c57792aec0768bb44
twitter,259b70fd591a81d7d167632ec953eaa4d9f7a9a1476cc0a126e5a4eb90a7627c
twitter,c574a28bd8ff594bb091b64d54dc039caf1d0d24bfce6ddb0ad39aa208e64c09
twitter,5dac8b433e2d73ef773b76544162862ec4c58189f8f7d9d04c0bcabfe12fba8f
twitter,9b1092a91b75a1cd6b6c81be11da03022ad992792dd89333c9ba6d6112815d1a
twitter,74280def37ee9bbe526844390bf2664990da9d1f66fd6c5d63a07bc8b75c14a1
twitter,43fb2a8df88468877bf24de1ed03616cfa124dc844a2cacde13580738b7519bf
twitter,8e9fcefb2b7e050c099c00fff0cf5f1cabbc554e4932460323306c2c8521fe27
twitter,9b52d614cb54d4a3e5fbfb66d19085eec8f8a768498049c29b52aede1ec27815
twitter,22dd70af16f6a93218bca2aed15e4e18435e577c43789084ab33570ade2107bc
twitter,68c312ac02f58c4f526a62dcf77d3a1a5b243b50cc993d018be8646f584b6aed
twitter,d792f93bd9639a771ea96e517f1fb47b9dfba63bb33f758939f85c9b8b54f570
twitter,3e1c35341dfe18fc290ead991772ec9ec8fd46f09b64ea2720a41c593d4f4878
twitter,85f3227b2ba3693644e651edf7c84aa4eb45c720cb7c40c9bf089da5804e9145
twitter,4179e112f35ad39763fa5eb2bb1eabc014287b2446fdafd365ca86e64d527296
twitter,a0e2b3bf04cc4395a55370b76596bd92f343210e5df9a82157e46516ef5f503b
twitter,086c1ecf623ca2def18d4990a5644d56e09e51c72b058b4cf2aa6c1ded5711d9
twitter,44d12933c5beb9a4c3d8466fece0362776659747c7b8dcbf43941260c6c0e46f
twitter,2b511a3b6c143efb9ccc317e5482842c44ac460bc6875d68df7859f4be5f4b98
twitter,940647e1536ea02427006b92cfb99635fc737c5d9c9af5cec4f2c4240680b2e8
twitter,2f054439ab3d7b5a10a4f9dbfb2a5b1ac4b02d61446adb36a806826d12181433
twitter,522399ac614c630c90ffd7ebda68f7614156197c3d7df83c9f3deac34526dfd8
twitter,59454e608c26da21b496c77baa3564e77a0d50644c86f7f55fc58d2fd892b334
twitter,36bf33674e24548fa772bbe9b71585c69878c658899d4e1e39cbd797fc624bb3
twitter,41313da59b48e459a59ac2db6af2a264b615dfdd3348ed13b52d03a80af64a75
twitter,e3592785d46799513fa19c6dd20e23994acd5c26ba3e2e7ea4ac9b8965d3de70
twitter,a951a34889e4cb7ae7223eff706ceab1e1c7ee366e14e37c926719a72743a15d
twitter,98f0e1a00c7ec642217194b02b82fe45f5de9b610f0d9be42b4ede04a1813707
twitter,d334d326deac9376dd35dd3222fda612d81b189501b5d9052eab53b57e71ae83
twitter,4db8c536937674d3cd44136b43a1817c66a69f4bd10fa51ea1d7e9e3b3f3f65f
twitter,9495d0d9b75fbb73a6c35f9a92d8b009da0a5b437bff5865993eba920efabc42
twitter,64dec8b54a143286e03f5c4d65f2c3fb366fce4bd7a8ef26dc790a84353e18e9
twitter,efefd3a906e0341c7ffab06a2969b33b82f380345fc25186b7d9f4f7c4f520b9
twitter,d92f93d2e8f091cf669fd2c15af45d7af95d3b7c51f72dbafbc1fa351f4ca834
twitter,86a308595f0b9c5b0636f3a9d995f81a50eb170e40645af4cf198c3afc448982
twitter,edd02b3c6781227ad6ef52c3c7f940c816f66d4e68cb45ed9464607ad7af7232
twitter,586c25238b62a50aad77973978a980dd921337bcb45b178943c5b752ef1d677e
twitter,4007b7946a082cfbbe61811af2bcf0d19b5ca4b9cf3e3a9212876d49b2c1f354
twitter,23e5326e0802e4a283a9e3b622223b5a651d25bcd0203d17ff651b51c6ffe6a9
twitter,d30cfeb46495e7fbe23724a18a1cdc9d5fde0e53631041151559b6df6a4b3f7c
twitter,42a35e1444cf54f6f493a549ea57c238103d5b7aa69f14713bc445fb0b41c18b
twitter,761be647fba389c346dbb28ec2f880493fd79f926a03c81c5c53c9e7573ae18b
twitter,788f6c016bd50108d88f7b5036ab737c767058b35bd6f334bf5a6c27a09bae06
twitter,bb5fae5ccf8b3c23cf028df09ec1062711babfa23a422025026012bf6ae433cd
twitter,d57f94125c7f470bc3dadea14a4805282de033bb3f06d653a5685fb72fb61971
twitter,b4332ccd4dfec238fd2637bdf69522ca475f12f4f09166284c9f3fd159cd204f
twitter,de93eba7d4cc94c48accf5a0c0c4037b875e6221219f377975bdc7d856197413
twitter,25ad73a47e6b70ad968386a5c0ebecdd8423b6ec299c4cf7f9f664a213b5f6cc
twitter,ab51ac0e0cc91ea27c7e981272680e8fc2af46bdd35a8698940241d1f69bef27
twitter,778e69acfa693774d9bbd2bf8723380a13fbc17d2e6d7af950b6afd971394dc8
twitter,2b9430ffbbf57dc03b021a4c632d1320e73e3b839f253b5c50b10452bc8b3934
twitter,aaf3756a36915e8128349eb7c55679a61e7c634d0cef705da5583f9c13c3540c
twitter,54ed0e982acded2b5d3802e84fe99e3b6b0bdd52dc81d9ae7c491368d479db03
twitter,30b324a7dc8975ed07ff535932ca962c50b011f273702b20448a64191606bc3e
twitter,0dc930b05c6336c316a952ce99d561b3ddbd09962c75a589c4df434c24cf34a1
twitter,498e5ebc8cee0b296d2eb8f588b2001873e7b700b603086f75a52544ab0944aa
twitter,aeb2a8561817ca1efac3e0854b5d4997ef12cabf6cc9c537f0360d1d1e781808
twitter,0463e059cde5c8c710aa9208059abec5ee4fff4957a4302f0265b1f9d25bd136
twitter,fa8616e4c5eb5e984de8a374915a73ba6672aa2bcbe1d6003027e3cbff1d68ee
twitter,9d68c542fd7635c6d146cc0f4c93643af8b5cd3e1763042467fba9ad3daa81e6
twitter,28e043ab7ec09ccba37341abcf75229538fcf5b19a427bb0f43cbef9b8364582
twitter,c5b32f271b610823ff386be6840ed91d7b7c41ddf7c6e1ff338470129bf715fc
twitter,f6d15b9922f44c0274e29b9f0f700afa50cbf2823bee26a5e60e028edff9e9f1
twitter,5d4567b0026e6c54fa65d294a776c0e1f67bbea036dd8d10f7d0f899500a0f7f
twitter,bde046d4a43728183ace80d0e568cf79db42500aaad87728822266254f2fc2b9
twitter,12aa2c081833b5f6ba2af8bef1741ff02c01068aaaf3eaf0d7df20fdcc65583d
twitter,362aa03584aeea15add5777997ac675745459dd9708eb3d43b42ad8fcd071368
twitter,18aec743d6d274e1c13753bae4a7ff753768916562df36b0a1b9a097a768e678
twitter,47ad59b27a3c0577dfac2e799ca4502366f473181752b2af211bfdecbc006337
twitter,4199cb7cf62f7101ed4f4b19ad73850f64bae36c0455b5aa416b4ee1c67d7ff7
twitter,66af2bae43360207bc9a7a63e7f2934909945f901f02c6800896643f421e6358
twitter,41e5e1560522fd90c7e403a37fc73b851dccd183e7aeec1d04c4044f6801b1fd
twitter,6aa3e3ee8c5c30c4d7b12d8cdb8b98300f167822d26469f63c2ba009826f8103
twitter,860eeda5cc6613d9a797d8f7f58977457d9a03058e9bc5207afb15d671bc6fd4
twitter,8d4849197aa14a7cd4d6f22a4d2a0b31084ad4339ed45d942ddf4d5c5a17dc74
twitter,7b81a37fb3413c54dc983aebd65ec9decbda85ca0c9f08188fa5ded526afb18d
twitter,f7214a4e3fd5f2e6e83d31c718e529189f529c9ba1c603b1f6896ab61386a3dd
twitter,12e0be79011c9240631d480ef9586c5634af11b94f9b713c8541b39538ea7e13
twitter,e5d73f08a0ff5170761fd3f2443f90e61e059bee419453774819f88185fdde0c
twitter,e7b748fd03ddab957eabf2f674024700c9e27304815ffeffa7c52c7f724dc607
twitter,a8eceb54c4fa6e77045023c6faed10e767a438ccab9ee033073114aad322ad25
twitter,186d4ad25cc9a7f6454f665661ccfd063d87ab79e356b5be3d5aca55882d2ee8
twitter,480337a555948ba53a51c8d6e80c7fed4d08a4f1d46ca4afb34769274997745c
twitter,432e925801bb822a26d75d139b56c13ae4c171b0360c1ec360ab87e56f30a1af
twitter,1eb76228c4cc4b138947a2fa62161a1fa2915c86d2378d065d9928141c472f74
twitter,24f4b7bda33f020d2703bc8745001ad44ea9d8ee633aaca8f73141b18afc5a1e
twitter,4ffd0aa581216a270d2dfd0efb7d5d1badaa6c8aef89ac0ae371c36c3a691d7b
twitter,4ae78c4eeef53aff77ce15bc6caaaaba5a892b31a7923f5846548eb01a15d851
twitter,cb11f4da7796143ff20798621960fedda29b0d98ecb8d1a5ff905146bebbfd0b
twitter,89eb41f51ed1a1cc799cf362368ba79267705fe96d08d36bcd79915f07f322e3
twitter,2c8cb0da2777f8b22eddc87afa5efa36817d1fd7c1f32d0fa773325ee9ea8b0e
twitter,02fbcf916f586394d0ddf1bc5b6d3217e9d470960f365c76e760718297e6cff9
twitter,f65994ca9c38d819253a2ee94a9358d0baffd752ff5f4a177544295ba6d24636
twitter,7e2c697729eb864a9000b6951918cb3536a7477f181ef716818cf1fc6ec0912b
twitter,b48f75a56de38b3ab2a1b7ee734622720fbc5a1021baa89169ddec592efd0c04
twitter,93a3ebb2bce85c9028ea594b9be1199060491c4ec008c861878523c6617f823c
twitter,7668c3850f9edc8c36e158306ba1226415f1f4a7a2e7b78c141a91e8547352cc
twitter,00a090193312c2addfd4a75806adbfd58f280211ca9f87d0fb31877f39e39493
twitter,7e2a00fc34e0b1155b2298c59f080048b590fd8d6cb3cadd058d3264cee21ad6
twitter,55b046ebf3d263a0862e82dbaddd08b748d9f38c0b36693f9021db6a7e9687c9
twitter,a53887a1153ff5a9f6ebf56ce3c4b37b890122ae79d60d6b18cb1f098652cab7
twitter,56dbd7a16792311691ca11654b7b3fcb1db99163a596c90bd709e82775d5cf02
twitter,68beebfef11c2aa5e2c91778982dc7736332338cbe33c401f00f6ac5a3e71043
twitter,158de972d729760954d8e060f227392c96ebc623dadc59e410d0cdae78ac1768
twitter,657d9a68c6c91bd5e675c642e402cc9f3646c3fe946c37ba71cffdf7beace663
twitter,14fd10f1d177102396374f12563204a1d09f9c4959a973e2438b4a8be20b3205
twitter,4df34d14d16c5d757482fdd60193d3d281ae3c82307af1ede45988d943c90a8d
twitter,190eb0722206fdc13fb8f17cf6585316805843431e5ba096105d6bce9f0e63df
twitter,8d820baf194fb9780b6caead8066443c84f9cf70a1d078bab74a35183215d3a3
twitter,b21f350f371b8aa15195c0da937ac07352fa13972adf5e60bbaeaf9b3d0f28d7
twitter,4a9cdde4cfed68c6e303888869a010081b24d78d405e548193a106f39ece2775
twitter,6b1771c1c5c9c389812b7300659f707fdfc26090d5400a0656032e4ac12cc2a9
twitter,bdbe34c91ede0ab021270a4b372474ee44a189985faa7019832f4363d8596ac6
twitter,7d466ba2fac65ac38899adea9dc8a3c63816eeb161a6c58efb0a5f8dbe19a021
twitter,5ac1ca365a63114a2f18c1c3096ec1244f9ae9bd08bfd5b0f9eb6299490c51f3
twitter,a23196958717566974dedd3e9d5e702b426c767f7289f4437cf58d24544941c5
twitter,7fbf9e6a364d6f94009ec59c77da8bcac7a7f2f852ef9f2fed8985408fe4873f
twitter,caeacf03639b9119aab92e35326f398136f7ad4e1b405c54b9ad502f7f5bc4b3
twitter,449383900743c201a7adf109f005420f0de1bd278ba4b5460a2dde611e75b9d4
twitter,10426d4577fc4f535a67ba144a5511ec75eac9a4578f4925568b91649adbe120
twitter,5685394eb75f44046af846f71b19f185cdd089bc51907db9a4a351b5cab174a8
twitter,c99082def9bbfd6f90b69f11232d432de7976b569df13f530bcb205eeb46f145
twitter,8ea5a167cf628c88f14d30b3a646b93f24669cdf093aa47f3997062987907a53
twitter,a63f241d192c161527b7f8ed3be8692636dd373d79aca02ed4a793644ded7f3c
twitter,7a6d94e51c7fc718a6522f09190402efec81c2cbdd0c771e9c6a4ea7ed90c78f
twitter,8ff23986a980ba999f45a68f5f2a63a54e6fb363ad19b4e3536c637e01b21bbe
twitter,ef4d7299bf1e4cd4e1851798af2ab033b4d1e9631ce956379d2b99b6344724b7
twitter,f228be22c974b1506caa397a836abf10ae3d4a3cc51fe57dd4be57eca7ff443d
twitter,01a48a273db891ac0d8c4312aab270ad2d1f058d640e80ac52a4f024efe71939
twitter,c736467117f0a2d3c54e5a8e555a5ff22f12dc8e7f44ec1ff2eab975bee34afc
twitter,5c6293e4b48ff3f20a728b7144d376039ff6703a23ecc24701ae73301609919f
twitter,df4fb1523bf27cdf903d7ee80b6f905f06d7fcf46ae1d5e78636131f751d8ef2
twitter,f42fce85aff382f251fe149ccb7b0e5689057bf125e6d17f8ba619663e55c107
twitter,4a058288c04e73fdbfbd56d07c02e35bf9e956b84c3734a60671761573a5da64
twitter,01ffe84c316defea790248717fe1ba77b5d144c2085bea55a7707f0bfe87ae1a
twitter,a8dc2a9521ff4019931c6e0df6d1e6a0868acb3fe820898b9cdc74eaed718bc6
twitter,c7d7e37a17c96ea11cc661ddfa75da56584d0a954f93ed64087e902e6551bcfb
twitter,378905ce2812a0a601919e26ffe6e4716298ec4d6ce47b9ad66af4539f57d238
twitter,e4aefe19ce6a92f349796cd4c621623fa354077d4db568f76903eafd63cbd64d
twitter,672a163e8b3c7b0e1fc53fda23eaefffab828c4674f4d336317307b917bd6960
twitter,d225566b84086547897c386a75cd834fc4a7ab28fe2f364d18ad3da7a3092ad1
twitter,52e3baeb668c994510b0a088d6002244753976cba881bbab62de8f48c08d7771
twitter,2a5af9f0630b6e7bb7dadcfeca2a411edf4f13e2496de03a6fdded4f2cb9452d
twitter,14a2b56112d1e2e08c91ff125f3859299670a7bd4a27e4907e1026aa6de4ce8c
twitter,340052bb3d1b4f94365fc8f373ca8cc0ff15f1cf9ca1b85647ef979c15778d18
twitter,99783261c284e7ab30b8442b1c2a4ee412c7f4241efa028197d2c9edfb9cc0fd
twitter,8ee17cd3124c14937de61cfd0e1a8fd0ca4022dc8492f722fc223956bc391161
twitter,5b5d9b1d22819fe0a87340ffac72e34e37a5606d74012cae0744925fc2c8297d
twitter,7c3b09d22cb95697a2c4d99a2430cdbcdd14b24d3eb7d0aa049c4542599be3e8
twitter,4a0ae092076b31d65fa640b39a517adf0673db9dd5317a265a7c78bc951a39b9
twitter,78f24cc123c27e61654977c2efc9ad7a3be8affc72f2f7d486fddac26504075b
twitter,3bf1b17cd519719b71680f6b80eb6b29e39017afe49508c220195507d7903095
twitter,9c973f3fe5cf799ee7acf53cb5aeec8f4f4a0bd030dee3dadaa0d7e49ed9fc34
twitter,7abbe5ce4adc7a078299aa74c6ba077c131f3bffcfd62c680f7cbb904631d85c
twitter,60a1e70109d857675f981801f67477a5ff081d42a8f6b36f54e406978cd8fc3d
twitter,4aec2de45ab1327c3f3f07dd91b8d6f600c946ca24aec570f938e1e6db69acef
twitter,50075373d60d1ef0140f175c83e2a5e80790e8c75889f25c743c9777274c6662
twitter,8a886751e18c5c0b35523ad9508112710fa9df45184f4ea6b2ba8e3112a67ddf
twitter,292d74e81b797c1b57ab368f28b415c900806e9ac9f134ebf5c38edf85aa722f
twitter,f935c77d5169eb0c518349388eba6a731c5488072bc6f33abca132a9350fed4f
twitter,41c5ee239c902ca94b3b6224920767e37f39dcc16b00a5d86456f688c06bfd40
twitter,b5f72772a2c160f8f68a5f3cf73dc489678a812e2a7e1646eb0c0ebc7fac63c5
twitter,1f330155e93f5a3e63693c162aaf982d27dc24877c43bad14a40a39b0b489950
twitter,034b2327b217429b9ffdb216ea336f328db161f7de9dc40ccfb46d7b88008f0d
twitter,33892037fe5ce4bf4dc9ce75e312d1973449a94f7d64e76553aa29cb91729eaf
twitter,e2c9df054888617bc848e6384a4b960668f1368d0d7e1277dfcfbccbe8fc60fc
twitter,62298e10e3d06143835deb929f40a0d80a5b4a8b028a5b2ea2a4afaab1d91722
twitter,960e232c6bf16cb90770eca034b6def17aad023f34921145468d22373cf39611
twitter,e6cfb699569b55a1ddcf702461c8c76e2fea961998b26085c2d3dfadbf6189cd
twitter,49edabdbdae90f028779964c141f61dcbd58041e47861f33ad2e3557bbdadeaa
twitter,90a310328380008a763af63b230de7eca834d076530443d978718824e95da0da
twitter,30f3ef9a238ae94f5101ee636d565d25554159aa154901896259f9d7f10a080e
twitter,721154dfc389afbbab8fe47cdf0e7b250330c3531d2af48e7ea0b17636ce5346
twitter,e917e753ec9a10966ea7be5b52ebdfc1c0ca6083d74d9cf1c02ec5a85a765f3d
twitter,72dee5fa395c0a5a0add061a16fd27e04f3100dfdfd75d235b057f824a787987
twitter,57062ac40b161ff344c0cee230a5a4017b03f2704ec659fbb2ff67c67fc2cef0
twitter,9d45067799957053f79b18bbf04f828c06decf740d544d79c742ceccfc49296b
twitter,fbd97c9893bacb27d42a4c8e7652ce08aecd4bf7ee70c26d27b04e3d5af286b5
twitter,cd7deeaa593f2755c452efe66354120a9546a5071d8610d7993c197a1a62bb0b
twitter,938f9bbb4b69a713b9fb1c4d8a62bd7958b4fe784f9b35c9e9ed2af13811cade
twitter,1d7121cde6664db40e6fbc7de13f3690b5f27afc7b35d21d59ddffc3efe0b143
twitter,9c454e0e09b6e5c28d1b99ae8fef07f0eb97ea053456025bf24ae406798f6221
twitter,021b35221c0a6f6e8799c57a68f2538f1783c96168ddf59b49f0a9915ae1a3fa
twitter,4fbb886d9c0ed9b4c7b6c40ae2e26e0a7d9bc0e3e0f82d55b1e5c02b5b54f057
twitter,f9a382fd80b3d5f6d6377b975c74be031eed944d9ec22b50d4115f98bcccee08
twitter,826ad73f9f1c0caeac332bde8ea5f2bdbf8ae22822f10699be0635d60cd7f5b8
twitter,1fe439cb6729b86e5f91695b378b96ca6e0b3bb351791c6a7391aefd49435dfc
twitter,af28a91cb92231cbac7d6c12b2dbb841343872829b0c87ddd549f90c7260804a
twitter,8c1f3d4cf37327437d40c23ae001d7dd165a0fdc776277ce44827f826fb68abd
twitter,0bbdada8f5ccc5c34519f33796fb802aed1254fddbff5fcb444b059fe4bb6a0d
twitter,f5c22649130fe93e5dc974aa70ec2f14dcf9643f0de0109b543839b33e796c39
twitter,2d90cc51414a0d25bbbcd00c030b1ef09ae9164fdd4707cc2b2d633892f8d4b6
twitter,005e8b2dcb8c4a340fccf3bdd66a335952e76853b165123d715e136e6195e9fe
twitter,af1e3dade8358269d50b309b4967dd1208460b268f32a7b77450dec3934695a7
twitter,84921ed1f578b903dee95d3955f50711981eab6262f30a7cf3f2daf0f83e0893
twitter,e567d03319d183ca33082fd55bdf5d23b923bbdef5340a2e65161b944fba5254
twitter,33c1be8776e90ac911d07eb373962cbfc4a4c338074b4ed5641e687e6d554ccc
twitter,d8431f567e4b06f9e34031bd589538dcfa1feee7f90e99c670e15c11629ddfe1
twitter,145a4849afa5a5cf878e87f825ed0e45cf5db4cea96b9711fed0b2f36896f78c
twitter,41d30e790ab81a0bed5510fe3d0deec3ebc3d9ceab44dc409cb171400e355ca0
twitter,d35564ddeb0456601677c425ebccff65a3bc72baa2f75f3a54f163cf971a6ff4
twitter,cc837b3568fcc5ed83c7c8a77f66c8e02050c13d5b1819feb84f2501d9085b76
twitter,eb72eeb7f85c2b665d509f53db3eceb308ca70c4c6c0a1bc3f47c6623b32bf40
twitter,e73469cbd2101cf0b99cd7452a178f062df6c03cafe844c5bad3248b3d1ce0e0
twitter,198aceeec422cc8bf6189894dfae350dad359d79fe1f4fcb358c58810fc1a418
twitter,ca36295947c7d269599f1380ee4e7527421061c3fdc548847974df96e4c96e52
twitter,17448a2fdbaf6ae50a0c762aa14d1a5b6de98511800adf8a9e14e4e1992f8ff0
twitter,5c74182aeffd6d1b6805b96c3929247202864dfdce22ec9bdf13d58679b99757
twitter,5b02d0422d0500b7127f02cafe7f0bda066e19b3a673a66c3369a16a85167708
twitter,b915e8423ed512a0102c7c7034a227573954e1b2f82cbfa4bdb7cc1a3ce3a877
twitter,34e93907a1eee08763c82060a371c9ec0bb1af55a483bf02b51286f88f1e62f1
twitter,5adf904a13c591b3c0be219a9c644cb91d8ccd3578f91344d077415e381c59d5
twitter,4da11fafbb739e017575aed6129596cc82633680a2de18a7e3485d1548c3434f
twitter,1eb3bea0f36715091262a635e7a301fb4bcf02dbc0dcd1c14c15fb21d6bd51b2
twitter,efae4e5065c80911554363b9efa6f02024089c746cd70960d9aaad280164b7e3
twitter,14015062b18002544a67321d542486e8c77c8af78e046f3046ffaf881404d068
twitter,f1d61aa29e73440bf0bf163d33aad040a086b31c39077549e23572436337067f
twitter,e4aaa28ceea975259dcfd53891b942a9835aad2c885d575b861b3042ac9ed218
twitter,a7bc449afb11daf5c7a4a3ef6e2712d17e08eca166b25a9fb4e703c1909838c6
twitter,b2ce36647ddd4127e9bac657c037806ffe8bd82bf6462cdf617d1e58c73ecee9
twitter,f3112ee1224c01fb7b54a9c21bc7654cff092f72eae1828ffe4e7a1d33c3c8d4
twitter,479cea6ebfa5497c51248c588277eb369579e5d4cf8269a9fa43b1d9e14298ce
twitter,af8e052c63ab401ae03fbd4d27858e5df47846f3c464b6b0e8fc684a9a358ea1
twitter,342ba3e4c0ee907dba533fa68e3499abc474d9be3907ed51818478ffefa6198f
twitter,b1cd9caca1f445ef322846847e07d076f67aebfb8c93d4fd931ac0d012a3143e
twitter,5d5aaf9f6cdb10ce5983622db0b14711603635e2f0ac688defdc27f04f9118c6
twitter,86eae60b7ed8ada22cb169279d74c625527d6f5f634aa63b9aa2565d04e0406b
twitter,b46cdf50532f240c5afe5fbe9ddc77a6ec7ac7ad5a6e19a85ad44f6dea032b5e
twitter,2fd25afa88ee60bbda4cf9d326bebbefb7c595e7c1b9cde1a85215a9373a564d
