round,case_id,milliseconds
1,372,2.61521339416504
1,65,3.77702713012695
1,573,2.80499458312988
1,335,2.9599666595459
1,323,2.50720977783203
1,532,2.38513946533203
1,360,3.25703620910645
1,284,3.18694114685059
1,157,2.94995307922363
1,182,2.49099731445313
1,397,2.47311592102051
1,159,3.17096710205078
1,567,5.84602355957031
1,133,3.55291366577148
1,368,2.8069019317627
1,279,2.63690948486328
1,201,4.21500205993652
1,393,2.33292579650879
1,181,3.19099426269531
1,505,2.59995460510254
1,319,3.21793556213379
1,25,4.43005561828613
1,387,2.69985198974609
1,476,2.79593467712402
1,248,3.83281707763672
1,192,4.67801094055176
1,160,2.34317779541016
1,514,2.40993499755859
1,294,3.19099426269531
1,571,2.47883796691895
1,510,2.44808197021484
1,154,2.27999687194824
1,354,2.53582000732422
1,447,2.73013114929199
1,203,3.89194488525391
1,332,2.76398658752441
1,358,5.90395927429199
1,102,2.95901298522949
1,400,2.88987159729004
1,498,2.53796577453613
1,21,2.54392623901367
1,225,3.29685211181641
1,441,2.31504440307617
1,523,2.56609916687012
1,418,2.50482559204102
1,542,2.42400169372559
1,108,4.46486473083496
1,104,2.30121612548828
1,129,2.5789737701416
1,29,3.05700302124023
1,472,2.84099578857422
1,579,2.32481956481934
1,430,2.38394737243652
1,241,2.48408317565918
1,97,4.46701049804688
1,167,2.39992141723633
1,431,2.47287750244141
1,456,2.27499008178711
1,555,2.48885154724121
1,308,2.95400619506836
1,499,2.36296653747559
1,166,6.56890869140625
1,429,2.68197059631348
1,561,2.5029182434082
1,413,2.39300727844238
1,516,3.12018394470215
1,420,3.1430721282959
1,453,2.36392021179199
1,92,3.44991683959961
1,565,2.37894058227539
1,452,2.76708602905273
1,256,4.66179847717285
1,454,2.38299369812012
1,298,3.70597839355469
1,424,2.74181365966797
1,403,2.77090072631836
1,135,4.55117225646973
1,261,2.36296653747559
1,549,2.33912467956543
1,531,2.45308876037598
1,35,3.51905822753906
1,165,2.59900093078613
1,265,2.92515754699707
1,489,2.33983993530273
1,590,2.32887268066406
1,582,4.83608245849609
1,345,3.51500511169434
1,394,2.90203094482422
1,158,2.38895416259766
1,483,2.43806838989258
1,80,4.27484512329102
1,63,2.40206718444824
1,172,3.95417213439941
1,336,2.70986557006836
1,174,2.34508514404297
1,103,3.0519962310791
1,121,2.49814987182617
1,299,2.91013717651367
1,115,4.43792343139648
1,75,4.39906120300293
1,592,2.95710563659668
1,3,2.43401527404785
1,288,2.43186950683594
1,466,2.42710113525391
1,110,3.27801704406738
1,204,2.83002853393555
1,136,2.83598899841309
1,234,2.4418830871582
1,101,3.61204147338867
1,301,5.81192970275879
1,377,2.43115425109863
1,598,2.56013870239258
1,551,2.655029296875
1,406,2.48479843139648
1,381,3.27897071838379
1,138,2.30693817138672
1,388,2.72798538208008
1,416,2.49791145324707
1,175,2.43997573852539
1,481,2.3961067199707
1,361,2.68888473510742
1,578,2.69103050231934
1,140,2.39396095275879
1,497,2.64191627502441
1,171,2.94804573059082
1,599,2.39205360412598
1,546,2.29692459106445
1,451,2.92015075683594
1,41,2.2737979888916
1,215,2.49695777893066
1,82,2.31194496154785
1,392,2.87818908691406
1,8,2.73013114929199
1,258,4.40883636474609
1,470,6.15501403808594
1,222,2.35414505004883
1,574,3.39412689208984
1,475,2.76088714599609
1,18,3.66306304931641
1,68,3.15189361572266
1,547,2.7320384979248
1,524,2.63810157775879
1,120,2.67505645751953
1,66,4.486083984375
1,24,2.30193138122559
1,1,2.34103202819824
1,330,3.42011451721191
1,233,3.91697883605957
1,56,2.42209434509277
1,152,2.33983993530273
1,96,2.3040771484375
1,57,2.6087760925293
1,229,3.80206108093262
1,13,3.59797477722168
1,364,2.34794616699219
1,436,2.42805480957031
1,269,3.72695922851563
1,507,2.45785713195801
1,446,5.53488731384277
1,575,3.22699546813965
1,42,2.40588188171387
1,38,2.86102294921875
1,185,3.03506851196289
1,341,2.62188911437988
1,161,4.20403480529785
1,373,3.07893753051758
1,31,4.33707237243652
1,89,2.46500968933105
1,168,2.95901298522949
1,405,2.31504440307617
1,500,2.59304046630859
1,450,2.66504287719727
1,398,2.25496292114258
1,509,2.28595733642578
1,554,2.28095054626465
1,369,3.19695472717285
1,289,3.90005111694336
1,460,2.72393226623535
1,577,2.25305557250977
1,399,4.2569637298584
1,189,2.26497650146484
1,519,3.07321548461914
1,37,11.5101337432861
1,576,2.41994857788086
1,474,3.19886207580566
1,585,2.29501724243164
1,202,2.82001495361328
1,114,3.56316566467285
1,595,2.54511833190918
1,327,2.6090145111084
1,243,2.39992141723633
1,195,4.4548511505127
1,491,2.61187553405762
1,422,3.14593315124512
1,217,2.37298011779785
1,99,4.34017181396484
1,33,4.41312789916992
1,318,2.72798538208008
1,570,2.51388549804688
1,443,2.64811515808105
1,36,2.47716903686523
1,106,2.88581848144531
1,224,2.83503532409668
1,187,2.43711471557617
1,237,2.51293182373047
1,596,2.66599655151367
1,287,2.75111198425293
1,591,5.95307350158691
1,537,2.37488746643066
1,134,3.54719161987305
1,583,2.83503532409668
1,569,3.31997871398926
1,111,3.26180458068848
1,333,3.75914573669434
1,321,3.5710334777832
1,593,2.62594223022461
1,156,4.40287590026855
1,86,3.3421516418457
1,236,4.40406799316406
1,87,3.04603576660156
1,124,4.35590744018555
1,448,2.27499008178711
1,328,2.26092338562012
1,266,3.27396392822266
1,264,3.44586372375488
1,438,2.62618064880371
1,552,3.0510425567627
1,17,2.92396545410156
1,435,2.72297859191895
1,581,2.94709205627441
1,79,3.74889373779297
1,105,5.4478645324707
1,117,2.532958984375
1,479,2.3491382598877
1,83,2.35819816589355
1,439,2.40898132324219
1,534,2.72297859191895
1,503,2.2590160369873
1,91,4.39810752868652
1,417,2.34484672546387
1,493,2.61712074279785
1,559,2.31409072875977
1,536,2.27022171020508
1,329,2.77614593505859
1,302,2.89797782897949
1,141,3.72481346130371
1,305,2.37488746643066
1,9,2.46787071228027
1,7,3.87191772460938
1,44,2.23898887634277
1,122,2.33006477355957
1,296,2.35795974731445
1,34,2.46095657348633
1,518,2.76494026184082
1,548,2.99191474914551
1,520,3.32498550415039
1,210,5.9208869934082
1,50,3.59606742858887
1,376,3.34787368774414
1,414,2.22206115722656
1,54,4.14609909057617
1,275,2.20990180969238
1,209,4.45699691772461
1,239,2.68101692199707
1,250,2.30503082275391
1,580,2.49290466308594
1,506,2.3188591003418
1,259,2.54702568054199
1,64,2.60114669799805
1,346,2.38513946533203
1,223,2.38585472106934
1,362,3.83901596069336
1,312,2.25400924682617
1,558,2.34603881835938
1,260,4.02307510375977
1,409,2.34603881835938
1,244,2.49910354614258
1,200,4.44984436035156
1,163,4.52399253845215
1,219,3.03101539611816
1,487,2.55703926086426
1,375,6.64186477661133
1,550,2.89392471313477
1,423,2.38299369812012
1,557,2.46095657348633
1,207,2.51603126525879
1,142,3.10492515563965
1,6,2.82597541809082
1,194,2.30908393859863
1,232,3.39603424072266
1,188,2.70700454711914
1,216,3.27610969543457
1,478,3.01313400268555
1,313,2.56705284118652
1,77,3.51691246032715
1,564,2.6850700378418
1,47,3.6768913269043
1,502,2.26092338562012
1,153,2.83408164978027
1,425,2.63285636901855
1,467,3.08680534362793
1,286,3.68905067443848
1,600,2.3341178894043
1,458,2.34794616699219
1,205,2.92086601257324
1,74,6.04701042175293
1,334,2.44283676147461
1,468,2.68197059631348
1,270,4.47297096252441
1,128,2.34699249267578
1,211,2.72202491760254
1,589,2.45809555053711
1,132,4.44388389587402
1,374,3.13687324523926
1,10,3.30400466918945
1,220,3.99398803710938
1,23,3.1430721282959
1,149,2.35080718994141
1,482,2.52795219421387
1,247,2.27689743041992
1,444,2.44307518005371
1,344,2.57086753845215
1,325,2.49791145324707
1,249,2.36105918884277
1,151,3.21793556213379
1,367,2.29001045227051
1,170,3.22699546813965
1,238,2.34794616699219
1,539,2.53510475158691
1,292,7.2929859161377
1,32,4.63390350341797
1,522,2.65002250671387
1,324,4.0590763092041
1,227,2.93302536010742
1,290,3.13186645507813
1,484,2.24685668945313
1,39,2.31504440307617
1,511,2.33983993530273
1,473,2.53701210021973
1,492,2.38204002380371
1,586,2.2130012512207
1,315,2.37798690795898
1,184,2.26688385009766
1,339,2.85911560058594
1,113,2.4261474609375
1,85,2.75301933288574
1,280,3.24106216430664
1,193,2.21109390258789
1,410,2.1979808807373
1,127,2.23803520202637
1,109,3.92317771911621
1,254,3.22198867797852
1,84,2.89201736450195
1,584,2.30288505554199
1,545,5.22279739379883
1,326,3.38101387023926
1,572,2.44903564453125
1,395,2.8679370880127
1,30,3.13901901245117
1,322,2.35104560852051
1,461,2.38323211669922
1,455,2.25496292114258
1,342,2.75897979736328
1,150,3.76605987548828
1,257,2.38919258117676
1,246,3.58486175537109
1,28,2.80213356018066
1,411,2.85601615905762
1,214,2.60782241821289
1,267,2.29096412658691
1,206,2.8080940246582
1,53,4.28414344787598
1,20,2.15411186218262
1,553,2.26998329162598
1,221,3.48806381225586
1,190,3.66306304931641
1,486,2.30598449707031
1,366,2.96521186828613
1,363,6.00695610046387
1,307,2.58898735046387
1,560,2.53915786743164
1,530,2.22611427307129
1,179,2.31003761291504
1,19,3.21817398071289
1,515,3.07607650756836
1,357,2.19583511352539
1,93,2.66504287719727
1,526,2.50411033630371
1,445,2.4571418762207
1,40,2.29001045227051
1,469,2.58779525756836
1,291,3.40890884399414
1,568,2.36082077026367
1,178,3.6468505859375
1,471,3.55291366577148
1,563,3.0062198638916
1,426,3.00192832946777
1,525,3.15117835998535
1,587,2.28214263916016
1,401,2.36010551452637
1,437,2.89797782897949
1,355,2.80499458312988
1,378,3.79085540771484
1,145,5.76686859130859
1,440,2.32791900634766
1,186,2.36105918884277
1,459,2.42304801940918
1,12,2.27689743041992
1,69,3.7691593170166
1,183,4.32610511779785
1,51,2.29001045227051
1,383,2.28691101074219
1,351,3.1120777130127
1,419,2.55203247070313
1,27,2.78687477111816
1,428,2.34198570251465
1,107,2.99310684204102
1,16,4.29797172546387
1,198,2.36988067626953
1,320,3.01504135131836
1,512,2.38299369812012
1,504,2.48193740844727
1,310,2.36988067626953
1,118,2.24709510803223
1,480,2.63595581054688
1,15,2.62999534606934
1,226,3.22794914245605
1,556,2.60686874389648
1,306,5.48887252807617
1,139,2.61211395263672
1,231,2.46095657348633
1,402,2.26402282714844
1,538,2.80594825744629
1,125,3.68905067443848
1,112,2.42805480957031
1,382,4.30011749267578
1,295,3.06105613708496
1,123,4.31704521179199
1,60,4.23598289489746
1,427,2.24804878234863
1,365,2.24518775939941
1,347,2.72893905639648
1,144,3.73601913452148
1,485,2.30312347412109
1,350,4.41312789916992
1,59,2.49910354614258
1,2,2.32100486755371
1,303,2.59900093078613
1,541,2.31385231018066
1,340,3.59821319580078
1,277,2.32315063476563
1,46,6.59489631652832
1,81,2.94017791748047
1,273,2.77996063232422
1,390,2.18892097473145
1,343,2.86602973937988
1,52,2.34580039978027
1,597,2.41398811340332
1,408,2.32291221618652
1,309,2.8998851776123
1,449,2.46214866638184
1,131,2.27499008178711
1,143,2.86293029785156
1,49,2.29883193969727
1,433,2.39896774291992
1,176,4.37498092651367
1,386,3.00502777099609
1,45,2.17294692993164
1,285,2.32386589050293
1,78,2.96401977539063
1,88,2.70199775695801
1,213,2.33793258666992
1,130,2.29692459106445
1,371,2.26116180419922
1,496,2.39300727844238
1,197,2.42805480957031
1,352,5.07903099060059
1,432,2.59900093078613
1,544,2.41303443908691
1,58,2.20394134521484
1,508,2.17700004577637
1,535,3.10301780700684
1,271,2.23302841186523
1,230,3.42297554016113
1,517,2.22301483154297
1,533,2.31790542602539
1,338,4.27699089050293
1,126,2.61497497558594
1,48,4.38404083251953
1,588,2.38299369812012
1,293,3.25107574462891
1,396,3.00812721252441
1,331,2.50506401062012
1,337,3.00502777099609
1,262,3.14188003540039
1,180,2.27904319763184
1,119,3.8609504699707
1,70,4.43696975708008
1,98,3.25798988342285
1,278,2.81405448913574
1,356,5.27787208557129
1,274,2.92682647705078
1,566,2.37703323364258
1,464,2.42519378662109
1,173,2.7308464050293
1,252,2.58278846740723
1,276,3.27301025390625
1,116,2.27594375610352
1,415,2.40087509155273
1,540,2.81405448913574
1,297,3.25608253479004
1,316,2.62904167175293
1,155,4.32085990905762
1,434,2.777099609375
1,61,3.26204299926758
1,543,3.05008888244629
1,501,2.23493576049805
1,169,2.26879119873047
1,72,2.25400924682617
1,442,2.4569034576416
1,421,2.3200511932373
1,527,2.39396095275879
1,300,2.32505798339844
1,495,2.32791900634766
1,494,2.61116027832031
1,177,7.00116157531738
1,404,2.44307518005371
1,562,2.86197662353516
1,146,2.50697135925293
1,255,2.98285484313965
1,191,4.09698486328125
1,521,2.36392021179199
1,380,2.67910957336426
1,353,2.94899940490723
1,379,2.7320384979248
1,282,2.65097618103027
1,412,2.78496742248535
1,304,2.80094146728516
1,208,2.4869441986084
1,22,2.2130012512207
1,465,2.5179386138916
1,457,2.4559497833252
1,529,2.30598449707031
1,528,2.38990783691406
1,272,2.47502326965332
1,268,2.80094146728516
1,311,5.05805015563965
1,147,3.38602066040039
1,62,7.08794593811035
1,407,2.79593467712402
1,240,2.77304649353027
1,242,3.36408615112305
1,359,3.1440258026123
1,137,4.46200370788574
1,263,3.67999076843262
1,90,4.28986549377441
1,251,2.54678726196289
1,76,3.06916236877441
1,212,3.37696075439453
1,26,2.69198417663574
1,218,2.99596786499023
1,100,4.58693504333496
1,283,3.62992286682129
1,253,4.94599342346191
1,513,2.83408164978027
1,490,3.4949779510498
1,228,3.4029483795166
1,4,4.02498245239258
1,164,4.15992736816406
1,67,4.70185279846191
1,55,3.51500511169434
1,370,5.52606582641602
1,43,2.39419937133789
1,389,2.44688987731934
1,162,3.04698944091797
1,349,2.5780200958252
1,148,2.35700607299805
1,71,2.96497344970703
1,314,2.77090072631836
1,488,2.44712829589844
1,385,3.3111572265625
1,94,4.34398651123047
1,462,2.48908996582031
1,14,2.53200531005859
1,199,2.90417671203613
1,463,2.57611274719238
1,348,3.19504737854004
1,11,2.88891792297363
1,5,3.03196907043457
1,391,2.4259090423584
1,235,3.25989723205566
1,477,2.38418579101563
1,196,3.87096405029297
1,384,2.38299369812012
1,281,2.58302688598633
1,317,6.48093223571777
1,594,2.41303443908691
1,245,2.55107879638672
1,73,4.39000129699707
1,95,2.4418830871582
2,265,2.86984443664551
2,32,4.49895858764648
2,385,3.89909744262695
2,118,2.29096412658691
2,417,2.31194496154785
2,499,2.22301483154297
2,496,2.40802764892578
2,209,4.48799133300781
2,135,4.31203842163086
2,481,2.4409294128418
2,292,3.8151741027832
2,233,3.61299514770508
2,187,2.26283073425293
2,248,3.61394882202148
2,342,2.8378963470459
2,167,2.21014022827148
2,318,2.33292579650879
2,76,2.3190975189209
2,498,5.20420074462891
2,421,2.60615348815918
2,29,2.79712677001953
2,235,3.16500663757324
2,264,2.31695175170898
2,324,4.08005714416504
2,386,2.94613838195801
2,491,2.54607200622559
2,72,2.34293937683105
2,275,2.23898887634277
2,485,2.20394134521484
2,51,2.25996971130371
2,517,2.33602523803711
2,365,2.34007835388184
2,546,2.21705436706543
2,183,4.31609153747559
2,428,2.32601165771484
2,298,3.33905220031738
2,414,2.20680236816406
2,571,2.36296653747559
2,28,2.75611877441406
2,328,2.32791900634766
2,66,4.34303283691406
2,495,2.5029182434082
2,330,6.05416297912598
2,79,3.53407859802246
2,20,2.30002403259277
2,530,2.23588943481445
2,397,2.471923828125
2,539,2.48503684997559
2,272,2.41208076477051
2,467,3.04102897644043
2,113,2.53105163574219
2,347,2.75301933288574
2,294,3.05080413818359
2,299,2.87914276123047
2,8,2.58708000183105
2,569,2.61497497558594
2,237,2.48908996582031
2,132,4.28104400634766
2,327,2.64906883239746
2,503,2.27785110473633
2,71,3.31592559814453
2,581,2.83193588256836
2,231,2.4569034576416
2,260,3.9210319519043
2,134,3.33499908447266
2,52,2.56991386413574
2,461,5.12194633483887
2,138,2.42090225219727
2,60,4.38308715820313
2,418,2.38895416259766
2,17,2.5169849395752
2,464,2.41589546203613
2,448,2.20608711242676
2,123,4.29701805114746
2,284,3.12685966491699
2,431,2.49505043029785
2,378,3.68118286132813
2,445,2.28595733642578
2,525,3.09395790100098
2,319,3.19790840148926
2,221,3.58891487121582
2,239,2.6400089263916
2,70,4.26697731018066
2,89,2.2280216217041
2,301,2.7921199798584
2,409,2.36010551452637
2,536,2.27499008178711
2,255,2.99596786499023
2,349,2.59900093078613
2,93,2.93707847595215
2,78,3.6461353302002
2,537,2.35915184020996
2,190,3.74102592468262
2,171,2.91299819946289
2,291,3.67903709411621
2,27,2.78186798095703
2,232,3.25584411621094
2,336,2.40802764892578
2,369,3.14807891845703
2,245,2.44021415710449
2,23,3.23009490966797
2,198,2.28500366210938
2,449,2.43091583251953
2,26,2.26402282714844
2,470,3.03792953491211
2,312,2.25090980529785
2,120,2.716064453125
2,438,2.17700004577637
2,322,2.30622291564941
2,184,2.23898887634277
2,180,2.27808952331543
2,430,2.33912467956543
2,195,4.51302528381348
2,271,2.29382514953613
2,19,25.8419513702393
2,25,4.6541690826416
2,534,2.7461051940918
2,214,2.62713432312012
2,591,2.3798942565918
2,170,3.13806533813477
2,477,2.37917900085449
2,509,2.44903564453125
2,83,2.5479793548584
2,535,3.10707092285156
2,188,2.61902809143066
2,519,3.06105613708496
2,310,2.61211395263672
2,335,2.98404693603516
2,199,2.9900074005127
2,360,3.28803062438965
2,37,4.42290306091309
2,268,2.84290313720703
2,453,2.38418579101563
2,396,3.04603576660156
2,226,3.30400466918945
2,182,2.36177444458008
2,42,2.34699249267578
2,586,2.29692459106445
2,261,2.36296653747559
2,55,5.59806823730469
2,111,2.64787673950195
2,379,2.21705436706543
2,582,2.33006477355957
2,31,4.13608551025391
2,343,2.76494026184082
2,136,2.81906127929688
2,166,2.6848316192627
2,133,3.35407257080078
2,570,2.27904319763184
2,150,3.62896919250488
2,47,3.4949779510498
2,13,3.48401069641113
2,492,2.27999687194824
2,390,2.17890739440918
2,441,2.2890567779541
2,62,4.21810150146484
2,516,2.91895866394043
2,96,2.19917297363281
2,313,2.4259090423584
2,574,2.9599666595459
2,290,3.15499305725098
2,11,2.78401374816895
2,321,3.27396392822266
2,250,4.83989715576172
2,340,3.31687927246094
2,371,2.25687026977539
2,285,2.27689743041992
2,465,2.42805480957031
2,256,4.20784950256348
2,174,2.20894813537598
2,154,2.1979808807373
2,115,4.28485870361328
2,288,2.36988067626953
2,117,2.35700607299805
2,280,3.27491760253906
2,69,3.09491157531738
2,24,2.26211547851563
2,325,2.49719619750977
2,338,4.46295738220215
2,425,2.62117385864258
2,558,2.3190975189209
2,119,4.01115417480469
2,552,2.67195701599121
2,389,2.39419937133789
2,384,2.24494934082031
2,501,2.2730827331543
2,466,2.29620933532715
2,192,7.05409049987793
2,452,2.6860237121582
2,107,3.0059814453125
2,44,2.1979808807373
2,61,3.31687927246094
2,533,2.32100486755371
2,140,2.35509872436523
2,432,2.28500366210938
2,500,2.55012512207031
2,554,2.26998329162598
2,35,3.45087051391602
2,249,2.33697891235352
2,151,3.16715240478516
2,356,2.3961067199707
2,507,2.43902206420898
2,244,2.51483917236328
2,595,2.84695625305176
2,458,2.34818458557129
2,331,2.57492065429688
2,88,2.64096260070801
2,406,2.29406356811523
2,359,3.1578540802002
2,544,2.60400772094727
2,526,2.60400772094727
2,194,2.26497650146484
2,599,5.02419471740723
2,478,2.96497344970703
2,585,2.27212905883789
2,457,2.42209434509277
2,547,2.67386436462402
2,442,2.5022029876709
2,424,2.50005722045898
2,18,3.42798233032227
2,557,2.50792503356934
2,400,2.74205207824707
2,145,2.87199020385742
2,15,2.67410278320313
2,49,2.26712226867676
2,2,2.31599807739258
2,157,2.54011154174805
2,59,2.44998931884766
2,142,3.01098823547363
2,45,2.23207473754883
2,522,2.44498252868652
2,169,2.29907035827637
2,531,2.28691101074219
2,502,2.24208831787109
2,556,2.26497650146484
2,446,2.30693817138672
2,433,2.40802764892578
2,114,5.55610656738281
2,57,2.51102447509766
2,598,2.50101089477539
2,241,2.42900848388672
2,210,3.04698944091797
2,357,2.17509269714355
2,367,2.25520133972168
2,207,2.46310234069824
2,108,4.19306755065918
2,90,4.23717498779297
2,493,2.58612632751465
2,128,2.40397453308105
2,469,2.54487991333008
2,354,2.43902206420898
2,366,2.29787826538086
2,436,2.36701965332031
2,597,2.46787071228027
2,39,2.26688385009766
2,355,2.63190269470215
2,164,3.21102142333984
2,68,2.98500061035156
2,399,4.31299209594727
2,112,2.56705284118652
2,278,2.79116630554199
2,197,4.70209121704102
2,370,2.36701965332031
2,282,2.56919860839844
2,101,3.63683700561523
2,215,3.05700302124023
2,317,9.33194160461426
2,512,5.0199031829834
2,46,5.01108169555664
2,580,3.25798988342285
2,172,5.3560733795166
2,344,3.32307815551758
2,513,2.98309326171875
2,281,3.33094596862793
2,476,2.78997421264648
2,3,2.84004211425781
2,98,3.89790534973145
2,351,6.65521621704102
2,451,4.08792495727539
2,225,3.79800796508789
2,368,2.95805931091309
2,122,2.71296501159668
2,506,2.80094146728516
2,307,2.67696380615234
2,212,3.29494476318359
2,594,2.76994705200195
2,600,4.78196144104004
2,463,2.58493423461914
2,240,2.65789031982422
2,542,2.34198570251465
2,186,2.31289863586426
2,126,2.46906280517578
2,524,2.32601165771484
2,435,2.33316421508789
2,263,3.61800193786621
2,358,2.29001045227051
2,479,2.27689743041992
2,64,2.34198570251465
2,104,2.20608711242676
2,555,2.56013870239258
2,100,4.07505035400391
2,323,2.21395492553711
2,65,3.54385375976563
2,175,2.30789184570313
2,6,2.82001495361328
2,350,3.55195999145508
2,30,3.12495231628418
2,426,2.97999382019043
2,243,2.3341178894043
2,316,2.60806083679199
2,364,4.81200218200684
2,398,2.21681594848633
2,144,3.65900993347168
2,230,3.28397750854492
2,287,2.65121459960938
2,74,2.87199020385742
2,576,2.21014022827148
2,578,2.61092185974121
2,16,4.31704521179199
2,95,2.48408317565918
2,242,3.31306457519531
2,549,2.2120475769043
2,584,2.2890567779541
2,97,4.26697731018066
2,191,4.24909591674805
2,583,2.25400924682617
2,77,3.44109535217285
2,374,3.05986404418945
2,302,2.85100936889648
2,395,2.98500061035156
2,110,3.26299667358398
2,514,2.28285789489746
2,383,2.35199928283691
2,252,2.88796424865723
2,527,5.1720142364502
2,474,2.90298461914063
2,73,4.18901443481445
2,217,2.2590160369873
2,202,2.61092185974121
2,274,2.8681755065918
2,510,2.37607955932617
2,9,2.29811668395996
2,548,2.84409523010254
2,401,2.2580623626709
2,238,2.22015380859375
2,50,3.18193435668945
2,376,3.1130313873291
2,377,2.26497650146484
2,84,2.93517112731934
2,472,2.65407562255859
2,373,2.75897979736328
2,545,2.98690795898438
2,596,2.66599655151367
2,541,2.29811668395996
2,529,2.37607955932617
2,562,2.88987159729004
2,185,2.96497344970703
2,92,3.42512130737305
2,443,4.73403930664063
2,439,2.30002403259277
2,306,2.69389152526855
2,348,3.19790840148926
2,33,4.25100326538086
2,341,2.37798690795898
2,4,3.48305702209473
2,155,4.26411628723145
2,297,3.20696830749512
2,216,3.22914123535156
2,413,2.17700004577637
2,490,2.97212600708008
2,540,2.78902053833008
2,391,2.4421215057373
2,444,2.35509872436523
2,224,2.88605690002441
2,314,2.80904769897461
2,80,3.64804267883301
2,121,2.40683555603027
2,220,3.92508506774902
2,553,2.32791900634766
2,592,2.81000137329102
2,253,4.32896614074707
2,276,5.81908226013184
2,289,3.88813018798828
2,407,2.29382514953613
2,565,2.30598449707031
2,283,2.98094749450684
2,320,3.06200981140137
2,40,2.29597091674805
2,473,2.53605842590332
2,440,2.22992897033691
2,422,2.96306610107422
2,179,2.21514701843262
2,315,2.33793258666992
2,488,2.50601768493652
2,333,3.39293479919434
2,572,2.31695175170898
2,437,2.50887870788574
2,300,2.40993499755859
2,375,3.15499305725098
2,259,2.50411033630371
2,511,2.31194496154785
2,168,3.0219554901123
2,159,3.0970573425293
2,454,2.3040771484375
2,85,2.76398658752441
2,455,4.6539306640625
2,456,2.26593017578125
2,412,2.6700496673584
2,353,2.26998329162598
2,109,3.79514694213867
2,563,2.60400772094727
2,67,4.24408912658691
2,520,3.18312644958496
2,1,2.22396850585938
2,427,2.24399566650391
2,345,3.08704376220703
2,311,4.22787666320801
2,269,3.09109687805176
2,48,4.34398651123047
2,189,2.21800804138184
2,308,2.90489196777344
2,434,2.80594825744629
2,468,2.60305404663086
2,148,2.2730827331543
2,372,2.46500968933105
2,258,4.27389144897461
2,205,2.85005569458008
2,162,3.17883491516113
2,419,2.5489330291748
2,36,4.78506088256836
2,203,3.5710334777832
2,408,2.24208831787109
2,494,2.42495536804199
2,173,2.95305252075195
2,423,2.19607353210449
2,251,2.5029182434082
2,200,4.18710708618164
2,550,2.58994102478027
2,332,2.69293785095215
2,326,3.3562183380127
2,196,3.56101989746094
2,508,2.17390060424805
2,208,2.36916542053223
2,124,4.32395935058594
2,543,3.17788124084473
2,87,2.36892700195313
2,361,2.62904167175293
2,137,4.28915023803711
2,523,2.31695175170898
2,416,2.30288505554199
2,471,2.71511077880859
2,257,2.4721622467041
2,201,6.54101371765137
2,246,4.33993339538574
2,590,2.35104560852051
2,411,2.85887718200684
2,156,4.17804718017578
2,218,2.6249885559082
2,222,2.26998329162598
2,462,2.5031566619873
2,56,2.22492218017578
2,106,2.86197662353516
2,21,2.36606597900391
2,160,2.29096412658691
2,295,3.99017333984375
2,219,2.8069019317627
2,165,2.54297256469727
2,402,2.35295295715332
2,266,3.29303741455078
2,337,2.9759407043457
2,273,2.55298614501953
2,392,2.88200378417969
2,334,2.27808952331543
2,566,2.2881031036377
2,12,2.32791900634766
2,227,3.08394432067871
2,176,6.7598819732666
2,181,2.93803215026855
2,254,3.3879280090332
2,147,3.11708450317383
2,415,2.2580623626709
2,489,2.30002403259277
2,339,2.82192230224609
2,139,2.42185592651367
2,528,2.36797332763672
2,153,2.74205207824707
2,53,4.1048526763916
2,573,2.37393379211426
2,362,3.82399559020996
2,382,4.30798530578613
2,81,2.66909599304199
2,177,4.25100326538086
2,206,2.87699699401855
2,211,2.70581245422363
2,262,3.01003456115723
2,43,2.22206115722656
2,14,2.46691703796387
2,63,2.36296653747559
2,564,2.70199775695801
2,380,5.22208213806152
2,475,2.49886512756348
2,234,2.40683555603027
2,75,3.82018089294434
2,521,2.61998176574707
2,158,2.38895416259766
2,229,3.71193885803223
2,329,2.66313552856445
2,309,2.25615501403809
2,577,2.2120475769043
2,161,4.31299209594727
2,483,2.24804878234863
2,405,2.28500366210938
2,575,3.10897827148438
2,410,2.17700004577637
2,127,2.22420692443848
2,103,2.82692909240723
2,482,2.42495536804199
2,587,2.22396850585938
2,305,2.26688385009766
2,532,2.40087509155273
2,58,2.15816497802734
2,420,2.9139518737793
2,567,2.28095054626465
2,486,4.66394424438477
2,460,2.67791748046875
2,141,3.58796119689941
2,279,2.2881031036377
2,352,2.6240348815918
2,504,2.36988067626953
2,487,2.26783752441406
2,429,2.59709358215332
2,41,2.18486785888672
2,213,2.27904319763184
2,515,3.06606292724609
2,593,2.41398811340332
2,38,2.61592864990234
2,10,3.14497947692871
2,588,2.42805480957031
2,568,2.34699249267578
2,146,2.53796577453613
2,394,2.85601615905762
2,34,2.35605239868164
2,303,2.56609916687012
2,480,2.63309478759766
2,163,4.26292419433594
2,193,2.24089622497559
2,579,2.4721622467041
2,277,4.83393669128418
2,22,2.21395492553711
2,204,2.73609161376953
2,459,2.39801406860352
2,94,4.26292419433594
2,560,2.4111270904541
2,152,2.30908393859863
2,86,3.2658576965332
2,363,2.97093391418457
2,293,3.27086448669434
2,149,2.37202644348145
2,561,2.31194496154785
2,143,2.89297103881836
2,247,2.25687026977539
2,223,2.40206718444824
2,91,4.34613227844238
2,497,2.60400772094727
2,346,2.38299369812012
2,505,2.40588188171387
2,5,3.00097465515137
2,551,2.49099731445313
2,7,3.80706787109375
2,105,2.3491382598877
2,393,2.34699249267578
2,387,4.92310523986816
2,178,3.53002548217773
2,538,2.7930736541748
2,388,2.5479793548584
2,286,3.49712371826172
2,129,2.29096412658691
2,270,4.18400764465332
2,450,2.50506401062012
2,518,2.77590751647949
2,131,2.26497650146484
2,236,4.16398048400879
2,54,4.01091575622559
2,404,2.23684310913086
2,304,2.81882286071777
2,125,3.6768913269043
2,296,2.31313705444336
2,116,2.25591659545898
2,99,4.15205955505371
2,130,2.31814384460449
2,82,2.37703323364258
2,484,2.67195701599121
2,267,2.8688907623291
2,102,3.55195999145508
2,403,5.64908981323242
2,228,2.95186042785645
2,589,2.43496894836426
2,447,2.39992141723633
2,381,2.99406051635742
2,559,2.26783752441406
3,50,3.34692001342773
3,438,2.18796730041504
3,504,2.42185592651367
3,390,2.21395492553711
3,116,2.27189064025879
3,372,2.42710113525391
3,412,2.72417068481445
3,106,3.17502021789551
3,171,3.03077697753906
3,102,2.91895866394043
3,547,2.72488594055176
3,309,2.24590301513672
3,584,2.31289863586426
3,60,4.38284873962402
3,581,3.08895111083984
3,369,3.69882583618164
3,417,2.69794464111328
3,5,7.55190849304199
3,379,2.52509117126465
3,469,2.68197059631348
3,280,3.3259391784668
3,98,3.19504737854004
3,153,2.87103652954102
3,239,2.63500213623047
3,362,3.79395484924316
3,481,2.37202644348145
3,371,2.27594375610352
3,178,3.71980667114258
3,334,2.29191780090332
3,55,3.10087203979492
3,361,2.84695625305176
3,200,4.2870044708252
3,529,2.2890567779541
3,33,4.40287590026855
3,394,2.84218788146973
3,298,3.51095199584961
3,108,4.24695014953613
3,368,2.54487991333008
3,418,2.32696533203125
3,301,2.78496742248535
3,423,2.47478485107422
3,206,6.03890419006348
3,25,4.44507598876953
3,212,2.75897979736328
3,349,2.5479793548584
3,63,2.34198570251465
3,545,2.32815742492676
3,229,3.75199317932129
3,281,2.31409072875977
3,471,2.84099578857422
3,182,2.3348331451416
3,149,2.42209434509277
3,136,2.90393829345703
3,506,2.29692459106445
3,121,2.57515907287598
3,437,2.63500213623047
3,413,2.29001045227051
3,118,2.31504440307617
3,499,2.29001045227051
3,172,3.94296646118164
3,100,4.14800643920898
3,240,2.66695022583008
3,18,3.4019947052002
3,315,2.40397453308105
3,146,2.51388549804688
3,576,5.07307052612305
3,460,2.87103652954102
3,11,2.78902053833008
3,187,2.18105316162109
3,186,2.21800804138184
3,53,4.24504280090332
3,49,2.28309631347656
3,434,2.76684761047363
3,110,3.19099426269531
3,73,4.23097610473633
3,325,2.52199172973633
3,457,2.4869441986084
3,386,2.99191474914551
3,210,3.03101539611816
3,252,2.57706642150879
3,370,2.49409675598145
3,407,2.36701965332031
3,414,2.29406356811523
3,393,2.19202041625977
3,61,3.27110290527344
3,522,2.4261474609375
3,271,2.18892097473145
3,236,4.61292266845703
3,181,2.95901298522949
3,8,5.3858757019043
3,191,4.31203842163086
3,75,3.91888618469238
3,290,3.24082374572754
3,452,2.67815589904785
3,533,2.37083435058594
3,232,3.33404541015625
3,15,2.69794464111328
3,376,3.22294235229492
3,141,3.64208221435547
3,233,3.60107421875
3,103,2.79903411865234
3,154,2.2730827331543
3,521,2.43282318115234
3,388,2.51913070678711
3,256,4.33897972106934
3,470,3.12995910644531
3,44,2.23994255065918
3,496,2.3798942565918
3,497,2.62713432312012
3,83,2.29787826538086
3,485,2.20394134521484
3,130,2.35104560852051
3,548,2.93707847595215
3,296,2.71892547607422
3,94,4.36019897460938
3,276,3.25798988342285
3,87,2.39205360412598
3,520,3.17811965942383
3,183,4.302978515625
3,113,2.42400169372559
3,88,2.6240348815918
3,155,4.24599647521973
3,467,3.21602821350098
3,47,3.60894203186035
3,223,2.31385231018066
3,177,4.29892539978027
3,461,2.3200511932373
3,306,2.67696380615234
3,126,2.56705284118652
3,389,2.43902206420898
3,487,2.28500366210938
3,165,2.55608558654785
3,9,2.35390663146973
3,513,2.25090980529785
3,305,2.23803520202637
3,582,2.23588943481445
3,477,5.37490844726563
3,262,3.3411979675293
3,263,3.66401672363281
3,135,4.2870044708252
3,501,2.34889984130859
3,80,3.78513336181641
3,40,2.35700607299805
3,586,2.24399566650391
3,491,2.57992744445801
3,299,2.89797782897949
3,591,2.48908996582031
3,35,3.43203544616699
3,161,4.30512428283691
3,247,2.27689743041992
3,391,2.35199928283691
3,192,4.49991226196289
3,593,2.37798690795898
3,184,2.25687026977539
3,439,2.39396095275879
3,111,2.62713432312012
3,287,2.61998176574707
3,410,2.46500968933105
3,340,3.43704223632813
3,297,3.23915481567383
3,498,5.23996353149414
3,563,2.71105766296387
3,180,2.59304046630859
3,243,2.31599807739258
3,302,2.84504890441895
3,569,2.52389907836914
3,30,3.09205055236816
3,316,2.51102447509766
3,308,3.04412841796875
3,1,2.2580623626709
3,7,3.74412536621094
3,226,3.36909294128418
3,12,2.31313705444336
3,432,2.29310989379883
3,456,2.29215621948242
3,196,3.59487533569336
3,490,3.01718711853027
3,453,2.25615501403809
3,415,2.2430419921875
3,250,2.35319137573242
3,538,2.8231143951416
3,279,2.288818359375
3,567,2.2130012512207
3,255,3.0980110168457
3,257,5.27286529541016
3,355,3.01003456115723
3,6,2.85482406616211
3,507,2.41613388061523
3,573,2.42209434509277
3,599,2.37107276916504
3,127,2.21014022827148
3,78,3.05891036987305
3,310,2.39801406860352
3,454,2.44307518005371
3,248,3.65090370178223
3,167,2.2270679473877
3,544,2.30598449707031
3,244,2.84314155578613
3,205,2.8080940246582
3,395,2.90703773498535
3,22,2.24089622497559
3,332,2.73704528808594
3,295,3.08918952941895
3,511,2.45499610900879
3,246,3.56793403625488
3,465,2.51388549804688
3,542,2.2728443145752
3,160,2.30598449707031
3,568,4.93097305297852
3,69,3.18002700805664
3,597,2.58708000183105
3,595,2.5789737701416
3,422,3.08394432067871
3,377,2.33602523803711
3,527,2.4569034576416
3,476,2.3500919342041
3,286,3.67403030395508
3,152,2.32887268066406
3,419,2.28404998779297
3,472,2.6850700378418
3,293,3.41200828552246
3,16,4.50992584228516
3,144,3.80182266235352
3,179,2.21896171569824
3,82,2.38895416259766
3,425,3.35097312927246
3,72,3.16596031188965
3,488,2.53486633300781
3,270,4.5158863067627
3,587,2.38204002380371
3,486,2.42090225219727
3,500,3.09300422668457
3,314,5.84506988525391
3,360,3.39412689208984
3,312,2.25305557250977
3,431,2.72107124328613
3,291,3.45182418823242
3,384,2.26092338562012
3,109,3.87787818908691
3,140,2.3500919342041
3,330,3.38602066040039
3,128,2.41899490356445
3,420,2.87890434265137
3,97,4.29511070251465
3,282,2.65693664550781
3,445,2.46691703796387
3,600,2.28595733642578
3,464,2.50101089477539
3,142,3.10707092285156
3,227,3.00383567810059
3,204,2.84385681152344
3,139,2.48098373413086
3,523,2.32887268066406
3,505,2.34699249267578
3,13,3.42917442321777
3,120,2.57086753845215
3,197,5.1720142364502
3,17,2.54082679748535
3,259,2.47097015380859
3,228,2.76899337768555
3,202,2.6099681854248
3,398,2.33006477355957
3,65,3.48186492919922
3,451,2.73489952087402
3,387,2.49719619750977
3,81,2.63404846191406
3,348,3.24082374572754
3,392,2.77805328369141
3,396,2.97904014587402
3,320,3.05604934692383
3,475,2.43997573852539
3,590,2.27904319763184
3,188,2.67505645751953
3,101,3.60107421875
3,134,3.24606895446777
3,4,3.56101989746094
3,99,4.21905517578125
3,380,2.61187553405762
3,512,2.37393379211426
3,45,5.06496429443359
3,222,2.32911109924316
3,585,2.23803520202637
3,260,3.87215614318848
3,570,2.27904319763184
3,382,4.24504280090332
3,556,2.29501724243164
3,269,3.03506851196289
3,48,4.27412986755371
3,54,4.05192375183105
3,358,2.2728443145752
3,514,2.30503082275391
3,253,4.2879581451416
3,458,2.35199928283691
3,92,3.15999984741211
3,31,4.1661262512207
3,221,3.67498397827148
3,317,3.43704223632813
3,163,4.21500205993652
3,71,2.96616554260254
3,449,2.41994857788086
3,217,2.43115425109863
3,190,6.66904449462891
3,114,3.56197357177734
3,131,2.2590160369873
3,406,2.2881031036377
3,311,4.26506996154785
3,231,2.41708755493164
3,541,2.23994255065918
3,96,2.19082832336426
3,589,2.3810863494873
3,170,3.24606895446777
3,339,2.83098220825195
3,265,2.81882286071777
3,203,3.57794761657715
3,284,2.9900074005127
3,215,2.37798690795898
3,385,3.52311134338379
3,242,4.01210784912109
3,64,2.65097618103027
3,493,2.62904167175293
3,278,2.82788276672363
3,125,4.05097007751465
3,225,3.2188892364502
3,289,3.98015975952148
3,62,7.67302513122559
3,85,2.86507606506348
3,534,2.7010440826416
3,74,2.9449462890625
3,347,2.78592109680176
3,52,2.49814987182617
3,39,2.38800048828125
3,561,2.3200511932373
3,115,4.25410270690918
3,219,2.73799896240234
3,466,2.26807594299316
3,550,2.58994102478027
3,537,2.37703323364258
3,474,2.91299819946289
3,543,2.9909610748291
3,426,2.95400619506836
3,28,2.80404090881348
3,447,3.07202339172363
3,51,2.80308723449707
3,189,2.61306762695313
3,433,2.76088714599609
3,79,3.73101234436035
3,516,3.48615646362305
3,484,2.76994705200195
3,430,5.4478645324707
3,145,3.00002098083496
3,354,2.49814987182617
3,272,2.47406959533691
3,539,2.53105163574219
3,148,2.26402282714844
3,338,4.33683395385742
3,588,2.33197212219238
3,402,2.26020812988281
3,530,2.22206115722656
3,193,2.23898887634277
3,300,2.3798942565918
3,492,2.33101844787598
3,333,3.52907180786133
3,459,2.46477127075195
3,24,2.25305557250977
3,176,4.49204444885254
3,42,2.34198570251465
3,235,3.32403182983398
3,364,2.60806083679199
3,268,2.73299217224121
3,143,2.96711921691895
3,194,2.26902961730957
3,132,7.23385810852051
3,2,2.50506401062012
3,292,4.19712066650391
3,463,2.63690948486328
3,446,2.38800048828125
3,207,2.53987312316895
3,450,2.56800651550293
3,95,2.37894058227539
3,571,2.64716148376465
3,151,3.53813171386719
3,90,4.37593460083008
3,21,2.38609313964844
3,107,3.0372142791748
3,70,4.49299812316895
3,41,2.26998329162598
3,508,2.22396850585938
3,288,2.48599052429199
3,532,2.3648738861084
3,518,2.88796424865723
3,353,2.44593620300293
3,59,2.54702568054199
3,482,2.41494178771973
3,479,2.22682952880859
3,555,2.55990028381348
3,105,5.30290603637695
3,428,2.51889228820801
3,283,3.09491157531738
3,549,2.32720375061035
3,14,2.50005722045898
3,249,2.44688987731934
3,117,2.29692459106445
3,409,2.35390663146973
3,546,2.33197212219238
3,104,2.29811668395996
3,328,2.25520133972168
3,274,2.77805328369141
3,237,2.49910354614258
3,494,2.2590160369873
3,77,3.44991683959961
3,335,2.77996063232422
3,540,2.77900695800781
3,93,2.6850700378418
3,336,2.36988067626953
3,399,4.3189525604248
3,303,2.6240348815918
3,510,2.4111270904541
3,403,2.57611274719238
3,241,2.43997573852539
3,211,5.41210174560547
3,400,2.87985801696777
3,213,2.23207473754883
3,273,2.53891944885254
3,20,2.1510124206543
3,350,3.67188453674316
3,159,3.04102897644043
3,238,2.3188591003418
3,378,3.67212295532227
3,258,4.18210029602051
3,27,2.81214714050293
3,337,2.95686721801758
3,326,3.29899787902832
3,169,2.29191780090332
3,124,4.20403480529785
3,448,2.26283073425293
3,122,2.29811668395996
3,322,2.37083435058594
3,381,3.0829906463623
3,343,2.77495384216309
3,598,2.51388549804688
3,404,2.38895416259766
3,261,2.41518020629883
3,275,5.1569938659668
3,562,2.93087959289551
3,405,2.30717658996582
3,519,3.45301628112793
3,346,2.57301330566406
3,441,2.2580623626709
3,444,2.45308876037598
3,592,2.83598899841309
3,515,3.1731128692627
3,509,2.26497650146484
3,138,2.29096412658691
3,230,3.41200828552246
3,366,2.58922576904297
3,173,2.68912315368652
3,489,2.33292579650879
3,174,2.25400924682617
3,224,2.89416313171387
3,216,3.24392318725586
3,473,2.59900093078613
3,37,4.31203842163086
3,344,2.48098373413086
3,524,2.30312347412109
3,123,4.24790382385254
3,147,6.08301162719727
3,574,3.05700302124023
3,495,2.21920013427734
3,195,4.17494773864746
3,572,2.24494934082031
3,552,2.66885757446289
3,416,2.38990783691406
3,162,3.04293632507324
3,150,3.58700752258301
3,535,3.04579734802246
3,319,3.11899185180664
3,577,2.20990180969238
3,526,2.5169849395752
3,267,2.29811668395996
3,119,3.83114814758301
3,427,2.32911109924316
3,43,2.35199928283691
3,304,2.71201133728027
3,455,2.19821929931641
3,502,2.23588943481445
3,442,2.41398811340332
3,480,2.58207321166992
3,46,3.80301475524902
3,528,5.16200065612793
3,56,2.29191780090332
3,89,2.22587585449219
3,558,2.27808952331543
3,318,2.3190975189209
3,411,2.87914276123047
3,38,2.57205963134766
3,36,2.25520133972168
3,560,2.38609313964844
3,234,2.39801406860352
3,478,2.91705131530762
3,578,2.7620792388916
3,596,2.40612030029297
3,32,4.18496131896973
3,397,2.4259090423584
3,373,2.7768611907959
3,329,3.2050609588623
3,3,2.76494026184082
3,323,2.23088264465332
3,363,3.01599502563477
3,359,3.20005416870117
3,251,2.75087356567383
3,408,2.33197212219238
3,137,9.55414772033691
3,307,2.63214111328125
3,583,2.34293937683105
3,374,3.52692604064941
3,157,2.77495384216309
3,34,2.33101844787598
3,553,2.23684310913086
3,164,3.23820114135742
3,156,4.05287742614746
3,321,3.35693359375
3,220,3.84402275085449
3,214,2.60210037231445
3,435,2.31599807739258
3,525,3.10397148132324
3,209,4.30202484130859
3,76,2.32696533203125
3,365,2.47502326965332
3,19,3.48997116088867
3,356,2.37178802490234
3,86,3.3729076385498
3,559,2.3200511932373
3,158,2.22086906433105
3,201,4.06098365783691
3,129,2.36105918884277
3,551,5.62000274658203
3,429,2.69508361816406
3,327,2.7620792388916
3,352,2.60400772094727
3,436,2.34293937683105
3,565,2.31599807739258
3,357,2.14409828186035
3,58,2.27904319763184
3,440,2.14695930480957
3,294,3.06797027587891
3,443,2.31313705444336
3,324,4.01091575622559
3,84,2.95305252075195
3,277,2.35414505004883
3,208,2.36701965332031
3,29,2.67601013183594
3,133,3.43799591064453
3,198,2.27499008178711
3,580,2.40397453308105
3,57,2.61402130126953
3,341,2.44307518005371
3,594,2.26283073425293
3,26,2.24900245666504
3,185,2.81906127929688
3,424,5.28383255004883
3,554,2.39896774291992
3,531,2.27904319763184
3,468,2.59900093078613
3,199,2.88677215576172
3,218,2.55584716796875
3,483,2.1970272064209
3,331,2.83002853393555
3,383,2.96187400817871
3,536,2.27999687194824
3,112,2.3801326751709
3,401,2.28404998779297
3,421,2.39014625549316
3,375,3.27587127685547
3,91,4.41217422485352
3,67,4.46605682373047
3,168,2.99382209777832
3,10,3.36885452270508
3,566,2.3040771484375
3,557,2.45499610900879
3,564,2.64716148376465
3,575,3.20696830749512
3,345,3.26013565063477
3,23,3.22890281677246
3,462,5.6760311126709
3,579,2.43115425109863
3,166,3.03411483764648
3,517,2.25090980529785
3,342,2.83598899841309
3,245,2.38204002380371
3,285,2.31599807739258
3,254,3.11684608459473
3,313,2.52604484558105
3,66,4.30107116699219
3,264,2.30813026428223
3,351,3.09014320373535
3,367,2.24208831787109
3,503,2.23994255065918
3,175,2.31409072875977
3,68,2.99906730651855
3,266,3.3271312713623
