case_id,source,line_hash,rank,top1,top3,milliseconds,max_score_difference,same_top3
1,blogs,f27ea2d29c7104c919b3db28c6665a75f06509e20abfce2a096f6bd7fdee17a5,2,FALSE,TRUE,4.90188598632813,6.66345485935693e-05,TRUE
2,blogs,2e33f63c7626dbc369773847be674268e62ff845811d0f1a707abb82d030fda8,0,FALSE,FALSE,2.83598899841309,6.16672802529195e-05,TRUE
3,blogs,3a5c23d72140c92c25f4fbd08b9ac0feecee320dc88c6ee630121fbb1dc7ba3f,1,TRUE,TRUE,2.99191474914551,0.00010283462583871,TRUE
4,blogs,150f418fb152be9cb918f6a5cddb03c13ba3de68e7a2ad474b9d73f9888b10db,0,FALSE,FALSE,4.10604476928711,5.41294417200078e-05,TRUE
5,blogs,379382c7ed6229fb6a69c6e7589b03d3240417a25dc4be8d5bfa25a7d0e6a114,1,TRUE,TRUE,3.50022315979004,4.20764720399092e-05,TRUE
6,blogs,1a3d0e172a1fcc90d98522daac9c53c1add1ae3f5e1b59bfafdbaf7f15ea7e13,0,FALSE,FALSE,3.23009490966797,0.000100697077288991,TRUE
7,blogs,b1bdb15784994402f4445749c82f4d5fa4972fe0ae3f775cd198f3db707ed5c7,0,FALSE,FALSE,5.23805618286133,7.88451524647016e-05,TRUE
8,blogs,75ec673b2b31cde02d81eb99e409f3c60f43ed1afdb8d3477a01196e43e64dc7,0,FALSE,FALSE,3.20291519165039,6.47892759211288e-05,TRUE
9,blogs,640a825583d8a72a7cd2175016d14e07d28d2bdd55709dbc8634270dfaec9da5,0,FALSE,FALSE,3.24797630310059,9.30577439470781e-05,TRUE
10,blogs,91507145be5cf1fad2815adf342860b6bdac455d8db048b0374aa8c35cea72ae,0,FALSE,FALSE,3.72099876403809,2.71749418292444e-05,TRUE
11,blogs,b72474f50716169e9748a2eb8e76b7ab5e47c06dda75b8e74db7920d216f09bc,0,FALSE,FALSE,3.32808494567871,6.08598980642583e-05,TRUE
12,blogs,4e8895ae50463f9bb1588854743dfddeff57c6d568879614efeb3e276882ab37,0,FALSE,FALSE,2.68292427062988,9.04564513097839e-05,TRUE
13,blogs,8334b4540dfa719754aa0de65ed2e2986c1843ed87663872cd9a57a7753146d8,0,FALSE,FALSE,3.9668083190918,6.04181452477093e-05,TRUE
14,blogs,c32c3e1300b8358f8bf7ec24bd106bbef01d3579e2c273272d5efc7b145fa792,1,TRUE,TRUE,2.89201736450195,4.29994042168147e-05,TRUE
15,blogs,41b8bc114e6a873a647502ff550d0b54a9f7fdb2fdb10bff657a8df21d400073,0,FALSE,FALSE,3.14879417419434,6.59016077229069e-05,TRUE
16,blogs,b57186493fa3a2c547d996aa77e54272d923628b38b4516aea24441809f9338e,0,FALSE,FALSE,6.6981315612793,8.75161312814399e-05,TRUE
17,blogs,6fda27b4519c3b1f949aa789fafd4633a2f4715428108f635f869b6f6abb47e4,0,FALSE,FALSE,2.55584716796875,6.25101318165733e-05,TRUE
18,blogs,8e31aa2486bd2af28e15adf7c3e90c3c5b00791a9a32397ade5784dc34970532,0,FALSE,FALSE,3.37791442871094,3.40122229633977e-05,TRUE
19,blogs,7d7f9e354d8330b014d1ef7c7cb1d9701045bc373464c2dff27577df2203228f,0,FALSE,FALSE,3.31592559814453,7.10641925110167e-05,TRUE
20,blogs,32cd52cb54a0a85df0b971cd8c0dec12b0e8fca77376c9ed9eed5d52992e76d9,0,FALSE,FALSE,2.15792655944824,5.57213917087296e-05,TRUE
21,blogs,3f11bb930af28be6636d3b7d33c9d93c16b75c68d23c735cac8a5f410b6e3565,0,FALSE,FALSE,2.35700607299805,5.41839715992865e-05,TRUE
22,blogs,c3c80837aa0856c9606e04dcab979b22143dbe7815d5c469b05d365064138398,0,FALSE,FALSE,2.17294692993164,6.04894539435463e-05,TRUE
23,blogs,f9c18fac0730e3adf3d480213575a4cbb220eb2947050930de7197229981d9fd,1,TRUE,TRUE,3.0817985534668,9.4352058127356e-05,TRUE
24,blogs,3de6e4df992e71eb825eca79e7a59069fc50a064448f89979e471bcc3c22ba75,0,FALSE,FALSE,2.32410430908203,5.82352179936407e-05,TRUE
25,blogs,cd672f6d7025d9ad0026cbba9bb3fe3ed6e71093ac88175f8ac2bc4e94f32a5a,1,TRUE,TRUE,4.28891181945801,3.64916222164169e-05,TRUE
26,blogs,ffffbefc9a109669ff1a3ad2756ffb1b534daee5f90fa1162e36b37538116f43,0,FALSE,FALSE,2.29787826538086,6.38765857372547e-05,TRUE
27,blogs,bf42c863d826b55a8070e1b8271fe6f2e04ddbc417207c1f1eb541701a91196f,2,FALSE,TRUE,2.87008285522461,7.84705176215539e-05,TRUE
28,blogs,d67f3e27829d44de0441ec7eed10ea7e2c56c932e9f84f5bd174bd098965c994,0,FALSE,FALSE,2.97808647155762,9.28331880043487e-05,TRUE
29,blogs,0989b5237eb48e59cad83dca5762b211d7ce5641230183f24ce883fe76205abd,0,FALSE,FALSE,2.7310848236084,6.09059245348931e-05,TRUE
30,blogs,5cd9b83ec4ed2b0d02e2007d2c0408dba6b5ac9fc94263f469660eb274c34f1b,0,FALSE,FALSE,3.51285934448242,0.000100311620433224,TRUE
31,blogs,dce1fad10ecb15835e20e771fa9582bbfa84509f2029a76bc26617a09e82b6b4,3,FALSE,TRUE,4.55713272094727,6.88720272821186e-05,TRUE
32,blogs,cf963c65aa4e6aec5caff27f73e21a65cd1c496deca38dead971f519caa4a10f,0,FALSE,FALSE,4.96602058410645,7.70417858317885e-05,TRUE
33,blogs,eb9f5bb77c9a3c3e31f269b25b42f96b69b7430186e38f0867f9015ccaa73417,0,FALSE,FALSE,4.9889087677002,4.75578270950905e-05,TRUE
34,blogs,bd8985b74110ad26e2fc4ca3546ed2b4395d03a592c0585c2d7de7e26f1fab49,0,FALSE,FALSE,2.82001495361328,0.000215326958612039,TRUE
35,blogs,7cc50f2dcfa90fef70167174027dcc0a2745896138b6bca25927ca90a44949c9,0,FALSE,FALSE,3.93795967102051,4.69837811216678e-05,TRUE
36,blogs,1c5951e89a7e0d1267c533d6451876a1334d82fe301be34c567c2f0ab8d99491,1,TRUE,TRUE,2.64692306518555,0.000111126209169754,TRUE
37,blogs,b25f994e529814b9fdf2bb21c64f49575041399a9bbcac0b4eea0554023236f1,0,FALSE,FALSE,4.6849250793457,7.0388749779049e-05,TRUE
38,blogs,7a3925616ed56a8b85d5847676ae5aa6555e924f9eafdd9a0c743f1a2e30b300,0,FALSE,FALSE,3.02696228027344,7.56357534070773e-05,TRUE
39,blogs,7ed840123b75f79024bc8d1dc218fd0f321c243a4f61574d890d2d41b9ef8f5c,0,FALSE,FALSE,2.67195701599121,0.000104479010674119,TRUE
40,blogs,352c4a5237c0f7936acfceaf5fcb6ad851c1ec3bec851f002f8f2afc631ec909,0,FALSE,FALSE,5.76090812683106,4.07432893032578e-05,TRUE
41,blogs,d2060adc06b000c7a152cb9ebd9c97fc8482baccbb7d26a051b8c99ecedb0020,0,FALSE,FALSE,2.26092338562012,5.62327720174949e-05,TRUE
42,blogs,48a8a3b3ef24a02d736f34936f68558dd17258253c096871ec4c33fd0feda660,0,FALSE,FALSE,2.3798942565918,3.01764916041947e-05,TRUE
43,blogs,19d04f212bb0c9a83fc08d9844cccf7fa83000c4c8f5d5bf0bacd5a1bfdbcfe1,0,FALSE,FALSE,2.39706039428711,5.65731641177791e-05,TRUE
44,blogs,7cc7aa0a9cd8c2f9e0ad4e8bdde615c25d284ba8b1ce1e13bc16ad6ea987bf57,0,FALSE,FALSE,2.39801406860352,5.28993507575848e-05,TRUE
45,blogs,8af68e87d85431bd6bc7a862171855c16c0791857530d46d4dfec1deddc23696,0,FALSE,FALSE,2.20108032226563,5.8165088907991e-05,TRUE
46,blogs,f4f91a0016cfe63d6bc462744ca56478e36afc5c906dfa42905d004ead7ac90a,0,FALSE,FALSE,3.57890129089355,8.01138484654018e-05,TRUE
47,blogs,d5054b72c01dd6e1d22489654daa3ef8d380be567c39326fe54107968958b2e0,3,FALSE,TRUE,3.59392166137695,4.12030308298839e-05,TRUE
48,blogs,bb30fe263c00366818d0e6d06bfd8e9569b764d3ccb1384e3a002358c31381ae,0,FALSE,FALSE,4.75811958312988,0.000110894027222308,TRUE
49,blogs,d267074911573a6de4266cd018b5ff9d916c188df7e0bc04617ed99ed72e7548,3,FALSE,TRUE,2.38299369812012,5.75456776665817e-05,TRUE
50,blogs,289ecbb05bd1df116b388dfce818a704ce3b45504536e71478dbb35484478a89,0,FALSE,FALSE,3.37386131286621,7.29180822247599e-05,TRUE
51,blogs,27b71126ec92112afb54eb000137182029bfcd0ebc3d6dbd6cd6d9483e3a4234,0,FALSE,FALSE,2.39086151123047,9.18253744330855e-05,TRUE
52,blogs,ddede43370fa553ae2705c278f52107fabdba65412378756953c6d27913bcf0a,0,FALSE,FALSE,2.79498100280762,9.29605852997284e-05,TRUE
53,blogs,5918f37fca3c7089c9f83756790ef55fa02549c3383a53e67e7ec28401bb412b,0,FALSE,FALSE,4.56309318542481,6.7123338345354e-05,TRUE
54,blogs,2a2c45f7d25bf1f3be66a95a02a88f42d3b03e2016e5bce15e735cc9c26910a8,1,TRUE,TRUE,4.23002243041992,9.63384851546678e-05,TRUE
55,blogs,1b318a52a1fc587e9425cc21811759c771ea51381d41a018d6a4bd3d02cc45ae,0,FALSE,FALSE,3.21292877197266,0.00012126943573243,TRUE
56,blogs,580589c89a508ed2f4b1766886ba623bec667f18bbb282189b3d36ecd412209c,3,FALSE,TRUE,2.29096412658691,6.49539930375198e-05,TRUE
57,blogs,50b9d5391f73c1fe0c14b262ff5abeb64fa1e880491b3cdf9736900d8f29a7a3,1,TRUE,TRUE,2.74991989135742,7.4178793461499e-05,TRUE
58,blogs,929846bf043468a80ab4f13004e997e29b18248e39cd61f60c2f2483e82ae9d9,0,FALSE,FALSE,2.28691101074219,6.1109592750519e-05,TRUE
59,blogs,361aa83793b17e1cb64a7e78bebe2c9dde88d0751b7ef508242823501bf26cf1,3,FALSE,TRUE,2.58803367614746,6.22693360350368e-05,TRUE
60,blogs,0ec1f7437566873287fb4ce2337545d15b04fc9859d7c9df732eaf3828b639ff,3,FALSE,TRUE,4.6689510345459,8.67211604118623e-05,TRUE
61,blogs,8a408670d1fffe106c3249c50114ed0ee76b8aba4d1cea1ba97bbef380613c9a,0,FALSE,FALSE,3.56912612915039,8.77948156920994e-05,TRUE
62,blogs,d3aa691ddc018a6d5fadf674929c511806af19a69aa261d8c173c0ea587b5c3f,0,FALSE,FALSE,4.55188751220703,7.12932301940583e-05,TRUE
63,blogs,59d0f2409d827263bcda66b91fcabe32b1ef885a9550d6898df2a271a5ec034d,0,FALSE,FALSE,2.75301933288574,0.000170699008831932,TRUE
64,blogs,c49d87c5affe4e36ae34217c03e51abadf80293b674c00e50068902705ba16ca,0,FALSE,FALSE,6.04605674743652,6.78680814374388e-05,TRUE
65,blogs,769d17e744efc9f359f472b33b7eb105cfeacd41c8a520c02c0c4aadd552c805,0,FALSE,FALSE,3.58200073242188,6.39568002540614e-05,TRUE
66,blogs,14fc8df07a8d53d992cd72761a6265695f6c1fdeced1febb4fa01fc775b2777e,1,TRUE,TRUE,4.37808036804199,8.05944465120945e-05,TRUE
67,blogs,83a1203467cbe6489cac8a50d562ea477b423c9ebb81fd31272f9342e90ffc34,0,FALSE,FALSE,4.49299812316895,6.75532883640528e-05,TRUE
68,blogs,6d5ed27525ca9d74933058c30ac43026dc1e3f55835b8ebe864d70b14add954c,0,FALSE,FALSE,3.16691398620605,0.000156649281773724,TRUE
69,blogs,a84b2495026668563d2d2b80e26c295978500cb674de72c200fcd9aa5d99ab93,0,FALSE,FALSE,3.06582450866699,8.16944247485907e-05,TRUE
70,blogs,f388cd77a4ea5c2114bec4dec6f7757e3b4fbae9eb400d8097f0d77d02748e35,1,TRUE,TRUE,4.34303283691406,8.55158961829972e-05,TRUE
71,blogs,e950195b249e4732f401a15b796b714944447b9025203d3108daf112473e750e,0,FALSE,FALSE,3.0210018157959,0.000106656449738729,TRUE
72,blogs,5ddc58f751c00ce74fe573241d6f045e9a5c1e0e56b5d4d43fb3f7a0556007a1,0,FALSE,FALSE,2.60496139526367,4.48298913031664e-05,TRUE
73,blogs,3e691c6574767bc1494057f084358db0f018e395f8195813f147b4177033d5bf,0,FALSE,FALSE,4.31609153747559,0.000132130933986119,TRUE
74,blogs,50c3f1c845a617b0e1552789043c90e959d925ed130f6f05de05d4c07d96a2b7,1,TRUE,TRUE,3.0980110168457,7.39922199883836e-05,TRUE
75,blogs,4054deecb174f717e2fe6fe7bd4095a27d06200b8043af5b7d915eb985ef27a3,1,TRUE,TRUE,3.98993492126465,8.9387546369224e-05,TRUE
76,blogs,e7e127780d035bd0c76f2ac65a8d93edc08d0bd8ee5b7014ad0f28d53b615cdd,0,FALSE,FALSE,2.54917144775391,4.39895017798619e-05,TRUE
77,blogs,0999a671801d5c56c9233b675d4d7065e41fde5cde8dd4a5a64a1220029d3e22,0,FALSE,FALSE,3.88097763061523,5.94494689130087e-05,TRUE
78,blogs,67220dc16dbbefd83c149fb4bd803213d89492cd5fc9f6acec32669b8f0253fe,1,TRUE,TRUE,3.2050609588623,9.05193175455565e-05,TRUE
79,blogs,764597b8401ca8bd3f09abd8c82151731453da8f44bdc36f11bb4997b73165d2,0,FALSE,FALSE,3.26800346374512,8.67906091572834e-05,TRUE
80,blogs,75fbc187e71ed80033bdace43c3626ab186cb429aaca32b6f08c9b1b0b8444b6,0,FALSE,FALSE,3.76319885253906,9.22888879992811e-05,TRUE
81,blogs,cd15e561e7fc867b9c2e835e800154bd0be757e6d640fadc314f677476e5b7b5,0,FALSE,FALSE,2.68197059631348,8.49283306250115e-05,TRUE
82,blogs,ae8bf5c69965afe9d176327f89b31a40337814b960d80ae01bc968dd46cc3349,0,FALSE,FALSE,2.33721733093262,9.36000474842658e-05,TRUE
83,blogs,249ceba8002b87707e882c3b63b9feb25d5764164d7de7b50b6a4e442032994b,0,FALSE,FALSE,2.38299369812012,6.7396652366547e-05,TRUE
84,blogs,088086dcb5715f8edea12bf99b220bd79151ef92d8d5639b9ce6ff2af750aa3c,0,FALSE,FALSE,3.05914878845215,7.78667342427042e-05,TRUE
85,blogs,535e5a5dfe34014f1aa3060f920ac58e2b09d9acea67a8f520c8f578cbe60864,0,FALSE,FALSE,3.02815437316895,5.60808409133529e-05,TRUE
86,blogs,69d90146172c7597139af760c5db39978c46da358088125d8d8018e407866988,0,FALSE,FALSE,3.7379264831543,6.04370120624864e-05,TRUE
87,blogs,30a9f0776e80a74797c413ea192774c5b1e6e0e956f224b86e82f54713ec3e08,0,FALSE,FALSE,5.83791732788086,0.000131414647368544,TRUE
88,blogs,f90f6dbdc4c899da2381c21acdcbcba25e82f0028d37b93e8e9c2b37b334b20b,0,FALSE,FALSE,2.66695022583008,4.29133708088614e-05,TRUE
89,blogs,67a5c87095d7430d61a213350a487b0accdd17112ceed832ba93af6dc39b3e4d,1,TRUE,TRUE,2.49791145324707,4.69925027148932e-05,TRUE
90,blogs,eb7d4242ad15e73cca7b4e53af9564d1a63b6a510e7a56c218d37b0d625547f8,0,FALSE,FALSE,4.41193580627441,5.84407342554272e-05,TRUE
91,blogs,b8daf113cf9a3b6204e823218b188ffcbfa85bf1e8b8f9d229d75376f9be2ee5,0,FALSE,FALSE,4.28199768066406,6.00756468980279e-05,TRUE
92,blogs,95124b3051baf8659f3adaebbdb44983593a0997272bee4d373b5bc38414521f,0,FALSE,FALSE,3.31711769104004,5.20996664157281e-05,TRUE
93,blogs,282b497fbec0178811613bbdba5ff9eec0c1ee54a0094898833227e3195cc29c,0,FALSE,FALSE,2.80284881591797,5.42598716677389e-05,TRUE
94,blogs,509296d7af69829fce10c4fd63587460123a0b8af109b6cb341c049eaba5f153,1,TRUE,TRUE,6.49809837341309,9.66854895931846e-05,TRUE
95,blogs,a7b1855e998e5636d2a0ea7547dbefcac979b5cd94d74c0ecf03157e070feca3,0,FALSE,FALSE,2.62618064880371,5.49647722092317e-05,TRUE
96,blogs,67a15e555ce8350272b10576f900f5bbf03ba45fcdc6732e5989f6021fd1c734,0,FALSE,FALSE,2.47287750244141,0.000127262918550031,TRUE
97,blogs,ffc6a00a75bcc4917e4e5405de5b513c8567c6ff1c829ba5510ed5166a084c1b,1,TRUE,TRUE,4.53615188598633,0.000104645079797905,TRUE
98,blogs,6bb422a226d7c6f7d2a40d30f944587021e16c54880bcf2b3e0743660ea40c56,0,FALSE,FALSE,3.39102745056152,6.49343220313625e-05,TRUE
99,blogs,057f13ec60395b2844f2b28f3d1291cf3e85e1064f584ee4e0e2a85179a21d5e,1,TRUE,TRUE,4.42695617675781,8.26547803338684e-05,TRUE
100,blogs,7313906fc7c18edc1cf436c1f991cd4fef7cf0778b3cd69a6e5b24f5aa353540,0,FALSE,FALSE,4.425048828125,8.77487906434382e-05,TRUE
101,blogs,97e5167a0cd7d3e8ca22727841a734bdb5bd80e62a3d8258538561178346eb78,0,FALSE,FALSE,3.81183624267578,4.04339963386846e-05,TRUE
102,blogs,d79c04c6f0e22149c1c9006a42e3e9c7f9df76cb6e1390cfdcebabcbb51bb8a9,0,FALSE,FALSE,2.90203094482422,5.98449355262432e-05,TRUE
103,blogs,4dd737184fc361b8cf976ef430f2dd21985f4e868137c42a996e8e3e695ccd95,2,FALSE,TRUE,2.83193588256836,8.06069805872056e-05,TRUE
104,blogs,ac9a8a0d3cfe9c7bb2f3b752bf5c26ab3c69ed2f372c9839e4d8b1fbf6ed0331,1,TRUE,TRUE,2.27212905883789,5.49214053426894e-05,TRUE
105,blogs,9dbee1eacb6a2dc2637f5fc3d44059ea4bcf626edc2c4f21d738ac16c883e40a,0,FALSE,FALSE,2.30598449707031,5.88277692044059e-05,TRUE
106,blogs,62a099be03468391755a96421abbe0f9e5b0162d527f2962dcdadf8c95573dcd,0,FALSE,FALSE,2.93087959289551,8.31368715612513e-05,TRUE
107,blogs,091877a1635d9a665633883b50bd5dc36bc5ca9e5585d0983bb1a29b4a8c3d1e,1,TRUE,TRUE,3.13186645507813,8.26784195062658e-05,TRUE
108,blogs,9c8d9ad6fa9079fd13f306d57eee0dc27528927bc26c393dd88fe8a4394bd34b,0,FALSE,FALSE,4.49800491333008,0.000114247911946919,TRUE
109,blogs,a891f0e31026aea17b7e618ecb1770f88745de47af609e61c3c463d370c1008d,0,FALSE,FALSE,4.35209274291992,8.85739059395263e-05,TRUE
110,blogs,5d92b68393bbdb849fc1ebfad9c6b34cd6538758370ddc7ad3629fced60a5d7f,2,FALSE,TRUE,6.89387321472168,4.75331475469076e-05,TRUE
111,blogs,74dfb95052a454d55132e41c8b4dcaef8477b01e8c7ab901d723b5f0e161b6e2,0,FALSE,FALSE,3.04698944091797,7.17486977261927e-05,TRUE
112,blogs,8cd3930f92a0a8ebcb133d931ebe48117c56b2235e341a4583296c55f8c9e250,0,FALSE,FALSE,3.21698188781738,5.6047114171065e-05,TRUE
113,blogs,30490f8f285188f117b5dc1339c3693c23a69819f1a0ee69322f604d9ec499eb,1,TRUE,TRUE,2.6090145111084,7.30331568536968e-05,TRUE
114,blogs,24d039524a223ce53179db33269afa83fdae9e4d5d1e4ab8858082ff731c2a15,0,FALSE,FALSE,3.44300270080566,9.0850197798531e-05,TRUE
115,blogs,f4d9e25f742070aec6a949d7197d30714a6a67b120226b3d1eaf85136351db0c,1,TRUE,TRUE,4.26912307739258,7.33656957203621e-05,TRUE
116,blogs,6a4e3a33617c4fe6ab7ef6486f850708e32ea6014ca3d9c67dc608012463a971,0,FALSE,FALSE,2.67910957336426,0.000143724158490954,TRUE
117,blogs,301733dbfab361290501489be559d8c81ed730e6b752acea9cfe4fcaf92b9900,1,TRUE,TRUE,2.65407562255859,0.000108149463009966,TRUE
118,blogs,e9d59ebbbf86bfaf89c2a88befb5ab14401779a524e927d619a1ab87e0d8bba2,0,FALSE,FALSE,2.66408920288086,9.24012994243384e-05,TRUE
119,blogs,5dbfe67d0d54de168c6c7693cf911b389b643c7605560d75c61dcc324cb7c9f9,0,FALSE,FALSE,4.14395332336426,8.67854557862202e-05,TRUE
120,blogs,2bc6ee6e94906badea024b70b2aac8873e18f8f12396aa3e20a49321e0c12021,0,FALSE,FALSE,2.82502174377441,0.000149712071960906,TRUE
121,blogs,ff60fd0c2b5a8c0d0e293887350048ce6489caf891ebef6202418289bce6e77b,0,FALSE,FALSE,2.88987159729004,7.15650362526077e-05,TRUE
122,blogs,944a591a2802feee58d0ee711428ff20c4f16e702aa72d72ea4fc1c77057c67e,0,FALSE,FALSE,2.25996971130371,8.51660938492316e-05,TRUE
123,blogs,beef00b6a3aa10e4e2713d2e117c6719e5cb12f4b8b0a792a21f714430ed2461,0,FALSE,FALSE,4.30107116699219,5.32469491592025e-05,TRUE
124,blogs,19e0072349b355cd43d26b51eadf2572e236292a915cd0aa89f9925e0f5698ab,0,FALSE,FALSE,4.43387031555176,5.06001824414071e-05,TRUE
125,blogs,8ef449862b952c2f06d7826273498842fcab93118caae140feddbdbe83c8041c,0,FALSE,FALSE,3.97706031799316,4.61340467889926e-05,TRUE
126,blogs,320adf1e1f032ade513e367aced54481158d7c681490476bb74e6b441fbb3bab,0,FALSE,FALSE,2.53415107727051,5.38090499517807e-05,TRUE
127,blogs,c6d4ce500ccf0dc7143630ddf7223fb8b6b76bfa002279192c3545fdb861acb6,0,FALSE,FALSE,2.17795372009277,4.82231784690868e-05,TRUE
128,blogs,15f360109886ff0f2398f4d545d27e15c381c7503de8c07a802bdc9a087b07fc,1,TRUE,TRUE,2.37393379211426,5.7928964655396e-05,TRUE
129,blogs,e3791dab62432b0c9d68c62beb88e6e1ccd7edd5db8d9e4ac1abd8c0702be29e,2,FALSE,TRUE,2.53605842590332,9.10800221891606e-05,TRUE
130,blogs,43d332dee0b904d3c1628d681c718914a3a73d93364206589288c37e89b50d76,0,FALSE,FALSE,2.3188591003418,3.82154565956583e-05,TRUE
131,blogs,5dd00d3232116b0907ceba5c43642c30d11be8c789c72e3f8564adffbc66023a,0,FALSE,FALSE,2.42400169372559,2.80447239138226e-05,TRUE
132,blogs,c433dc10bed170d2610880bff6d5d7da9a684d3c8988c279672f97489717f38a,0,FALSE,FALSE,4.69398498535156,0.000102148289892412,TRUE
133,blogs,451722abcc2bdcd0e5cb1f504d40f921e803606a0a2a01ae74a833a2677bfe21,0,FALSE,FALSE,3.85785102844238,8.78959245103061e-05,TRUE
134,blogs,438dfe05145e2bfe0049ede47edccf11088ea8d06067ee48d0cc70c4cf10712e,0,FALSE,FALSE,6.93678855895996,5.55164323676749e-05,TRUE
135,blogs,06a5c73a7734d956a1b27794f679da9667df483aca4d715063af2d78edb2095e,0,FALSE,FALSE,4.49895858764648,4.71568522257826e-05,TRUE
136,blogs,da2ec48c8e7089305013b793d4e852d26eaddb6f08b1c9e52eea32c50b80818d,0,FALSE,FALSE,3.46899032592773,7.07815234086695e-05,TRUE
137,blogs,a7e42b1871c48384f4c2dfb5293403f48ec9efc1cf0ca6c9b5d283a0ec871daa,0,FALSE,FALSE,4.45008277893066,0.000108565986898235,TRUE
138,blogs,4b8c6b4cbab8492c1c03e6e11f89dc2fe2b4a48390af288c1a01e91b3a09706c,0,FALSE,FALSE,2.49695777893066,9.90190085161657e-05,TRUE
139,blogs,81ab4d2a755bb70f92120ee3d8eb11095d8d9b27eb22b5c5faed15f0963db1c6,0,FALSE,FALSE,2.44903564453125,9.69693129420079e-05,TRUE
140,blogs,a4330c45c8991563700271f6f8b8e220f41119f7eb838e5413b94b5a4a73e962,0,FALSE,FALSE,2.47693061828613,3.96742509325421e-05,TRUE
141,blogs,76cedcf8ab9c21f8b1389d7ece4b23b7e7a2d05965cd0ae3862b9f74e3a62504,0,FALSE,FALSE,3.98421287536621,0.000121081802626932,TRUE
142,blogs,179ec92938bfecceef666117b544d94386d97b6edd1f0a343cf1957f3a395bd8,0,FALSE,FALSE,3.26895713806152,0.000102109217034574,TRUE
143,blogs,ae8ab4794661237a7a3384e23b25a1ed1045fa9c7ffb13456fbd63d1c3112065,3,FALSE,TRUE,2.96497344970703,9.02441477217408e-05,TRUE
144,blogs,fd4b176499e87ac7ba1fd7ab79f3d65a409c50e2542a933c90a8d17c6acdfdf4,2,FALSE,TRUE,3.78203392028809,0.000114593454526357,TRUE
145,blogs,05cd15e66d0926b7d521b824a542ddd09ad264d663e67ccbc53cd72f8a85a3c7,0,FALSE,FALSE,2.93087959289551,8.57293523361946e-05,TRUE
146,blogs,cbdaf8d123838f408601324e84b4ca29b11ca226f400da1b2e7db52da552012a,3,FALSE,TRUE,2.53200531005859,9.7123677933908e-05,TRUE
147,blogs,0ea53809eccb3a953b4e8be7cf5159b0b7a3653187b3d59177b599770d546c1c,2,FALSE,TRUE,3.54194641113281,7.04481884215014e-05,TRUE
148,blogs,285c8d26edf037e359c00d0152bf525bced924549c300a89327df90b43ab0112,0,FALSE,FALSE,2.35819816589355,6.46088079978568e-05,TRUE
149,blogs,dc0990e106cfefb238974b070a67cb06aa19ab22ca4c1d7b2568b2ac48840f55,0,FALSE,FALSE,2.3949146270752,0.000123030233226906,TRUE
150,blogs,2310f9018f334d5cea26c51572604ee994ba0f75067ad4e55f60b051720eb666,1,TRUE,TRUE,3.62896919250488,5.51710159335528e-05,TRUE
151,blogs,ed1730a70dd632b9c1f59f50100c1039da72f55f8cb9f7da3fdf1d49c9e04fb0,1,TRUE,TRUE,3.22318077087402,8.90762398366718e-05,TRUE
152,blogs,b91c60eefa07efc8d8c766b76dd128ca4a516d7c24cf713f1b5f3064169935e2,3,FALSE,TRUE,2.29001045227051,3.82154565956583e-05,TRUE
153,blogs,0c6dd475cb7252e558272ed5476de7ec6792bdc4fde6bbede235965bfe6f5080,0,FALSE,FALSE,2.79498100280762,5.61315620135616e-05,TRUE
154,blogs,b04ed46d0f25dfef118ccab2a0ea2635e5d2c55ad0a77ed20858623e46b686ed,0,FALSE,FALSE,2.38585472106934,0.00010385394869683,TRUE
155,blogs,d4b71e71cae5e44e4118081553ec5530ee80dce7a886c85749d9e45377fe699c,0,FALSE,FALSE,4.58812713623047,5.651443073873e-05,TRUE
156,blogs,819892f3f9c07c0b6ecc3bbfde5dc87757f4a7c446f8bf6430a38284ec3786f2,0,FALSE,FALSE,4.49490547180176,0.000102719044763333,TRUE
157,blogs,b5b776f2980c8378cb1f2834e76e814863e4b7411f5de5b9493cbf1430db1fda,0,FALSE,FALSE,6.1039924621582,3.94223976858399e-05,TRUE
158,blogs,181e694b77fc212dac9d06987bbeeffa7e9aaf649b8a06eb3cd97de3ecf0d4a2,0,FALSE,FALSE,2.3200511932373,0.000105413109416475,TRUE
159,blogs,816866080550f09f99095e912c60005960caff3b6aeaeca9f6f643f77caf856e,3,FALSE,TRUE,3.27491760253906,0.000117021604056689,TRUE
160,blogs,b40e9b17841eed5a6bf44e893dd5557121bd34ddea8bbfc9b36047d0f351938e,2,FALSE,TRUE,2.4559497833252,3.82154565956583e-05,TRUE
161,blogs,2bde01ba2ca285280be21974bb2e818ec57704b1a06bd18594851fa19afa68f3,0,FALSE,FALSE,4.28414344787598,5.58414584981293e-05,TRUE
162,blogs,0df4a64477ae5b424ff425316f9868d2cd3af3672519dbcb50a7eaec81655be2,0,FALSE,FALSE,3.33309173583984,5.83781022793772e-05,TRUE
163,blogs,75b9bc23fa68a45c5cbb5357bdd745a44b141fe9cd1baca335426cb31bd26ac2,0,FALSE,FALSE,4.28605079650879,7.19216241646947e-05,TRUE
164,blogs,41c11852c3d7f62f07a039d1a1353a98b852abb90e4cec23d5d062f5956925c3,0,FALSE,FALSE,3.41010093688965,0.000112213194765509,TRUE
165,blogs,fe647385e8934d869c08d261ba262604a358a7082418ec109d6a3917992de0ce,0,FALSE,FALSE,2.70414352416992,7.79525705336681e-05,TRUE
166,blogs,cabc98d4eebefe718f9bb866ac66dd8d3314f88b39d4c5a53ab8c13e188e5d42,0,FALSE,FALSE,3.0519962310791,0.000102876584163525,TRUE
167,blogs,9134bc3a8054df8751179dad332786de55d8d30cc5836cc9f7cf5e2da9efa5df,0,FALSE,FALSE,2.24113464355469,4.98880304462546e-05,TRUE
168,blogs,8a3a45ac9c16931b8304e58742820a06356dab7e3180d238153ad969014baf7b,0,FALSE,FALSE,2.94995307922363,5.8101293347157e-05,TRUE
169,blogs,6ae9a8233ae0006692e733fab7dbe811f257308042e32824cb1f91a858c9b7ad,0,FALSE,FALSE,2.46214866638184,0.000102950165394411,TRUE
170,blogs,c8239036c7ba0f97df365063fb3ff245075aedc7576879a800cb5ef00a5dcf57,1,TRUE,TRUE,3.19886207580566,9.98016216922082e-05,TRUE
171,blogs,7d03b2aca820442d1dd4ed0758332bbf7c0221d6fc21adbdce3f3770b285ae6a,0,FALSE,FALSE,3.53312492370605,7.95884324453766e-05,TRUE
172,blogs,834f59365e75020a10a53d47e8e8ad53d12910d3ee6d4b5ff3c7c32bcdfbf393,0,FALSE,FALSE,4.10985946655273,0.000103095992010083,TRUE
173,blogs,c80f10ca557aefbfa87690f531b64b36706a0a3def3a7f273afe4fbde70f3e71,1,TRUE,TRUE,2.71797180175781,0.000111100439761813,TRUE
174,blogs,85b823a7393ea003b8c1fd3cf03bcae450129384d78f6ebf341f48f63e33b66e,0,FALSE,FALSE,2.24518775939941,8.87340444801765e-05,TRUE
175,blogs,8c62b466ff3e7bad679361a0c4a94c8e8d1c980db7d24f1a942c3cea49c9d9cd,0,FALSE,FALSE,2.30908393859863,7.45943615960698e-05,TRUE
176,blogs,2225ec3cbc148f64c837bd4f0dfa7ca8d15d475f90d759ac9d6746e670f48b58,0,FALSE,FALSE,5.06401062011719,5.71110153728682e-05,TRUE
177,blogs,78ce70ab8fcd0433ee30382fe3d07bfa99bcc9551dbaadaf1bce0ff3b72043d2,0,FALSE,FALSE,4.48393821716309,9.7015769903841e-05,TRUE
178,blogs,87877f6b81280379d0fc181f082d80c0a7fc942a8038c03eb870ce02c115e670,0,FALSE,FALSE,3.74698638916016,9.80571084552295e-05,TRUE
179,blogs,d58f95aac1deaa47a480250ca69c64722f6033cf98241eb12c54075b4e8c0cbf,0,FALSE,FALSE,2.58898735046387,7.66083296541709e-05,TRUE
180,blogs,02822979e79f67ce6acf619f7ac6f6811666876fb03211931a0d22f5e2f357c9,1,TRUE,TRUE,5.22613525390625,6.53414471205593e-05,TRUE
181,blogs,62398e7fe9510a2356e4ac9a0605e35d2f75d6537c9e5f6a0ef16a11df64f3c2,3,FALSE,TRUE,3.22103500366211,6.05097943973121e-05,TRUE
182,blogs,125a21d647198b9a9b4e532e1c21173099b5b77a2505eca5d495dd18b38ee645,2,FALSE,TRUE,2.57301330566406,9.52342199260769e-05,TRUE
183,blogs,4d0020fcf352e469a312236972f4d1d7fcc55128719c4b47a8c3279484cc2335,0,FALSE,FALSE,4.55498695373535,8.9375039828532e-05,TRUE
184,blogs,ff506e4767af50216ac5a9b0569f13991d6dfa9ea57ac2e3a34de3687712c5ae,0,FALSE,FALSE,2.42996215820313,9.56529965936426e-05,TRUE
185,blogs,94231909c40f07766cf97675658be0eb54956ef50a074d39a685824e15438b3d,1,TRUE,TRUE,3.05509567260742,9.43933574051314e-05,TRUE
186,blogs,49a0ee2e414502b63d9df3d56c069e4f3895b41506ade52623cda2dacae3f022,0,FALSE,FALSE,2.32601165771484,8.03262699529128e-05,TRUE
187,blogs,48c2d41352191f36f12cce7ff0364f45f7fe2c0830b9313412e361daa76b25cf,1,TRUE,TRUE,2.40206718444824,8.87443237242991e-05,TRUE
188,blogs,c5dc16b9b66ed2581bfd3b55c3b434c368c281fe8da26099c3f65a756d49d2d3,0,FALSE,FALSE,2.86698341369629,0.000113626835464231,TRUE
189,blogs,25bf1823372cac021e74991c577919cb77df32328e8310f6891118e46f7b0afe,0,FALSE,FALSE,2.45904922485352,6.61021718020294e-05,TRUE
190,blogs,99297c1b0394f506185f5c7caf08666e663565bdd3b300b86e65fd4fff2bd1f7,0,FALSE,FALSE,3.75699996948242,0.000144595682902704,TRUE
191,blogs,78b55d6b0f18438c47e60fce7e1b4234a0a7375c0f83b3afab4cb125ace2f96b,0,FALSE,FALSE,4.38404083251953,0.000220087380453649,TRUE
192,blogs,4e56cdabed510a78bff69e4e7dd0386e670d803935709b84e3166dd1c4e2b39a,0,FALSE,FALSE,4.61411476135254,5.69831876617855e-05,TRUE
193,blogs,81a2e1df0e2008e3c66562bcfbae4a8fce030a337c9503eaf7744a0ec5a3aeca,0,FALSE,FALSE,2.36988067626953,8.42911572354055e-05,TRUE
194,blogs,21fc094822685d1b42829562e9b20fc04500bc9ffe43ac0caaf104448e242180,0,FALSE,FALSE,2.22396850585938,6.92981254184488e-05,TRUE
195,blogs,99dba9a6a0e3d175783facc4da880a998e55a6ba3191f9e797e333df760e04c1,3,FALSE,TRUE,4.71997261047363,7.08338520469809e-05,TRUE
196,blogs,9c80a57bf0374f50d9139dde80c889481b2fdf9f5e1f66e2f0dede2504e7fc11,0,FALSE,FALSE,4.14299964904785,4.43423958920164e-05,TRUE
197,blogs,d6732e82c7c7c93932196cca218a17cc01d85c909e5c3a596ce816c8c176499b,0,FALSE,FALSE,2.29001045227051,0.000178043093028712,TRUE
198,blogs,c329ccf68f3d1473f59497cd2ddeb670fa914c495cf411ba9cafb25a93a3d917,1,TRUE,TRUE,2.30598449707031,6.01186908326667e-05,TRUE
199,blogs,3b84ebce6ba992d9e3dadeed4c7f7c006a25dbb0cc7d08f2d44fd0d71b97a2df,1,TRUE,TRUE,2.98690795898438,6.41814216777448e-05,TRUE
200,blogs,c42b839afbb205b2384d1dd940a6e59e0a1f362d1c8ace78dddde19b54cf800d,0,FALSE,FALSE,4.41384315490723,3.80703550044714e-05,TRUE
201,news,39689551a658251ab71594ed7115c7a6509428446424c987ef0334f4e1259cf2,0,FALSE,FALSE,3.97300720214844,0.000109840981819431,TRUE
202,news,6c2ecc04f145627cf6e3af34bbf5fceab3446b954aeb6d2cd83bc149efeee194,0,FALSE,FALSE,2.73585319519043,9.02779635838513e-05,TRUE
203,news,f294c79166f854531a597096235f35d4b90621bd2f1e6c1a36bfe2a7caa6c144,0,FALSE,FALSE,3.92293930053711,8.36339819771936e-05,TRUE
204,news,1a66f0288092379e7c51f0169eb3e0aee0a661d07e1c3cae13f925c8e58ac0e4,1,TRUE,TRUE,6.27684593200684,7.41066196479068e-05,TRUE
205,news,ca147c951ee4d9853546c34222eed78802527f4887856cd2889ec07a345d7ce5,0,FALSE,FALSE,2.89082527160645,4.53346428370693e-05,TRUE
206,news,839e8f0cc656dd3309e4dd0144311fd085253962f1976a46ed9512608f19c2af,0,FALSE,FALSE,2.94208526611328,9.78738160339887e-05,TRUE
207,news,37ad009ab98fd6a08ca9c0f908964a8e4d48070a2b1a95f160564e77129f44fa,1,TRUE,TRUE,2.64501571655273,0.000119135544636606,TRUE
208,news,f78e73021a8caef1bc4e6c5f91f0e1da70aaf340c6b7934383b441f2acb63b44,1,TRUE,TRUE,2.48980522155762,4.87937989461784e-05,TRUE
209,news,0e66323d8a74c4a0cbc1cc636b10af05c0e4b1d5f0c292d173d9ba8dd631f354,0,FALSE,FALSE,4.29797172546387,7.59721816576686e-05,TRUE
210,news,d823d0c6826a6086c07837b8b036ff2d50385575f290b3819667e1a10f821493,0,FALSE,FALSE,3.08990478515625,0.000106975128327136,TRUE
211,news,4fae3c1054dbe16a575cadd9751ac2f041699c12fcc82d694f84aecd55924d2d,1,TRUE,TRUE,2.87389755249023,8.67708469294293e-05,TRUE
212,news,861cf299c1c71a57e4d6df354d502abb6a141bd5b898a80075a0061ed593626a,0,FALSE,FALSE,2.92396545410156,4.27392743302946e-05,TRUE
213,news,2a1cfd24662a05e21a6c424c5596896e1e849e72e0350d176c4594c175ed6b3c,0,FALSE,FALSE,2.52985954284668,7.61785111134117e-05,TRUE
214,news,02abbfee4ecb9712806b34f90968f8ca0bf1879fd88f601a90ae7adcb0e6712e,0,FALSE,FALSE,2.65192985534668,5.17487043358855e-05,TRUE
215,news,4c44ce85b112b78e0dd597b040cfaeaba8389a76a5cbcd5d9cea8a2d9a76780b,0,FALSE,FALSE,2.53987312316895,5.4413964396538e-05,TRUE
216,news,c8a428b6be6f1549d9a18da4fdb08bbd464801a9817516283c0d7f1630bbffe2,0,FALSE,FALSE,3.34501266479492,6.27770347207957e-05,TRUE
217,news,646077b12ef792901090b66ed5252595010e1c765fed1db784bf60d80b2a88b7,0,FALSE,FALSE,2.48908996582031,7.43058992327406e-05,TRUE
218,news,54584530ecb30860adbb367cc94c8b191e75dde863942b9140fe71b653393e20,0,FALSE,FALSE,2.62308120727539,6.73936389743446e-05,TRUE
219,news,144ca05566dd24f560b15b10ca2c972157001d5edbca186ef1fe1282f095aa57,0,FALSE,FALSE,2.83598899841309,6.06325804382024e-05,TRUE
220,news,e4928570ac166b05d2c0d2c972359b12530aa8a4a4c4a740ee7e0b47b9830f2a,0,FALSE,FALSE,4.24504280090332,8.46832570076117e-05,TRUE
221,news,5f95e525324509c46723ab472dcf0774885b260f53ca88dcde746c4e4dbf6e13,1,TRUE,TRUE,3.59106063842773,0.000123022743072632,TRUE
222,news,28eb0c6c3f4ca7829380954075933745835cafad3213297117ae208557e3a2b4,1,TRUE,TRUE,2.37107276916504,0.000147842921535357,TRUE
223,news,116018768100217f6dd4602cbfe1bbc9f984a0995184125aaf534cc4e3c02ce6,0,FALSE,FALSE,2.34794616699219,6.90037296640078e-05,TRUE
224,news,74afef640a8ed3d4f81b202dd5c709962ff35e59d64611c6a3664e958bd2657b,0,FALSE,FALSE,2.81095504760742,0.000123538431036963,TRUE
225,news,fa5593f7c18481c876ea98d640194154c73a228e380bb0866da5c84f08192406,0,FALSE,FALSE,3.1888484954834,7.32003073036225e-05,TRUE
226,news,c45b0eff06db86efa4bafb956f1067864fd56b76b36070c495224c147bf4eafa,0,FALSE,FALSE,3.30686569213867,6.87780670274307e-05,TRUE
227,news,1ddbfc8f4c1accec06540a7fb736a07af895a1c94a91a5e9859d26c91c9d6966,0,FALSE,FALSE,6.2108039855957,0.000102743363137314,TRUE
228,news,6c3cad1556b7e83c07251cfa4de64c231d1ac17e5947bb5097ac3defb6a0647f,0,FALSE,FALSE,2.82692909240723,3.47166015099987e-05,TRUE
229,news,c34774d56b228e4fc9c4f199ade1c835628d0738134b7bee7d00c169e6c716b3,0,FALSE,FALSE,3.7839412689209,7.88550752055528e-05,TRUE
230,news,b7fc5d7c188768e544f34bfb6c778758335fe0c557d5aea0e9afa66e614d7441,0,FALSE,FALSE,3.67283821105957,0.000136784075321472,TRUE
231,news,5da581c2742ad2fcd1e8419d98b57e7f05b774ca3117e5e31379e4122555fc90,0,FALSE,FALSE,2.50411033630371,0.000157406233782353,TRUE
232,news,3716bd14c457d7c87865150d23fcfae71b98fe678b64bdfca1e916c6ba3d2967,0,FALSE,FALSE,3.37982177734375,9.3578903880065e-05,TRUE
233,news,6bb9d51f8283f9bc67d71f02e3550bfe3b4898a1926a6c28621b624fbdbc5e72,0,FALSE,FALSE,3.59892845153809,8.6978780229785e-05,TRUE
234,news,b37171009697f46f3e536bd1cd7b4f693bb79682e5bd19a4efee4a1ad47cf74a,2,FALSE,TRUE,2.50792503356934,0.000106856087365159,TRUE
235,news,bdee0a11fda5eed2e0e46ef128d02422b536a091fa35255f6cf793b324f760f2,0,FALSE,FALSE,3.45301628112793,5.37826242341666e-05,TRUE
236,news,3dbcba6a0e5c5ff8c8b61723f7a238e47f19bdf87f30208a7e00e311a9ccef29,2,FALSE,TRUE,4.39596176147461,0.000105070633765081,TRUE
237,news,8c0fdc0b410bdac1604ab0393009f32bdcce20c061339f6695a3ae83322ccaea,0,FALSE,FALSE,2.66504287719727,7.77825657021225e-05,TRUE
238,news,5671840d29f8ed528fa0b588f190b94036a96e5c8f3df2b2d143182821db9a5c,0,FALSE,FALSE,2.32100486755371,6.48086428540751e-05,TRUE
239,news,7994ef125c9fa26c4ef445104acca367da1af670f36f62278bad67f2be0e5c2c,0,FALSE,FALSE,3.01694869995117,7.65639414428421e-05,TRUE
240,news,4e719bb5eda6c6c6b49c93102ecf609b160317b5b276bb4ae02d172eb1fa7755,0,FALSE,FALSE,4.76694107055664,5.83650292131921e-05,TRUE
241,news,cf6aefe72ec3b0a537a839b2c17d197c1babf6e73378f5c2524da5978ef3cf0e,0,FALSE,FALSE,3.02791595458984,7.39442127652978e-05,TRUE
242,news,774cf0d15caa1b45c16bd688a862c35fa6198d73b69a784b5f5ada6343c8f8f8,0,FALSE,FALSE,4.00400161743164,6.82339732103188e-05,TRUE
243,news,b3df094efdb01fd8c751037bf3bfa87d58cc6a009bb5fe59bd53d93e67848878,0,FALSE,FALSE,2.8538703918457,5.17011779077592e-05,TRUE
244,news,4e1595f4a4005b7f2b28df5c15e2e26a19db54562fdd2539825d32654605af3e,2,FALSE,TRUE,2.94089317321777,5.91523725610443e-05,TRUE
245,news,42b599e0bcf2d6a628c306cfaebd4343df6d6144bcd4b2d843612007f9c8e734,1,TRUE,TRUE,2.85220146179199,0.000114000595548447,TRUE
246,news,cd2f346bd065aa18e6cfb84285bb7b8dbc10cb9cd84b750e58e3e7522d73cc4e,0,FALSE,FALSE,4.08005714416504,3.73184893502909e-05,TRUE
247,news,f2f53e2249e1dfad8feea717d37e94e2e581dfc135135584259a1e616b879ed4,2,FALSE,TRUE,2.63309478759766,6.23413794054173e-05,TRUE
248,news,4fc2f16b0fdc86b4be4e1d255ca818417a8ae2861aae8fe7bbf44959954e4b09,0,FALSE,FALSE,4.04500961303711,9.37078217306819e-05,TRUE
249,news,12c8f76c7f8dc2f8b327d8664cec9e39c3eeff9f48d0893438db19881ca7a806,0,FALSE,FALSE,2.74896621704102,8.23486037662136e-05,TRUE
250,news,78e68eb1bf28d10b5cc120a673dab18929a2e1f5c4b10c755f72b70fb33de64a,1,TRUE,TRUE,2.67505645751953,6.32870870482805e-05,TRUE
251,news,1bdc2b39bd2b59782b1e047db91d07cc060213095d6624b1b218ec437b5a29dd,0,FALSE,FALSE,6.09207153320313,8.87544266294782e-05,TRUE
252,news,ab3f5368470b8af96538041ca153f157191b36603b2c1839c3aa20cd2dd9c7af,0,FALSE,FALSE,2.66313552856445,4.72687222323742e-05,TRUE
253,news,e1d3a9a2e2218a7dec19f789543169e2e3de735fe189fbeb92b3b8678976ba8e,0,FALSE,FALSE,4.43482398986816,6.46090620470829e-05,TRUE
254,news,bb9ff2e5ee1c68c385818dee12530169ff1f64f97caaa5c9a11330c740a7e1cb,0,FALSE,FALSE,3.4949779510498,0.00013305003586872,TRUE
255,news,30e043e791e0ec9367a3827077433d98bf5c9879c7b604a2226af614f7da9728,0,FALSE,FALSE,3.20816040039063,7.71786322548707e-05,TRUE
256,news,0331fc2936e46ab649f06baed71821db53e7e44b69fd5d2267f6c72cdfab26f1,1,TRUE,TRUE,4.58812713623047,8.39361553541806e-05,TRUE
257,news,f9cb0ccef9080b10d5f8c7e67a749935be30804298056361c663e78e5380d3e4,1,TRUE,TRUE,2.59017944335938,5.43782999802289e-05,TRUE
258,news,459f3683c0af47d6b24df0aa3ae3c5d19ba8ca1f97915dabf46a3d5e9b10d67f,2,FALSE,TRUE,4.44817543029785,8.64582750326193e-05,TRUE
259,news,4f070648b67f58eb808415dcc2ab1d2ddc63041070b4df6fd84d3d4e4246a7d6,0,FALSE,FALSE,2.67505645751953,7.4615043405224e-05,TRUE
260,news,ed33a9ed9b76ba9439010243d04f123de12adfbe78ee243e0109975dca9a3e23,0,FALSE,FALSE,4.15396690368652,6.84609216738963e-05,TRUE
261,news,56775191a039dbb699f1efe02cd92fc3f8317b370a6ce813b11d66a8f6a2887a,0,FALSE,FALSE,2.42209434509277,7.2437614839771e-05,TRUE
262,news,a8e55d5d4606b80477a96fb831412ab2c33de776369983d30c42ba66aae4ba48,3,FALSE,TRUE,3.10301780700684,3.61847352348121e-05,TRUE
263,news,e0e870c1c223833a2074950473e9b01112b66acd18d9504b14012ab08c095008,0,FALSE,FALSE,3.98087501525879,4.68100674524408e-05,TRUE
264,news,058c7954af51e5e79f522eb5a501a9b19786174b03d31ddfb020ee3c8b9a2241,0,FALSE,FALSE,2.41923332214355,6.55398706772559e-05,TRUE
265,news,b77f2c064cfa1a3389045c89d6dce3e9780cd33141457e776b78f2881f8a07d6,2,FALSE,TRUE,3.01098823547363,3.9219230075993e-05,TRUE
266,news,f51c265bc6b6d9cd99d8c32d92de5d693e273b8c1131fc068fddfbdd0ad489b1,0,FALSE,FALSE,3.40819358825684,5.0937141905294e-05,TRUE
267,news,3fde210eac279ef4508c6253126251fe376fb94671ed68c0b9035afb36b1a900,1,TRUE,TRUE,2.55703926086426,8.97362310618988e-05,TRUE
268,news,af0eff7d74c50f90ce4380ad3b0b09dc2b1e85a9d773ce785645437d7e4c243d,0,FALSE,FALSE,2.71701812744141,7.02586616210255e-05,TRUE
269,news,b24d75fccc88e23ebad8e6d5ffd98a5c90660f98c5de1d0a96a479ee3c414709,1,TRUE,TRUE,3.21483612060547,5.36127216808069e-05,TRUE
270,news,e8431d7e2aca0c332bdb4fb12a3437627ea9bf8d3af729818166a5599e4e05dc,0,FALSE,FALSE,4.49085235595703,3.89207503932454e-05,TRUE
271,news,2158c8ec63f910c2464e23c47eef690aef01bc75a2c0b28912de38d1eb72ff90,2,FALSE,TRUE,2.39896774291992,7.49104772594933e-05,TRUE
272,news,fe70a797f900a43c80d0f6306a83eef1d349b1ab30fd4cec815bb5457ea3cbcc,0,FALSE,FALSE,2.58708000183105,7.86248501309927e-05,TRUE
273,news,41015826a600daf9196a1aa0d162ad3c699954e16b886bdd40820c6cbe1f67be,2,FALSE,TRUE,3.01003456115723,8.26928843542518e-05,TRUE
274,news,eb38b7bfb699d3c8aa31af7df2a403e183f02209b4279a14728cbe3fd617bcb8,0,FALSE,FALSE,9.51385498046875,4.5613047274351e-05,TRUE
275,news,10ce4a884e0495a64aa4627e5edb3b2089d5fe54b0bbca86741f7dc94acdf3f8,0,FALSE,FALSE,2.36082077026367,4.38613354036832e-05,TRUE
276,news,25a2744f7c7fe940870b7ef49440cb63437aa6be04505aec212e8a4626a3ab2c,1,TRUE,TRUE,3.46684455871582,6.48216953074154e-05,TRUE
277,news,ae6a0271bbfcd565a855457e1d392aee06bc5a354e63e1d1d36b5e652f1110bb,0,FALSE,FALSE,2.50983238220215,6.01186908326667e-05,TRUE
278,news,4c11b8777c73e9ce54766448a43fffb9ec2413b65bdd2440607dd8a5b92a7aac,3,FALSE,TRUE,2.99501419067383,5.31222627779826e-05,TRUE
279,news,90d2061a65f5d0652113a62d18ebcd036fb99af8f38c0e8f0ea4e714307d3f76,1,TRUE,TRUE,2.8069019317627,5.57098731057693e-05,TRUE
280,news,24942e614c5d526e7741bbd4b7965fced9d3b3479db57abb48a94712d2d35c90,0,FALSE,FALSE,3.65781784057617,8.07222075120961e-05,TRUE
281,news,9fb28038c0781f639166bac66e6dd67672d78250f8e90eeae31bfb81dd8e6ace,2,FALSE,TRUE,2.42495536804199,0.000122391236528685,TRUE
282,news,0c380c53b2851423fc5203119a957e4ed478c7f1fee32afae8887d79bd82c2ab,1,TRUE,TRUE,2.99906730651855,5.0111836812583e-05,TRUE
283,news,3bd1b13f117dd481d63762770b22acc58100da8311ffb8e3f303a0599f8f45b1,0,FALSE,FALSE,3.39484214782715,6.26790365867436e-05,TRUE
284,news,521877de27a539807a4a67e901a22757fbe8bcd95c0d282b19e4e0b6069c7f9c,0,FALSE,FALSE,3.18384170532227,6.17479901370288e-05,TRUE
285,news,aa9e11819eeb739f488911ff9746c6d997eee7b02f413b2d346d3c4403ffcc11,0,FALSE,FALSE,2.42710113525391,9.26973474530968e-05,TRUE
286,news,a71d4ea1b06a05c22fcf0e74ff7f98b5aac6a770133ad86ac9f09780dbda233e,0,FALSE,FALSE,3.75914573669434,6.4325186575509e-05,TRUE
287,news,d52c8a2db321e01934e287ff413008837b3ca412a43430a1caf029000d3b8957,3,FALSE,TRUE,2.81214714050293,4.26141865785823e-05,TRUE
288,news,50aed777704d8ad6b46a0884da82037c97dbb9853f0f087b15635e737c21b456,0,FALSE,FALSE,2.62618064880371,8.39684749829317e-05,TRUE
289,news,b12490ca02ebb3223554d092b3366ecc308eaeb853ddbe996ba1197eb6a09d15,0,FALSE,FALSE,4.25505638122559,5.01486784463268e-05,TRUE
290,news,744e3bf841548dce8f8cb6bc3d679db7501efc3fc1dfbbda6a0518237936d39e,0,FALSE,FALSE,3.46279144287109,6.56159468297446e-05,TRUE
291,news,c60f2bbb0be3c8922e883ac3c9bf964b19f303027626a9632f18f84ab709098b,2,FALSE,TRUE,3.54099273681641,6.99153718519696e-05,TRUE
292,news,8eacca2f0496df7ca99ad5c739232e3120454c8f34985a8837cb4a0c96128a82,0,FALSE,FALSE,3.91387939453125,8.77664596821148e-05,TRUE
293,news,908241db5e3aa99ec85e6f06621a212a47cc434f44a2043fc901f50cf1ac5c5a,0,FALSE,FALSE,3.42798233032227,2.9442677994318e-05,TRUE
294,news,8e999cc1b5d3c43fa017fb3d373d633adba728926a2d01eae0c05614e4b83e11,1,TRUE,TRUE,2.99882888793945,5.67743832169398e-05,TRUE
295,news,1fe35ae8f55e3f01a97fbfe0f7969ea3e168bf8d331c0b2fab93446cda82b705,3,FALSE,TRUE,3.2200813293457,4.00606618207178e-05,TRUE
296,news,e2c4266fcc6aab7b6d603c2ffbf7767e273ed22118debf3aa48ae832e5d050d9,2,FALSE,TRUE,2.42900848388672,5.37886154026168e-05,TRUE
297,news,9181036b17982a4481215a72f27db6b306fbbfcb552af74b64b1b880485ff409,0,FALSE,FALSE,3.40080261230469,5.35486138364405e-05,TRUE
298,news,7ce78cc37b45ac0e7ce2b3c02fc352c0a7c3733001f25945fbddddac49bca33e,0,FALSE,FALSE,7.34496116638184,7.2301428086341e-05,TRUE
299,news,d03c55a68c2e0b83f9efc4cf6918536785a7839f6a281c6a219ced081c0558d1,1,TRUE,TRUE,3.23295593261719,6.83313285447795e-05,TRUE
300,news,30f9c8bd931ee8b516a42e35a4cc5bdc081037f88dac1a28f55cb65b117f44be,0,FALSE,FALSE,2.59685516357422,5.70700659054957e-05,TRUE
301,news,ecf67d80dd2b669b371d575896019d0f9c44815bc1cdaaebefb8fd73ab83a3a3,0,FALSE,FALSE,2.99286842346191,6.7728392481925e-05,TRUE
302,news,6872a7585d41e0c343ed57560e83e9f9b3bbdadfa5716f127c9573b4f77e4f4a,0,FALSE,FALSE,3.00502777099609,9.15156894603086e-05,TRUE
303,news,da005c11de5373fbd3c1b27950518656556e66c1fdececeee105b0de71f7183e,0,FALSE,FALSE,2.85696983337402,0.000112605820257627,TRUE
304,news,7f9ed6116dc3ccca188b22bbd121848805e3e6c0280e9bf0faa4d0d72ea94eab,2,FALSE,TRUE,2.97904014587402,4.38367683806007e-05,TRUE
305,news,098c69117b8881e56d058e8fc6b29d9c017f12ef3f55cdec9600fef0686337b7,0,FALSE,FALSE,2.34198570251465,3.82154565956583e-05,TRUE
306,news,3e90153b6c55a74f72f4805d5b35e74a7176b561502cb6f601aa5c19555612ad,0,FALSE,FALSE,2.89511680603027,0.000149650554083891,TRUE
307,news,4ea26a8abb5eb600ca358cdbb8d965a39b172db8a82187b9fdffc05078a04e6c,0,FALSE,FALSE,2.54201889038086,8.15338837991675e-05,TRUE
308,news,9c7c01565b3472a352b333f8df678db211956321d35604d528fef38a494be67b,2,FALSE,TRUE,3.24606895446777,5.74842603882075e-05,TRUE
309,news,bfce216ebb64ab7b37aaa1ad2ec6930d76944bddbb59599c7271e3235f76c5b1,0,FALSE,FALSE,2.3810863494873,5.07387679409277e-05,TRUE
310,news,a637ac5d25eed8e246172972466e0d3912c04cd1727c1fbd187b04a39cec57f8,0,FALSE,FALSE,2.47502326965332,8.87417159241011e-05,TRUE
311,news,871db16bb3649712406373bde33de2f9b2e70809cac90ab89aee8e7a8965007e,0,FALSE,FALSE,4.66704368591309,0.0001421966544779,TRUE
312,news,04955e59e44c3d1fe568ad784c149fd27cb07c8951039910fe850170b3a5f7c9,0,FALSE,FALSE,2.27189064025879,0.000123153396435427,TRUE
313,news,27d047ef104b9c698c32eb137aad6579d18acdef310b0d6e32cea34c114152cd,0,FALSE,FALSE,2.55203247070313,6.55589028353276e-05,TRUE
314,news,a5a03e1b6dfaa5c72e856c47f83077d7bd8e9eee9b525d8b7d9b55d88c66a1bd,0,FALSE,FALSE,2.95019149780273,8.04934555178605e-05,TRUE
315,news,282b3eb9a4a95f5bdaf1dea6cbcde775ec85edf2dde99b5e7976a6f3d5ed92f9,1,TRUE,TRUE,2.73609161376953,7.80905155828293e-05,TRUE
316,news,f7a5ccdda258e974e83fe9f104198c9f5accd26baf72e040e130975e6992b5b7,0,FALSE,FALSE,2.8228759765625,8.61993980345588e-05,TRUE
317,news,f6598d7e48476f99679c5f1f7c192238d0cd5429b44fa780c54477867db0e109,1,TRUE,TRUE,3.3729076385498,7.36690085005876e-05,TRUE
318,news,359d4444be2889d954000a7ab74ac3dd0147a0f04c61fcd71435e6ea51a92728,0,FALSE,FALSE,2.47001647949219,4.22935313775241e-05,TRUE
319,news,6e0bd811c023c67ac39a75d263bf61379bc87cda9c6d6e94b8bb64779c337af2,1,TRUE,TRUE,3.14497947692871,6.90681987567388e-05,TRUE
320,news,aa24099cad7b67a065888d588754adaa691f018cc6689350f30653d56ce3d73f,0,FALSE,FALSE,3.06391716003418,8.05304573026078e-05,TRUE
321,news,239259695c52c86465507b4ef59edf4c9a9c2f0395508cede1f19385724ebf60,0,FALSE,FALSE,3.52597236633301,8.7016771948889e-05,TRUE
322,news,8b539b4fb5c53fd3c0710eb1b96869ec52862b093fa2697969d9175392c9f9fb,0,FALSE,FALSE,5.98907470703125,0.000178249617308168,TRUE
323,news,84a5a50565049300800edc1acb556c2463c23040a7d89f3b0890b6812d339149,0,FALSE,FALSE,2.28095054626465,9.82280001551317e-05,TRUE
324,news,46b859be6ee7509dd423d6040eb320b6f3527d819021d3bb31f0ce6145622138,0,FALSE,FALSE,4.16994094848633,0.000107635831851027,TRUE
325,news,5741bc44e322a87b8a92fa9f6e1e67345186c2a2fe4cd2d146a026015f08f88c,0,FALSE,FALSE,2.66909599304199,0.000123495000486251,TRUE
326,news,7aa3e7997cf19aeb21f2325f177d3ba95d637bca8bcac03720a8925eb530bbba,1,TRUE,TRUE,3.54909896850586,6.3857316112248e-05,TRUE
327,news,ca9fd4227b451efa0901592488ca295a6246a1df18bf4969c7fe63db67bef064,3,FALSE,TRUE,2.71916389465332,8.39202110736181e-05,TRUE
328,news,326ee4a1e2932b2fc5b804f37b674a354f113b7c75370272449b56ca4337d46a,2,FALSE,TRUE,2.62117385864258,9.08501432057562e-05,TRUE
329,news,4a494f2ad85e8f721de807f3044c2c35a33a042c0e8337ec1fc1049662e6bdf9,1,TRUE,TRUE,4.40192222595215,8.92791884812283e-05,TRUE
330,news,ec4a5af7a407d1e1083797269b92315f2943da4bda5c4ae8faf063d61f5193e9,0,FALSE,FALSE,3.4639835357666,6.56368188547418e-05,TRUE
331,news,be1551997cd535f0fdb95b6f4c9ea852de6821b2e7019dc7ab31ed0629abfb5b,0,FALSE,FALSE,2.59208679199219,4.31199801207427e-05,TRUE
332,news,2ab9093119e75ec17bc2b2e29930b84e0b148f9a6f3838d217aa1d69aaf3bc66,0,FALSE,FALSE,2.96902656555176,6.33324520231682e-05,TRUE
333,news,a42d16131885950be14af6ff27a3c7efb3ff00e0a8fbd92f2858dcad75f1d560,2,FALSE,TRUE,3.70597839355469,0.000164054794297819,TRUE
334,news,d3fba8e9f1b4cc752b0ab821a3434912789a307ecd7f5acd7ee6a3c07f3d31f9,0,FALSE,FALSE,2.44998931884766,3.82154565956583e-05,TRUE
335,news,54606765b718f78152128075fc52868c39c213bd94b822a868d42dfb01b5bc2f,0,FALSE,FALSE,2.93588638305664,4.84315010425007e-05,TRUE
336,news,3d5a72bc3f832a91487057e3d1a4bbb71493cb3e8939de994fb537223ac7245c,0,FALSE,FALSE,2.63500213623047,8.43855988632569e-05,TRUE
337,news,56db48bbc02e1488cc6623b86bd8f31c1867aa5cc5e76cf66d1323ed89aa5f6f,0,FALSE,FALSE,3.15690040588379,6.65031111628522e-05,TRUE
338,news,a1d91be882ba2ca416f10727852d629e1c2cb2db52bd8a9f4b6b48dc92081227,0,FALSE,FALSE,4.44197654724121,8.00007763803734e-05,TRUE
339,news,a9de33bddac7a303fac0f61166a7a93eb2d9c832ed52c93c19014c40250942ab,0,FALSE,FALSE,3.0820369720459,3.52964195355909e-05,TRUE
340,news,6e5fca00f1ae3f9a18e52f998ade26f0202971b21caf1d6c5ac5e72da8f2f358,0,FALSE,FALSE,3.81207466125488,9.05420352887987e-05,TRUE
341,news,e84d7f07137c81199ceb14d3930fb7f712a1c46413c70ee1401aa557e2ba92b6,0,FALSE,FALSE,2.44402885437012,0.000166048698829968,TRUE
342,news,b56cbfcb7ae80af748d0690193249ca39bb60d61522df623498dda785d151440,0,FALSE,FALSE,2.82001495361328,7.13797737441624e-05,TRUE
343,news,ed1ceab8259a13d2ec375d58ced706564f999260f4686bf0be542acfb669e338,0,FALSE,FALSE,2.90012359619141,4.21879464500563e-05,TRUE
344,news,d09e0e132e5c20cf282974ef756d4b00ebca153fd991da659c27a8667ff253e1,2,FALSE,TRUE,2.59900093078613,0.000154802504144236,TRUE
345,news,5a1878d44cdfd752bda49b63a48529b18ff7c754da32e73e58cf214c1e6cd988,0,FALSE,FALSE,3.41582298278809,4.53538252180863e-05,TRUE
346,news,255336bef0a5777e79a0dfbdeb91e8ddef900e280dd375f65e130b960c3848c5,0,FALSE,FALSE,6.16693496704102,5.90692040489671e-05,TRUE
347,news,433393233fce9ceb95b581cad00c6e960ffe364364a8bdc6251088d5493b406e,1,TRUE,TRUE,2.92205810546875,8.37266231545897e-05,TRUE
348,news,57d94905fad1678a861dfd95010ab2cd0eaf033a73bd388f99214b3c50901a93,0,FALSE,FALSE,3.58796119689941,7.4104664498087e-05,TRUE
349,news,c1e43e0533e2849ea181116e5d599d709adda0f5c6858a6e75ccb5d14c5eecf1,0,FALSE,FALSE,3.06296348571777,7.12164721621278e-05,TRUE
350,news,07f146942fd4f89aaadfa640ff86b28e878e572ff15834cec63f5ababe42a020,0,FALSE,FALSE,3.86810302734375,8.3882452027062e-05,TRUE
351,news,2e075e9b5fddf44a34a0869d57a9420e0feef661a06d38c97261702d49686a0f,1,TRUE,TRUE,3.33094596862793,8.56390400958418e-05,TRUE
352,news,c8d10be22d466d31056637c04dc569d87a1a9170d678f0292b333273c1dc5d83,2,FALSE,TRUE,2.92110443115234,2.475879552577e-05,TRUE
353,news,36ac85f0453c73fa5f2f0355eb882e92d1fc531ad42f4c3e29236498be475676,0,FALSE,FALSE,2.39300727844238,4.11383509835162e-05,TRUE
354,news,1b615d4e9211a5670e08a0b77e88f95e58df65c15953200d7c8d3c7a6079a39c,1,TRUE,TRUE,2.5479793548584,5.30674856520363e-05,TRUE
355,news,b271833adf6e606ecc00d7599e50846565465bdb39900e88b909d7ff98177005,3,FALSE,TRUE,2.87485122680664,6.6521331469005e-05,TRUE
356,news,eb88a29ef37d63e94d103d32596a17756540558a0bcf8fb1a46b21042c45f98a,0,FALSE,FALSE,2.68006324768066,5.67596345115717e-05,TRUE
357,news,88ebfbb1c53b99af5e32ddc5c1013ad143d2fe44ed4afd5c9aad468ba8a30737,0,FALSE,FALSE,2.53200531005859,6.53417819149738e-05,TRUE
358,news,1af4e751b6c8b3708eb57c5a696639286c5cc8b4b48cde282fe7c4829def3dff,1,TRUE,TRUE,2.34794616699219,5.2662815903215e-05,TRUE
359,news,8fe6ec8437c27cb0aee85ecfac83832269358a6ebd7c5c84e057269eb44e457d,0,FALSE,FALSE,3.37505340576172,4.87791424248485e-05,TRUE
360,news,33f717ad8752ab87043eda3bf852f68119aecafbd6ed1e495a83b87edd839e58,0,FALSE,FALSE,3.44204902648926,9.86080324345551e-05,TRUE
361,news,f86c6898db9e94f5324a7b3fabf6757cb32edb1bc4071e635a0aea61f46e4c5e,0,FALSE,FALSE,2.81476974487305,0.000125874103614088,TRUE
362,news,e32253463a8348535c8c047764caa30ea92066fa252eee025a95f90900c9a3a2,0,FALSE,FALSE,3.79204750061035,7.2454180903847e-05,TRUE
363,news,686d39d3049efad3a4c1d1276e3c97828cdc0ed431a02f04c14e2566111e6c8c,0,FALSE,FALSE,3.29279899597168,0.000130591662172108,TRUE
364,news,85d0f5300ad457e0bc817cda083e3d15d80e7795382cc68523262089467a89d9,1,TRUE,TRUE,2.36606597900391,7.80092422232315e-05,TRUE
365,news,0d6b71940dfd03b2e4325ff659ecc5682b2ec19c211af34cf704e88d089124cc,1,TRUE,TRUE,2.3500919342041,7.10558606940026e-05,TRUE
366,news,29b02305f0712bc88c8c1261d4c87ea1bf5ba4e03bc3f8ba64f9fb3003c73853,0,FALSE,FALSE,2.32505798339844,9.64018852185333e-05,TRUE
367,news,e74c1ea6cabae975f113e906efb668afea9aeaba8ba92dca189dc50dd014c2ba,0,FALSE,FALSE,2.32100486755371,6.0015556180737e-05,TRUE
368,news,c42f645b0dca494476b9066cdce860105260306027efc4c39075f9e3d9563df4,0,FALSE,FALSE,2.54201889038086,0.000137035435792576,TRUE
369,news,fc564631bebbda3cfa7a3627290093ab4a0f6b40ee48286780be872ae191e0fb,0,FALSE,FALSE,3.4639835357666,6.567908794608e-05,TRUE
370,news,ac9a1cbd4806de503c2f09f61741a66674c08ffe26151de782d0ec5a34aec06a,0,FALSE,FALSE,6.20889663696289,0.00010998700089182,TRUE
371,news,c8b85cfc9bea2b281a6fb4d736b31e1ae09a21ce5fd9446ae208966b8eaa9fd3,1,TRUE,TRUE,2.37107276916504,5.40630077860982e-05,TRUE
372,news,ab9fd156d7fca2d488ff69394f14580cb9f19094ab9362d5cf7fc739ebd95593,0,FALSE,FALSE,2.59709358215332,8.57946033177015e-05,TRUE
373,news,86ef91a837f26c60a094b0f94a496fba30d09393ee01a1fab51aee4af7cca0d1,0,FALSE,FALSE,3.01790237426758,6.11529916287879e-05,TRUE
374,news,c0b092feca32a6e5fccee245d1490df3337d12fbc9316a6b22a314829d2c91d2,0,FALSE,FALSE,3.30209732055664,8.69488423935749e-05,TRUE
375,news,a634b5a0f50b7adb72c92bdb593386468a7274e809ae981207c6e64f2f801d36,0,FALSE,FALSE,3.30591201782227,6.50371753279089e-05,TRUE
376,news,3dee073e693ec7cc66e83c22a7c70c75e16f85074882fa236bb9ffda291c1e39,0,FALSE,FALSE,3.33595275878906,4.20038555750679e-05,TRUE
377,news,58bdb7708399bc629cf254f381ba55bc3a8e7adeea136de75440494b24cadf88,0,FALSE,FALSE,2.51388549804688,7.24184240112891e-05,TRUE
378,news,c32ccd38d3685b6aed19f7d133e08d8a4bdbd6f81183fb50f759138fd92ba5ca,0,FALSE,FALSE,3.85713577270508,5.2118309954885e-05,TRUE
379,news,8be47da154e2f9cd6d7d4457a565045d1c066df5ef74bf30b53c9fa0c7e88a03,0,FALSE,FALSE,2.40302085876465,7.01253462445095e-05,TRUE
380,news,f9915c5a956811312db5d37823a700a2ae56756da3ec13538c2b673b48b77555,0,FALSE,FALSE,3.0519962310791,7.85739952409159e-05,TRUE
381,news,1eb694dbe7867ce934be7c9b3587a71f361b7b8451e881f8e6b828b88333fd89,1,TRUE,TRUE,3.18598747253418,6.97679789132266e-05,TRUE
382,news,88684643f90ef38fe7193f14c65ae5a718e484968c707a5ef25073f8dd68fce3,1,TRUE,TRUE,4.6079158782959,5.57723226997098e-05,TRUE
383,news,a6825354d2eec97c8ec5af281c3e8ffb8d8d8d1b79fda38cf2d090111b929572,0,FALSE,FALSE,2.46214866638184,7.18418781451291e-05,TRUE
384,news,fc31b76770d45bb6edf3a2d261bcd4e1e607a8cfdc6fa01042753364297e4907,1,TRUE,TRUE,2.57611274719238,6.49738725737592e-05,TRUE
385,news,9f49b5c70ba25f6143128ae546aaccc82bb16458882334b8b31f2f4822e921e1,0,FALSE,FALSE,3.44610214233398,8.10368035661924e-05,TRUE
386,news,cc4cac49b2fa3a54ad87d0bfe66e9af25ea6dff9593f772ada978367c9c2195b,0,FALSE,FALSE,3.0980110168457,9.45219726631308e-05,TRUE
387,news,167a7a8d42de7964f3b67bce94140ce4c328a06ad649a91a4970945638056555,0,FALSE,FALSE,2.89583206176758,0.000177350409817478,TRUE
388,news,93b7fa846956a2a6f0047c1160bf4b816ea84b328f324607005a86c7782e1510,3,FALSE,TRUE,2.60496139526367,6.55928832813402e-05,TRUE
389,news,ca672140801740fa7e44ccb50cf3d62fedde66c3a5920ca1d5f3d8f7a911757a,1,TRUE,TRUE,2.36201286315918,8.98443828560858e-05,TRUE
390,news,09104adbbf177a82e40cd474f07579ce08cddba2cc227bcd2cffa96f9f4d89e1,0,FALSE,FALSE,2.20394134521484,0.000119733517192522,TRUE
391,news,d516d891abce8f32f976c0d236d0119d3febe3291cf8be64d26fb417d7592c85,0,FALSE,FALSE,2.41708755493164,6.48199470001387e-05,TRUE
392,news,f3413e35de07bfd9f9076f1a158e5543ec7ac734d404122088009c8189ee8f9a,0,FALSE,FALSE,3.2958984375,8.47261768797125e-05,TRUE
393,news,de57ad01097c4cc7f5470453b943e6145ff69e2bf1b79d1e536d53d93b84b04f,0,FALSE,FALSE,2.61092185974121,4.05862240278054e-05,TRUE
394,news,b5dc2f7788c74acce6e43c045174d96d2e7b70f4cfef5c47d92ee53874b5bb71,0,FALSE,FALSE,6.31904602050781,4.80850388306919e-05,TRUE
395,news,1c5d35be79b538775e698f89355b94f0302377a7c61ce779379e95e859e707aa,0,FALSE,FALSE,3.11589241027832,5.73419639717798e-05,TRUE
396,news,4e972432a73c7ae0453cb19a81e36627db0998bf107a674ddbec36741d6e64a4,0,FALSE,FALSE,3.10707092285156,6.40184631688356e-05,TRUE
397,news,d059e8e226e0b25d55ccc60d3aa43a4e8a9b58cfcc56cf14632d0df3b6cfdcb9,0,FALSE,FALSE,2.48599052429199,0.000115543621653558,TRUE
398,news,3ef46b5cb40d754b49c3295ee42a0e355a320570bb0d098bd2a3a3056b515030,0,FALSE,FALSE,2.42710113525391,6.23705635582894e-05,TRUE
399,news,a874f75209440bb071a191dd05a161a87ccd784eda42e7e7de864f56b055ca0c,0,FALSE,FALSE,4.49395179748535,9.89995262488108e-05,TRUE
400,news,f09f9938da425a316e51b810e49e8b3689991ed7ae8f56fbd0462d3181cab1d8,0,FALSE,FALSE,2.93421745300293,3.47310960258085e-05,TRUE
401,twitter,0b47768892825fbb67c0fd7ef034fc3d9ca4f538935f2982b8cfa060bb474e07,0,FALSE,FALSE,2.55703926086426,0.000149979517532373,TRUE
402,twitter,8fd775c6e85956b3f4a903f04670274c0ac7c81ec4c6a57ef1b32a479576eb28,0,FALSE,FALSE,2.43711471557617,5.73698650363497e-05,TRUE
403,twitter,6d0eb2bc6cd35b877206783f8a9d46ce8e6854d59ffd3ea0ebc0f7f0c5d016d8,0,FALSE,FALSE,2.69103050231934,3.0002232016102e-05,TRUE
404,twitter,a2f919a254bf1060d6ba5683957881bab5d921361f013c7ccf6bf0f3455a58bd,0,FALSE,FALSE,2.54106521606445,0.000113519920629912,TRUE
405,twitter,6b223ce5d8317e398914df3c836084ec5fd28ec4e2b994983e61068124d5643e,0,FALSE,FALSE,2.41589546203613,6.31081174997661e-05,TRUE
406,twitter,8dd3ec4c63741630d204ea20918c325247e8ecf771582957f344e17ab44c71f5,0,FALSE,FALSE,2.38418579101563,3.82154565956583e-05,TRUE
407,twitter,5e899337393186e8ed1e694fbcfccf82c381e789269f0182772b15b23132d6b0,0,FALSE,FALSE,2.35199928283691,0.000116595985249823,TRUE
408,twitter,5e5340f267f7ed5adb97466d7fe894182ef7d2ade66e21a8339b1da7787aa041,1,TRUE,TRUE,2.64215469360352,5.16056770951678e-05,TRUE
409,twitter,8b05e8104c7cbcf50536ccd7809004fa0f0ef1341417388f897f0e9135117e15,0,FALSE,FALSE,2.43711471557617,8.80240707648028e-05,TRUE
410,twitter,7a2c752e9e7b7d5e67149eb28068708a707147c15b85a36023a3abd9910c5bbc,0,FALSE,FALSE,2.19988822937012,9.28222160183623e-05,TRUE
411,twitter,029f5c904bd5e63a18f20627dcf5260615e4af823d78a2714601241fa1d67eb4,0,FALSE,FALSE,2.93803215026855,5.22524673485236e-05,TRUE
412,twitter,aef988fdbdaa2416fdbd6100ec3653760887823522b2e87f9fe15d6adf0f3e70,0,FALSE,FALSE,2.95782089233398,5.4612311283897e-05,TRUE
413,twitter,47def72de0a8f62d1b4d368e445713a891bfecfd7f6ac8135f89bf88c8e23353,1,TRUE,TRUE,2.29001045227051,9.68501995917137e-05,TRUE
414,twitter,c65112d871aeeb9cea3f2a2e3fd90a84222c76ff24372ed803ff78d07a20f438,0,FALSE,FALSE,2.23112106323242,7.02349436378924e-05,TRUE
415,twitter,54b37275012c471849cf7d7455e478896528f847d9d1d32968f0de2b56dc83f5,0,FALSE,FALSE,2.30193138122559,7.4413283661201e-05,TRUE
416,twitter,087ba0f7951cc7195bb4169f9c932fd5c8b5abecbc61fc278c24e00c9389c79c,3,FALSE,TRUE,2.28309631347656,0.000116466204922006,TRUE
417,twitter,164a11f5c4eaadf5025afe2b2b8e69eb86e0f295b652be86b0a6180380a5add2,1,TRUE,TRUE,2.54106521606445,6.0893624352687e-05,TRUE
418,twitter,de484d1a367742db5a086161221548330995b48009bfa01f7b349a31e6677e71,0,FALSE,FALSE,2.80094146728516,0.000123627843783503,TRUE
419,twitter,e27d061a9966141efe574ee1ae8bb18f7318bea45a774d7aae95abecb6e66ab7,0,FALSE,FALSE,5.79905509948731,9.78378700642324e-05,TRUE
420,twitter,4a6765978046e9c4850f7e8fb9d02132599e460f072aeed3e98bc7eab8e8435c,0,FALSE,FALSE,2.94399261474609,9.12631858334123e-05,TRUE
421,twitter,1cc09e9cc0e35f18f40f3a44acb160180b3e4764cf1f5f5e79f382fb09bf87f8,0,FALSE,FALSE,2.60400772094727,4.14972444557904e-05,TRUE
422,twitter,f0782c28633af696b2c95fdc39ac801ea6d0ed9974c2f42c3687f797f1bfd949,0,FALSE,FALSE,3.18503379821777,4.67860821098398e-05,TRUE
423,twitter,907e30acec6c5233c0baceeb249232d72349f9428a46b0bad3d009aaeda3b3a1,1,TRUE,TRUE,2.47621536254883,4.42813014860377e-05,TRUE
424,twitter,15a694e4ecbd03c6af7426bd2479b0387a9537518934f5fb783427718b9fd6e1,0,FALSE,FALSE,2.59280204772949,0.000103012534896418,TRUE
425,twitter,32c967e2dddb9aadd1af7caa33cbdc9fbf0a4dbc33f86d6d621eff83ade288d6,0,FALSE,FALSE,2.72703170776367,6.9054922031242e-05,TRUE
426,twitter,18d270872e130060a88fc80188c622b62e7707f8f87c1dce65c4c2a0a5e1bbc6,0,FALSE,FALSE,3.28207015991211,7.87685095069435e-05,TRUE
427,twitter,6242214577b7b93e50ca579e4fa48ef52f8fdd602ba68e4f0995347e744d6c42,0,FALSE,FALSE,2.26807594299316,0.000103860975777081,TRUE
428,twitter,5fab691f77dab0137f546ba241171d9d03b69686730374f0263a2f173e2c3fba,0,FALSE,FALSE,2.29811668395996,6.10537839946801e-05,TRUE
429,twitter,e1cba0de4783d6012d270111f1191b9de9d61d7d2bec52c1f06d21e0850febd4,0,FALSE,FALSE,2.84409523010254,6.25355591958865e-05,TRUE
430,twitter,715271246d5b36d0029a645b743b1a497f4009810e7f1e7e02c1442b04e60512,0,FALSE,FALSE,2.61497497558594,9.50090415390292e-05,TRUE
431,twitter,0096640d99e82bedfd928a55f580fde2a62e08529d898101658ef36d8b1f5e61,0,FALSE,FALSE,3.24392318725586,5.24457609705209e-05,TRUE
432,twitter,77072aef2a68cf6f7437596e2f59493519aa1d3a3d53770725713ccb2d701e99,1,TRUE,TRUE,2.41994857788086,0.000102634182264971,TRUE
433,twitter,e92e0de20685f8d42a5e4b3a1e74cf3de49003fdf6a81a403bc0e7a56a318dc7,0,FALSE,FALSE,2.41613388061523,7.46862052807273e-05,TRUE
434,twitter,69ceb18c129dc3fad662a352aaca19394fd4936989367a93b6de3aac1d02fba3,0,FALSE,FALSE,3.15594673156738,0.000123727325497036,TRUE
435,twitter,c9dab0edc4e2e7d1a91c04c2747899eb19f3eace28c784b0d00bb55c950003a4,2,FALSE,TRUE,2.45809555053711,0.000114622632698236,TRUE
436,twitter,849c1806bf1003397468bdd9be908d450e35ace05d6d4aa0a59539c638431891,0,FALSE,FALSE,3.0059814453125,0.000103769854344904,TRUE
437,twitter,a9d12d98e173f7ee6f07cd2834c479412ed1de60886e89acd05745f10c5d76d9,0,FALSE,FALSE,2.72107124328613,0.000129564711137675,TRUE
438,twitter,73446818523bcb270e7fc25fb89b4ec943787c839b487af464f18bbf4435cf0f,0,FALSE,FALSE,2.52389907836914,7.2605870533593e-05,TRUE
439,twitter,e04ffb8d24175bc8b3982a774537945dea69da09acd3c7a4a7e6a112452df1b8,1,TRUE,TRUE,2.39896774291992,5.89268501132167e-05,TRUE
440,twitter,9a50654db7add54463b163ffd2e9f9ae9b36dcf64f79f939dc5df57ee954860b,0,FALSE,FALSE,2.29907035827637,0.000127580627407475,TRUE
441,twitter,596f8891b928fd990c3607aaffe8ff1c028c870dcd43bb2e6316a932fc973d60,0,FALSE,FALSE,2.35319137573242,0.000158691580309345,TRUE
442,twitter,30f4b358af21cba366ce0b70738123c8e026f35ddfe92a89a8ae17b0d1a6370e,1,TRUE,TRUE,2.46715545654297,4.85440114132985e-05,TRUE
443,twitter,e09f9b84f637d3f3f82d70b3dd25b31ceddecda3fe5f8458b54007b2ac7497d1,2,FALSE,TRUE,2.55990028381348,7.57264216275644e-05,TRUE
444,twitter,1a59b452ab38e1e96e55849b11a4342460627a0cb7bc99786ead879bbe6ee5d1,0,FALSE,FALSE,5.71393966674805,7.89371482161627e-05,TRUE
445,twitter,2e6c8e2e2bf78b35c331df3d1d94877d89e886579e82e1ac062a2f79e377f6c5,3,FALSE,TRUE,2.49004364013672,6.7396652366547e-05,TRUE
446,twitter,8ce4fa11d077eda6a361995955957c6f9e4bb4af8c3ee36b9d435cbda6db3642,0,FALSE,FALSE,2.53987312316895,9.90190085161657e-05,TRUE
447,twitter,b763d50745423912f217d11f5bf30bf666b1f222195bdd3c8d91ac8cd4357407,0,FALSE,FALSE,2.5639533996582,8.72461787322365e-05,TRUE
448,twitter,27e9eedfbcbade73ba5ab6c12df81a3251a7e0a6f2c30f2287f0fd06ce80d85c,0,FALSE,FALSE,2.45785713195801,4.11458830367195e-05,TRUE
449,twitter,6eb24b76a189948eb35c131de3337b1ea7012fed2bf47185b7988eed377a8c52,0,FALSE,FALSE,2.85816192626953,0.000104694547185424,TRUE
450,twitter,20c7c7bc30bd60a01d2fd4a4d2de33852e9902ec01d99a328175b7c1971ae3b9,3,FALSE,TRUE,3.31401824951172,6.48810273240486e-05,TRUE
451,twitter,ffd515ed396479c10f200d076f4fbf51cdf7cf9b89840f5d108d60b894e0ee4f,2,FALSE,TRUE,3.06200981140137,9.62536141315695e-05,TRUE
452,twitter,c1b7df5e4e62b185eeac3e1fa9321cffb7c68347f97644314ff5fb6333b269cf,1,TRUE,TRUE,2.8080940246582,0.000158977927122272,TRUE
453,twitter,7193190bd2c58c2dd45199aba8751257f0a4b568e0fc56e5edb7e43807a65839,0,FALSE,FALSE,2.36701965332031,3.91929718617234e-05,TRUE
454,twitter,4bd8331747eb0c97c07dceab4cc049b10d06d426189d13c5dd4a0f0042b1e1ed,1,TRUE,TRUE,2.777099609375,4.13999437061108e-05,TRUE
455,twitter,8c884dff6169d2432657b44e4c7cfc6fe101db71a6a3d07c823ce59f380c1576,0,FALSE,FALSE,2.58207321166992,8.57508684646291e-05,TRUE
456,twitter,2ebb6b9ab4bbf7a18d817d0c6902832d2005d7bcb58ba5915420fc8e4123eab6,0,FALSE,FALSE,2.3198127746582,8.2042450646469e-05,TRUE
457,twitter,573d7b7581b6a512cf256304d98c5a7bb0d064806feeeb113ba2f7dd1684332b,0,FALSE,FALSE,2.51221656799316,0.000109827012061636,TRUE
458,twitter,1c37da36a39985cb148ad33eb52a0db5dfaa7c6039edddbfc33abab431cc1185,0,FALSE,FALSE,3.00979614257813,5.24405814061879e-05,TRUE
459,twitter,1232df9cf6c5d77f894526a90fa024f3f771b99e91d9db96b521b30b2bc5ed76,0,FALSE,FALSE,3.36384773254395,4.41885778279527e-05,TRUE
460,twitter,4a15c246c8d18eaf83f76290ca735a86a419a9a451dcc68ed7f98d0fde488993,0,FALSE,FALSE,2.81119346618652,7.02823764502369e-05,TRUE
461,twitter,b49c1c93243d63b1e694f9a778bf6a132e291af506a4c9c6facde4ad265c9160,0,FALSE,FALSE,2.37298011779785,7.63203303311144e-05,TRUE
462,twitter,5edff1dc1c7844917052c1eec7994a3f418db36946c7e552b1d61fef0c7d4ffe,0,FALSE,FALSE,2.84910202026367,7.9646576407022e-05,TRUE
463,twitter,0097402d392a71e678d1d1098ae0b8470961838f2ad5f78040aea1b23c7f8985,1,TRUE,TRUE,2.8531551361084,7.6400202424054e-05,TRUE
464,twitter,4cd7e4c5d7ffe8f0863c8b4beb6876380f77ed01c16a144ccf73171b1704cc7e,1,TRUE,TRUE,2.40492820739746,7.34640168573719e-05,TRUE
465,twitter,0e9ad447f1f34f842bcf450e067d21f8de1345d751fab1212b37fe7a13921916,1,TRUE,TRUE,2.59304046630859,5.91699592122907e-05,TRUE
466,twitter,2ae021839b8040aa9e97ca5d5afcb1e39b0ed4ab15687a1062b2f49315cd52b0,0,FALSE,FALSE,2.3350715637207,5.70232657759462e-05,TRUE
467,twitter,4ed0a5e8a75b31ecac6317f52d4f6e9cbd3b1232a34fa0c68866c127ec5fc8d6,0,FALSE,FALSE,3.25512886047363,5.49925036334997e-05,TRUE
468,twitter,5648c1cf7abfbff23aa2bed46e62883d1f096af0836ae019033ef97071cadc90,0,FALSE,FALSE,2.94399261474609,6.71361686048755e-05,TRUE
469,twitter,9f89ed27fefcdbb774707a5064550c3e1d74a22a437d3a976e43d4e4a85cd005,1,TRUE,TRUE,6.16693496704102,4.19988008566463e-05,TRUE
470,twitter,844014e0d5cf653c9655e44c539c57a9b57b69b456b3f162cc18d010f6ddc3e3,0,FALSE,FALSE,3.2188892364502,7.60417656104906e-05,TRUE
471,twitter,5456dfa2912bf9814134ba5e54a7ecf4abadb0c2f405b94e1cde65d43e84b727,3,FALSE,TRUE,2.97403335571289,5.37411676999611e-05,TRUE
472,twitter,3b004760a9f5a5820611eccf11683979fb0edce7b97b3730182ec720651f45c3,0,FALSE,FALSE,2.9149055480957,6.58559788160318e-05,TRUE
473,twitter,9a0b03c53e996a8462b25c035cbb2d91ae6c2658e2a1565552ea7d61193af8b6,0,FALSE,FALSE,2.81715393066406,7.93214747352167e-05,TRUE
474,twitter,c03c05b1749b3705ce9aa552cd3045e7bac5c5acb8596b4a296e07e3c677a093,3,FALSE,TRUE,3.09491157531738,6.83157946799184e-05,TRUE
475,twitter,edc2c7cace52cbd3b5b4487038f89727ab41a1842cc0a5e965c27af9b00a61f4,1,TRUE,TRUE,2.70318984985352,5.82085353384443e-05,TRUE
476,twitter,776a2b80f2df32d8056da1dcd290b94e36fb5696d03a8da1899bd1271032d7cf,2,FALSE,TRUE,2.48003005981445,0.000104978565264702,TRUE
477,twitter,62c0c31bd5486646650ce0673e187fcf397ecc3149f7f40d57dbc03c83207bd1,0,FALSE,FALSE,2.46405601501465,5.56459382190511e-05,TRUE
478,twitter,f7c9f62d7b325db4e05fe08ebf3e215ab1d438021b9a05a39d28cb2b5b8089cf,0,FALSE,FALSE,3.09514999389648,9.08279745761575e-05,TRUE
479,twitter,d155d301343f2b4fe16d9aea8fbd1126cfe3c6743efca89ea07cc4c389c75a66,0,FALSE,FALSE,2.56705284118652,6.82556992206429e-05,TRUE
480,twitter,60e10f866dd869f20f3214be7f032fc25c87645c968ce40219f02772dba757b8,0,FALSE,FALSE,2.72989273071289,6.31168198585996e-05,TRUE
481,twitter,ec985e4eb1f0f18f5f0c75ce7eb1faf2256034a00031582f6817b459d609ccee,0,FALSE,FALSE,2.49195098876953,3.61091990326301e-05,TRUE
482,twitter,c4a135f43c2cc222abfa7581da354db3f8ef029b86c68fe961a0f724b85c024e,0,FALSE,FALSE,2.49099731445313,4.81487786947454e-05,TRUE
483,twitter,a359c6fa23c3febf078d2ae7ac8e8f51b46223479f5985985cc1a4c62839858b,0,FALSE,FALSE,2.56800651550293,0.000105708292046813,TRUE
484,twitter,81355f13ef38520a3fa175c45fccb1ebc2e82c7fcda5b5a05f217bfc294d8475,0,FALSE,FALSE,2.50005722045898,3.45297571087144e-05,TRUE
485,twitter,a4bdd01162b17a2c16752bf7f219bdd51bc5fc5fe4f64aefe67c93797b3e71ef,0,FALSE,FALSE,2.36201286315918,5.70515078113232e-05,TRUE
486,twitter,6db5dc9936c01346136cd881631e4b62649fd8b450f6fced13c36a352ac52d77,0,FALSE,FALSE,2.35891342163086,4.97177622236222e-05,TRUE
487,twitter,2fad8a15418d25b22dec6baaf6889f0fc55101d26a0f2e5dbeaf138c3207bfb6,2,FALSE,TRUE,2.48384475708008,6.7208157481069e-05,TRUE
488,twitter,8bbcdc15912ef984386f14a7da9d78a9c7d343749bc75174ed4e2dbee3e3193b,0,FALSE,FALSE,2.81596183776855,6.8759578878641e-05,TRUE
489,twitter,8e6d2bd4724e2927294f5d7cc3560667f1cd8ab69c50db55c277d91dc684dedd,3,FALSE,TRUE,2.33888626098633,5.17073015640079e-05,TRUE
490,twitter,2aeb67f9c66ec2016aaae4b7ef195e6d7e3e32e0d582fe1999cc89db9957c26c,0,FALSE,FALSE,3.13305854797363,9.90763106623049e-05,TRUE
491,twitter,f6fe7cd69758db5f74fceae387d304d775aab0dd02693680a441bd4bdf70c4d7,0,FALSE,FALSE,2.61092185974121,8.28139324431376e-05,TRUE
492,twitter,b5d038ee1d021fdb3e3fdb568923af29b0cae566fe01aacb8d38e8ff1588e712,2,FALSE,TRUE,2.46500968933105,5.36519623466347e-05,TRUE
493,twitter,ca8eda6a19c613fdf790a05ad0ae945985b525cd0b76f8f7d4ee97510b7ab93b,0,FALSE,FALSE,3.05604934692383,7.64746464412269e-05,TRUE
494,twitter,43173392e4d9887970a17559f031851046bb021f40fe65c66d4e7ab01f930b0a,0,FALSE,FALSE,2.70891189575195,6.72790723772465e-05,TRUE
495,twitter,8db7e24b2544417634594a52281091052da8e582dc5dfc585db143110de765c7,2,FALSE,TRUE,2.34889984130859,6.07595200996514e-05,TRUE
496,twitter,5d23efa303e9328c4721917665efb9b78e212583d6b4b9e6ce9291cefa985043,0,FALSE,FALSE,2.61092185974121,5.8096530956675e-05,TRUE
497,twitter,a6af6422531a26b73cd526c789021a1880cfb6046d20c2326a8ed91fcd00def4,0,FALSE,FALSE,2.87389755249023,0.000126083077656602,TRUE
498,twitter,ac829c81fe972e398922092ea11733f8848fd31646a9c71d42179f6f277973b3,1,TRUE,TRUE,2.58302688598633,7.35737331929443e-05,TRUE
499,twitter,213bdde73989a9f3ed4bfa69b17716e231dd80000d8fbc6a52f261633d956afb,0,FALSE,FALSE,2.31504440307617,0.000104868033577787,TRUE
500,twitter,bd33e6d883de2fcc643bbc003faf4df5bbf7636a56908319adeb2cbe64a93da5,2,FALSE,TRUE,2.85601615905762,5.34360613650975e-05,TRUE
501,twitter,f27410e33b324619c296874c215e6fac43ba3f0f7e761cc95556f71fdcec111d,1,TRUE,TRUE,2.45809555053711,4.88751570717483e-05,TRUE
502,twitter,c94404d008e17b7c25cfce6430a74d1d6126f8971c1fe59416e59b631bde4160,0,FALSE,FALSE,2.28786468505859,8.33225349490263e-05,TRUE
503,twitter,285500729a4e2a6a2d2da10479c42f81391a9107a57bdf2cabf7faaef5b92076,1,TRUE,TRUE,2.41589546203613,0.000113214183086185,TRUE
504,twitter,81ee1a6ba057033baac61937c5aa5ebe5db567dcbc1d6cdc1ffb0f75d97d07a6,0,FALSE,FALSE,2.84409523010254,7.14806872670337e-05,TRUE
505,twitter,199d1f09a54eea11a3b242bf34abe38d8e9772bc0578bfde17869abe078d0974,0,FALSE,FALSE,2.55799293518066,5.46332980437825e-05,TRUE
506,twitter,373407d9a381c0760c1c15ad0635c4c8eed5ed001f7b9a03a18a38b86981a2ee,0,FALSE,FALSE,2.30813026428223,6.65545742837281e-05,TRUE
507,twitter,902a53b84eb9475b3d7ee8d68a522b3f738eb5da100aff7f7bb1f6763261afa0,0,FALSE,FALSE,2.47502326965332,6.73116920673067e-05,TRUE
508,twitter,1998877dbefed5ddbb500723704541f7a48c148d6d7f1ff9755ccfca78647eea,0,FALSE,FALSE,2.6099681854248,5.5436908122708e-05,TRUE
509,twitter,852d549c03e0bece7f94512b3aa895152e795e9da14d1bf1f51fe83bc4fd1358,0,FALSE,FALSE,2.86984443664551,7.26270113053928e-05,TRUE
510,twitter,7e46f8a353f81ac241ec4ce43b1eb4f897a4dc4fb27070a67b87f0ba162adbe2,0,FALSE,FALSE,2.83598899841309,7.89166118932982e-05,TRUE
511,twitter,ead5d850634654e9dfaaf39fc44be7c3c5d325402692f7294c4c1f6487043fa1,0,FALSE,FALSE,2.43711471557617,9.57194991721977e-05,TRUE
512,twitter,47466196cec03da35d16b7fb818aa4737acfee31df16a0da00a9f27a75c97884,0,FALSE,FALSE,2.5181770324707,8.24717379872553e-05,TRUE
513,twitter,a82e5755238a3d58ad57fa8c679400ea519673cf5475930905806fc2f3bf1f78,1,TRUE,TRUE,3.96084785461426,0.000149768375422354,TRUE
514,twitter,46726648c6730dbd983b22f838f92ee33917036fc1462af7db2b6c142cdbad6d,3,FALSE,TRUE,2.77113914489746,3.82154565956583e-05,TRUE
515,twitter,4bd4d66e4dab5afa7571d2d3e76eb4573903a97c29f417c3c8b4b7141b9def6a,0,FALSE,FALSE,3.47304344177246,6.04642323169813e-05,TRUE
516,twitter,31ba39017ad7153b3cc9de47dbf5a7b071e48d9d83b293fbbb3500cbc7bcb835,0,FALSE,FALSE,3.2961368560791,3.99371177266517e-05,TRUE
517,twitter,a65a90740755f4dc78afc8e1090b2fc2141126006c8c5713907147adc62144ce,0,FALSE,FALSE,2.84981727600098,9.7845885241199e-05,TRUE
518,twitter,0477c7dce52fce657dfd40a3fbc5dc8cb5c8479e1449298b5f536a3161a72dfd,0,FALSE,FALSE,4.91404533386231,0.000117027535505798,TRUE
519,twitter,deb6e618ead2a07270f3d145195f4e6cdb0eb0a094ed56e6dc5419904dc58470,0,FALSE,FALSE,3.4489631652832,0.000131464979155282,TRUE
520,twitter,67faeb2b306e292e8770b1c04d8df55781b0d95443537b8add19d1960defbf86,0,FALSE,FALSE,3.62396240234375,0.000172513868822222,TRUE
521,twitter,6d1e24c3edbe49ea6f526e615a679294616467ce9e8c1599232afb9013acc8b1,0,FALSE,FALSE,2.53200531005859,0.000111468422208105,TRUE
522,twitter,921902a0a48b56c8ac2fb720f69d96499a321463b6efe39254dd6c8e70b2ea05,1,TRUE,TRUE,2.79402732849121,0.000157064308018207,TRUE
523,twitter,7461d185d85fa4d987fed4cefea3ae41d7adc9b64d89e8daa2e65ed99ddbbd37,1,TRUE,TRUE,2.61497497558594,3.82087334269698e-05,TRUE
524,twitter,5da4794e5d908d18fff019e405d814de8f53298fd38a72ead9eb521f9af0e1da,1,TRUE,TRUE,2.47001647949219,6.92221879941002e-05,TRUE
525,twitter,11feebcaead082609623d2bd79b976689c010bcaa714db53ccbba5027db0244c,0,FALSE,FALSE,3.38196754455566,9.64109425281023e-05,TRUE
526,twitter,6a7f0edc32ff3c62b62d379140f878c7a32602b8cc759ad334c478cd811e206f,0,FALSE,FALSE,2.79021263122559,6.31757097249164e-05,TRUE
527,twitter,40378766252c3541dadcc2be4c3f1db80b86441a3f7c7b6821ccd55fe0f7688e,1,TRUE,TRUE,2.43496894836426,7.31085167107182e-05,TRUE
528,twitter,93263e2696ca8851f6401c570e3067cd1f3fa90987b9d28782987a200b175dd7,1,TRUE,TRUE,2.42900848388672,0.000103997611498485,TRUE
529,twitter,e547023248d55a72e5882a23afbbdb7ecb145abbc042972a5b4a1e7c286b5c97,0,FALSE,FALSE,2.80499458312988,5.5313633614773e-05,TRUE
530,twitter,f74372cd86ff9aec6e797461e37336833e89628a7961cbc8e6db1035f2ccfa5a,3,FALSE,TRUE,2.40015983581543,5.03942097296317e-05,TRUE
531,twitter,c292c5da0a8aa4090089d9d97845f09b373bd1a4fab39ac64c8b2d50e15433e8,0,FALSE,FALSE,2.36797332763672,8.81319361276667e-05,TRUE
532,twitter,dcc14d16f7054c2c367dcd0c6a87c15f5f0c15ae78e541d1269e7f7aaec62a40,0,FALSE,FALSE,2.38704681396484,5.47536812831595e-05,TRUE
533,twitter,79fc16f082a53b70dcb5823d8e767a8d278a31d5b930d16abbf2bc865ab87a29,0,FALSE,FALSE,2.50601768493652,9.15615160730354e-05,TRUE
534,twitter,bbd51ba170f12ab70463d6f1ac422424a8de8a3cb4c2fba12ac0806ad653de14,0,FALSE,FALSE,3.02004814147949,4.1871003229943e-05,TRUE
535,twitter,bf720fb323cabe569fc0c729246ba69e710e10bef5c41350135b40b005bd5cbc,0,FALSE,FALSE,3.16905975341797,8.55001302237923e-05,TRUE
536,twitter,33176fac8eb3c5980c8ce7a3a079403a7a92d0c429d04ac276999d3b9efcc40e,1,TRUE,TRUE,2.35581398010254,9.06492629670907e-05,TRUE
537,twitter,b0a3eb688a9ed1792d3270d8877c4fbcfa817a5647ca04c01822e2af6e47bce1,3,FALSE,TRUE,2.2881031036377,5.23404000940531e-05,TRUE
538,twitter,f55392584b9aa853d858c78bd07b84787d804e61d9ed02f4fc3806012b13aab1,0,FALSE,FALSE,2.8538703918457,6.56785979042951e-05,TRUE
539,twitter,809e0ee79efc2f3a759933e2c0ba6316af226c07596a7b090ba4ae1c3793ea16,0,FALSE,FALSE,2.63190269470215,6.94505983531712e-05,TRUE
540,twitter,bb450818aa1a7aa0956a4594d032b48f69f193eabb07232a8b4f7e822e43b8f7,0,FALSE,FALSE,2.89702415466309,4.57886512510441e-05,TRUE
541,twitter,fe9aea0725a9b4f7f77ee9ca321331930c68150c8d7586189e84dac83bc98527,0,FALSE,FALSE,2.34103202819824,6.71655945121419e-05,TRUE
542,twitter,59c8013c1df2516be4e002d7ee5dc36ff478a31814f9f385375a62c2af9af28f,1,TRUE,TRUE,2.36988067626953,6.17329264720468e-05,TRUE
543,twitter,c70e91e99cf2912963ae14ea563d7f6a0f2cc9f2dc6421716e822c023904f063,1,TRUE,TRUE,6.51907920837402,5.57544257082654e-05,TRUE
544,twitter,9a47a95bc12f2aa1939db2722ece91281ed34bc3cb5dc78c7d8683ac6b54459e,1,TRUE,TRUE,2.49099731445313,8.61048010429855e-05,TRUE
545,twitter,9f596c8b340e5579121fe3cbf4ed65a7f06281bb559da4fcd1609c70202daf55,1,TRUE,TRUE,2.59280204772949,8.14958882955352e-05,TRUE
546,twitter,5845c97b3512784107edf2caa483973f1c25fa58f3016bdfc5c8cc5c5c371ec6,1,TRUE,TRUE,2.44498252868652,3.69236344504031e-05,TRUE
547,twitter,b27b3d0377cbcd6718d8c822aaf77a17ef393d6a4fcb941374d69e544f0c3575,0,FALSE,FALSE,2.90799140930176,8.12641175311768e-05,TRUE
548,twitter,9f79e8c5c80f3aba95ada2f4aef6041b37939f57129dd1db1f2181fbd04e5042,0,FALSE,FALSE,2.90703773498535,0.000109058196962053,TRUE
549,twitter,22fae40bf33210d9d9182fc2e0d9fa6af181892540d70a85ac30761b004fae28,0,FALSE,FALSE,2.28214263916016,2.84621510093785e-05,TRUE
550,twitter,32f268119de2bd12e0346c67a845729dc776f86303b39ccb717e78cd398507e8,0,FALSE,FALSE,2.80284881591797,7.01521306005759e-05,TRUE
551,twitter,c5001b759d4255d9d99249504f5825f7270277a69eb98950c0c660367ff87f0f,0,FALSE,FALSE,2.78210639953613,0.000107286289487973,TRUE
552,twitter,d891394d05c619ba0126116ccf0a162175f3c43d2a2b8ff9c6c487250edbdfa1,0,FALSE,FALSE,2.63214111328125,0.000118411812093377,TRUE
553,twitter,b95b34d913c70639530352536a33f9bf9060015b2be2c88d7b5c1c845269d754,0,FALSE,FALSE,2.27713584899902,0.00012257589311826,TRUE
554,twitter,ac89f2a7955950ec02599105a1614abb3f4104367afa142be93471c1ebcc3ecb,1,TRUE,TRUE,2.9139518737793,5.24223778910482e-05,TRUE
555,twitter,ea9917e5f5a88e57a6617dcf19ddeaddd5efff6900c5a6534023908de52f068c,0,FALSE,FALSE,2.65097618103027,4.86828476100598e-05,TRUE
556,twitter,5d833968865957ff0f6ffb3cc7614be6eef69123047bbc7eb21449c8e2397322,0,FALSE,FALSE,2.31695175170898,6.14263153240202e-05,TRUE
557,twitter,375c1b92f7b6b45aa92f099cd69c5bec185e26923f28c7603a7729d2f454fd17,0,FALSE,FALSE,2.41494178771973,4.43902392603945e-05,TRUE
558,twitter,387723458c66e408b808eea48466bd2a4491a21256a26dae9182cf3d44129cb6,0,FALSE,FALSE,2.52509117126465,5.73645780796994e-05,TRUE
559,twitter,8518ff3fb26573151335180001388035d15db267be49fbedc8a536ff4ddf13d2,1,TRUE,TRUE,2.46500968933105,7.52207496503843e-05,TRUE
560,twitter,ae3cb31e730e8d6ff4a36774656af36b1ca5e587f54a9d94d476e03228593dc4,0,FALSE,FALSE,2.85100936889648,7.38481080793108e-05,TRUE
561,twitter,328c9209a3de3fdaf822820e1ee5de94478fd62dace121ea1a6a98e37716328e,0,FALSE,FALSE,2.35986709594727,7.89507907024145e-05,TRUE
562,twitter,326f3b0b39b9dcaf1d2cf9f3e90992436dcbc926df8e1d2eab7b4632ca4a77a3,0,FALSE,FALSE,2.85482406616211,7.826390564869e-05,TRUE
563,twitter,46ed9093252d808efd080738ac8b971774ff65d4855f1e9b1d9a724053e99cac,1,TRUE,TRUE,3.01289558410645,8.03252603578386e-05,TRUE
564,twitter,9f74c34eec961cc2b0b8ae65dfa4a05dfdfc6791418be9fac80637c0e15583d0,0,FALSE,FALSE,2.72607803344727,9.55949457228655e-05,TRUE
565,twitter,ccfabe1eadc855ccace4c88a4917ef55de6a7f146cf1e30a4f57aa6132087ec3,0,FALSE,FALSE,2.45118141174316,8.55621246458327e-05,TRUE
566,twitter,c51426101d1a758badb57e27958db81cf763686f20d96d0fbc3ffba043a39ad5,0,FALSE,FALSE,2.32601165771484,3.82154565956583e-05,TRUE
567,twitter,1d3c212f340ef54aa374be0ca0fd4b2f88e9cf01d7d452a071f091d4b995f5f0,0,FALSE,FALSE,5.20491600036621,6.25804250669049e-05,TRUE
568,twitter,4af22471a3d09c919657f196d9db3d6bea1f5070cb6fab3bf2a20aa9aef9980f,0,FALSE,FALSE,2.46000289916992,9.24946014544403e-05,TRUE
569,twitter,4be446364a169c258e081d5428cb43451f6a3f949a3d375a50e8d861727ad131,0,FALSE,FALSE,2.91800498962402,7.55004615138333e-05,TRUE
570,twitter,8cc119a2b38be5497a86a0580cb8a34be3e60c7b859c126885ede12522114106,0,FALSE,FALSE,2.49481201171875,8.81221634925211e-05,TRUE
571,twitter,284c2400932f5997114bfeda6f0c04bf2b4a7d871d4ec8195c83649a8ca05d64,1,TRUE,TRUE,2.53891944885254,5.502954264891e-05,TRUE
572,twitter,699caf411cea0da0dd2295781eb4539818da2a949c7c1302681f6fe17b36202f,2,FALSE,TRUE,2.34198570251465,6.2088976185315e-05,TRUE
573,twitter,9f707829bf840b5bfe458637b67ab793ab1417bcd7655f788cbafb872c287af3,0,FALSE,FALSE,2.42710113525391,7.02639098175695e-05,TRUE
574,twitter,ea5a7b1f00a68fbfbd9f755d72ead415f5ce81e2cd9dfb5bd1b2edee69ceac63,0,FALSE,FALSE,3.36313247680664,4.5522003173204e-05,TRUE
575,twitter,0e42cf2f38a7260c4b2092eca7220f5d546ecfcbefc6af0b1bbbde8d6557d88a,0,FALSE,FALSE,3.21006774902344,4.22285516634702e-05,TRUE
576,twitter,272fdf2f54872e1fe6db26455e88f76916b1c93d5bcb2d449fe589e4c01db54b,0,FALSE,FALSE,2.23612785339355,3.47131943057022e-05,TRUE
577,twitter,67901d6851532497872fd5d5c6972be60cb47a7d292d0e0d8603fa6c296cc2de,0,FALSE,FALSE,2.48003005981445,0.000119714366228152,TRUE
578,twitter,b9ea7f780b30fe7c7b813eb89aab943c6dbc96b0b1162a88b4f0b6e0702a8dc8,0,FALSE,FALSE,2.94685363769531,0.00010394114501544,TRUE
579,twitter,6da19ab67fc77b38f51b37f338f5d9ef1147a4744188288c31b6993aa1d8a9de,0,FALSE,FALSE,2.56204605102539,7.33241423471753e-05,TRUE
580,twitter,d0f9ae922f59da6f898a5a3252caceb48b7cdbb5fd45272512db53bd20594006,0,FALSE,FALSE,2.50601768493652,5.86614766451277e-05,TRUE
581,twitter,ccc3f53a5c2bf415f223d7d08f6c5d98b4210903b0a4e5004fac4034aeb0405d,0,FALSE,FALSE,2.37703323364258,5.24275356763582e-05,TRUE
582,twitter,061989eb4b6f043e6b703c545a41434606597ee5a333ca6cb23a0817f0c1cad3,0,FALSE,FALSE,2.53677368164063,9.74668853257477e-05,TRUE
583,twitter,0147524498f6dcb7f6c1df9732d3db5bdd194c1dbe51d591b8b3e5139ca943bf,0,FALSE,FALSE,2.43401527404785,0.000100784120739661,TRUE
584,twitter,cc0c913577f11e97b3814b51feda487a2334d3d424406075bd0fc517c7f664a6,2,FALSE,TRUE,2.37703323364258,5.39109129773507e-05,TRUE
585,twitter,a0bbdb92233059108829c0e28d980428e110f66a0e8ffd39ce7afa742d09c5f8,0,FALSE,FALSE,2.28190422058105,3.68079101704666e-05,TRUE
586,twitter,741f2d626df4f575e6e7d696afde4686117f08a5f2c4249020ffcd8bfd7e4841,0,FALSE,FALSE,2.22396850585938,7.39729678880252e-05,TRUE
587,twitter,90de0b9bf908cce0650179964fd20ed72d13a26eb1dda59215f3b606899e96b8,1,TRUE,TRUE,2.48312950134277,0.000132876753171196,TRUE
588,twitter,83e20cc4f51e11e49a754eb6faea5d4888cc5f90c72dbe7e3dc7dbb0e3162c59,0,FALSE,FALSE,2.34484672546387,4.7309538503626e-05,TRUE
589,twitter,b96d2800bb083eca035544b0bce72eb11b2a87d29603cde9ba1f402d620305e4,0,FALSE,FALSE,2.41589546203613,6.51234902360187e-05,TRUE
590,twitter,fd6506494e3f316c3b2eda02245b6f4562329d9cba728cf97d781c9a1035e0c2,0,FALSE,FALSE,2.31790542602539,8.47455214838533e-05,TRUE
591,twitter,c563b541beccb4e46375d7b78233b7b595c9a8709a9370cfe4c33c30f86e8534,0,FALSE,FALSE,2.66885757446289,9.19542145068064e-05,TRUE
592,twitter,370616af8584db52e81e96e840a0ff24dc7c1376825dfaba821586a6ceaef0c7,0,FALSE,FALSE,6.18195533752441,9.33710443904445e-05,TRUE
593,twitter,6a006bee7a8ef46994e698dab791821ae894519158bac09839b9c7720982447b,0,FALSE,FALSE,2.4111270904541,0.000103285742643955,TRUE
594,twitter,0ff7cdb2a6d5207e493f159f4831ba1c9bb2f34ab75304c94333523c20d86c68,0,FALSE,FALSE,2.50005722045898,9.14229569417557e-05,TRUE
595,twitter,15ef1bcd3c9bd82e8daf1f10d502977edec7ff2968ad5926e2110b7ce29fb769,0,FALSE,FALSE,2.52389907836914,4.30364671704098e-05,TRUE
596,twitter,48654f6b05fb402f5989d578766c2dd54dc40403e9a190b13a1301030a08ad1f,2,FALSE,TRUE,2.66909599304199,5.33301726211022e-05,TRUE
597,twitter,5ff210c8884d0102a275475473c5cba0c0f2db63e45b1be91cd5778b90e7d79e,0,FALSE,FALSE,2.61306762695313,0.000102634041686756,TRUE
598,twitter,183c48d7a2aab033ccd20104e819d38f67433097750771e7821c6e7961c87ffd,0,FALSE,FALSE,2.71987915039063,0.000104939967048523,TRUE
599,twitter,55ea2cb0b59a864f950473104cc288ed311999fe5b9c195d5edeb7479d4a9306,0,FALSE,FALSE,2.70891189575195,5.52990116382546e-05,TRUE
600,twitter,f1b5e9e6d6f733f94f78785c7b3acb329a53a736ebbc27d870531a64250b02e9,0,FALSE,FALSE,2.38895416259766,7.09927076210093e-05,TRUE
