objective,epoch,mean_top1,mean_top3
TargetOnly,1,98.33333333333333,162.0
TargetOnly,2,98.0,158.0
TargetOnly,3,98.66666666666667,155.0
TargetOnly,4,97.66666666666667,156.66666666666666
TargetOnly,5,97.0,156.33333333333334
TargetOnly,6,98.0,156.33333333333334
TargetOnly,7,97.0,155.33333333333334
TargetOnly,8,98.66666666666667,155.0
TargetOnly,9,97.66666666666667,151.0
TargetOnly,10,97.33333333333333,151.0
TargetOnly,11,96.0,150.33333333333334
TargetOnly,12,93.0,151.0
ConditionalTeacher25,1,100.0,161.33333333333334
ConditionalTeacher25,2,99.66666666666667,160.33333333333334
ConditionalTeacher25,3,100.0,155.66666666666666
ConditionalTeacher25,4,97.66666666666667,158.0
ConditionalTeacher25,5,97.66666666666667,158.0
ConditionalTeacher25,6,100.0,160.0
ConditionalTeacher25,7,101.66666666666667,157.33333333333334
ConditionalTeacher25,8,100.66666666666667,161.33333333333334
ConditionalTeacher25,9,101.33333333333333,157.33333333333334
ConditionalTeacher25,10,101.66666666666667,157.66666666666666
ConditionalTeacher25,11,101.66666666666667,157.0
ConditionalTeacher25,12,97.66666666666667,154.0
