objective,teacher_weight,seed,epoch,split,top1,top3,covered,target_ce_covered,conditional_teacher_kl_T2,target_loss_weighted,teacher_loss_weighted
TargetOnly,0,20260926,0,training,559,924,1710,2.9036223888397217,0.47067728638648987,2.9036223888397217,0.0
TargetOnly,0,20260926,0,development,106,164,332,3.194822072982788,0.47510087490081787,3.194822072982788,0.0
TargetOnly,0,20260926,1,training,585,955,1710,2.8240153789520264,0.4486846327781677,2.8240153789520264,0.0
TargetOnly,0,20260926,1,development,99,164,332,3.1259279251098633,0.4558525085449219,3.1259279251098633,0.0
TargetOnly,0,20260926,2,training,591,954,1710,2.7715020179748535,0.4257574677467346,2.7715020179748535,0.0
TargetOnly,0,20260926,2,development,98,155,332,3.0825207233428955,0.4332547187805176,3.0825207233428955,0.0
TargetOnly,0,20260926,3,training,601,960,1710,2.7358295917510986,0.41968512535095215,2.7358295917510986,0.0
TargetOnly,0,20260926,3,development,97,156,332,3.0460867881774902,0.4263046979904175,3.0460867881774902,0.0
TargetOnly,0,20260926,4,training,606,982,1710,2.7088658809661865,0.4210711121559143,2.7088658809661865,0.0
TargetOnly,0,20260926,4,development,96,156,332,3.042741537094116,0.42766693234443665,3.042741537094116,0.0
TargetOnly,0,20260926,5,training,623,988,1710,2.680896043777466,0.4170854389667511,2.680896043777466,0.0
TargetOnly,0,20260926,5,development,98,154,332,3.024704694747925,0.4238945543766022,3.024704694747925,0.0
TargetOnly,0,20260926,6,training,637,987,1710,2.6510045528411865,0.40658923983573914,2.6510045528411865,0.0
TargetOnly,0,20260926,6,development,95,153,332,3.021979570388794,0.41331300139427185,3.021979570388794,0.0
TargetOnly,0,20260926,7,training,646,1002,1710,2.616680145263672,0.41191065311431885,2.616680145263672,0.0
TargetOnly,0,20260926,7,development,93,152,332,3.0180957317352295,0.41850659251213074,3.0180957317352295,0.0
TargetOnly,0,20260926,8,training,661,1016,1710,2.58062744140625,0.41016504168510437,2.58062744140625,0.0
TargetOnly,0,20260926,8,development,99,149,332,3.016451835632324,0.4164273142814636,3.016451835632324,0.0
TargetOnly,0,20260926,9,training,687,1030,1710,2.536972999572754,0.41387295722961426,2.536972999572754,0.0
TargetOnly,0,20260926,9,development,95,151,332,3.020296335220337,0.4214089512825012,3.020296335220337,0.0
TargetOnly,0,20260926,10,training,700,1049,1710,2.485107660293579,0.40758562088012695,2.485107660293579,0.0
TargetOnly,0,20260926,10,development,94,148,332,3.0225818157196045,0.4155846834182739,3.0225818157196045,0.0
TargetOnly,0,20260926,11,training,718,1063,1710,2.4342052936553955,0.4128958284854889,2.4342052936553955,0.0
TargetOnly,0,20260926,11,development,95,147,332,3.030038833618164,0.42002347111701965,3.030038833618164,0.0
TargetOnly,0,20260926,12,training,747,1090,1710,2.3764421939849854,0.41219139099121094,2.3764421939849854,0.0
TargetOnly,0,20260926,12,development,91,146,332,3.043769598007202,0.42128148674964905,3.043769598007202,0.0
TargetOnly,0,20260927,0,training,559,924,1710,2.9036223888397217,0.47067728638648987,2.9036223888397217,0.0
TargetOnly,0,20260927,0,development,106,164,332,3.194822072982788,0.47510087490081787,3.194822072982788,0.0
TargetOnly,0,20260927,1,training,581,954,1710,2.824044942855835,0.45189061760902405,2.824044942855835,0.0
TargetOnly,0,20260927,1,development,98,158,332,3.1291394233703613,0.4594828486442566,3.1291394233703613,0.0
TargetOnly,0,20260927,2,training,597,954,1710,2.769512176513672,0.42996296286582947,2.769512176513672,0.0
TargetOnly,0,20260927,2,development,96,160,332,3.080310583114624,0.43764248490333557,3.080310583114624,0.0
TargetOnly,0,20260927,3,training,605,957,1710,2.730599880218506,0.4185898005962372,2.730599880218506,0.0
TargetOnly,0,20260927,3,development,99,156,332,3.049730062484741,0.42573076486587524,3.049730062484741,0.0
TargetOnly,0,20260927,4,training,615,978,1710,2.7019004821777344,0.41168448328971863,2.7019004821777344,0.0
TargetOnly,0,20260927,4,development,98,158,332,3.0331127643585205,0.4182693362236023,3.0331127643585205,0.0
TargetOnly,0,20260927,5,training,626,979,1710,2.6785154342651367,0.4046945869922638,2.6785154342651367,0.0
TargetOnly,0,20260927,5,development,96,157,332,3.0329113006591797,0.41187524795532227,3.0329113006591797,0.0
TargetOnly,0,20260927,6,training,632,997,1710,2.642993211746216,0.41350236535072327,2.642993211746216,0.0
TargetOnly,0,20260927,6,development,100,157,332,3.0198352336883545,0.42026486992836,3.0198352336883545,0.0
TargetOnly,0,20260927,7,training,645,1000,1710,2.607743501663208,0.4089692234992981,2.607743501663208,0.0
TargetOnly,0,20260927,7,development,100,158,332,3.014464855194092,0.4161284863948822,3.014464855194092,0.0
TargetOnly,0,20260927,8,training,655,1019,1710,2.569455862045288,0.41144776344299316,2.569455862045288,0.0
TargetOnly,0,20260927,8,development,99,160,332,3.0106141567230225,0.41930249333381653,3.0106141567230225,0.0
TargetOnly,0,20260927,9,training,678,1026,1710,2.5245373249053955,0.40899160504341125,2.5245373249053955,0.0
TargetOnly,0,20260927,9,development,101,149,332,3.0231072902679443,0.41810256242752075,3.0231072902679443,0.0
TargetOnly,0,20260927,10,training,704,1050,1710,2.473623752593994,0.40707117319107056,2.473623752593994,0.0
TargetOnly,0,20260927,10,development,101,155,332,3.0202105045318604,0.41763925552368164,3.0202105045318604,0.0
TargetOnly,0,20260927,11,training,720,1066,1710,2.420762062072754,0.4055643677711487,2.420762062072754,0.0
TargetOnly,0,20260927,11,development,99,153,332,3.031463623046875,0.4172857999801636,3.031463623046875,0.0
TargetOnly,0,20260927,12,training,744,1093,1710,2.3619160652160645,0.41084226965904236,2.3619160652160645,0.0
TargetOnly,0,20260927,12,development,96,152,332,3.054326057434082,0.42408716678619385,3.054326057434082,0.0
TargetOnly,0,20260928,0,training,559,924,1710,2.9036223888397217,0.47067728638648987,2.9036223888397217,0.0
TargetOnly,0,20260928,0,development,106,164,332,3.194822072982788,0.47510087490081787,3.194822072982788,0.0
TargetOnly,0,20260928,1,training,585,962,1710,2.8254268169403076,0.44779345393180847,2.8254268169403076,0.0
TargetOnly,0,20260928,1,development,98,164,332,3.1301047801971436,0.4552655518054962,3.1301047801971436,0.0
TargetOnly,0,20260928,2,training,592,960,1710,2.7737019062042236,0.4279577136039734,2.7737019062042236,0.0
TargetOnly,0,20260928,2,development,100,159,332,3.083662271499634,0.43542227149009705,3.083662271499634,0.0
TargetOnly,0,20260928,3,training,595,962,1710,2.7370493412017822,0.41873371601104736,2.7370493412017822,0.0
TargetOnly,0,20260928,3,development,100,153,332,3.0578455924987793,0.42593643069267273,3.0578455924987793,0.0
TargetOnly,0,20260928,4,training,608,963,1710,2.707002639770508,0.4127468764781952,2.707002639770508,0.0
TargetOnly,0,20260928,4,development,99,156,332,3.037203311920166,0.41876110434532166,3.037203311920166,0.0
TargetOnly,0,20260928,5,training,623,982,1710,2.6767046451568604,0.413326621055603,2.6767046451568604,0.0
TargetOnly,0,20260928,5,development,97,158,332,3.026425361633301,0.4191375970840454,3.026425361633301,0.0
TargetOnly,0,20260928,6,training,630,992,1710,2.6442067623138428,0.4102034866809845,2.6442067623138428,0.0
TargetOnly,0,20260928,6,development,99,159,332,3.0120491981506348,0.41611841320991516,3.0120491981506348,0.0
TargetOnly,0,20260928,7,training,647,1001,1710,2.607665777206421,0.40632200241088867,2.607665777206421,0.0
TargetOnly,0,20260928,7,development,98,156,332,3.013913154602051,0.4126123785972595,3.013913154602051,0.0
TargetOnly,0,20260928,8,training,663,1016,1710,2.5655181407928467,0.40608829259872437,2.5655181407928467,0.0
TargetOnly,0,20260928,8,development,98,156,332,3.0112717151641846,0.41382601857185364,3.0112717151641846,0.0
TargetOnly,0,20260928,9,training,686,1030,1710,2.5238537788391113,0.40430623292922974,2.5238537788391113,0.0
TargetOnly,0,20260928,9,development,97,153,332,3.013486385345459,0.4116337299346924,3.013486385345459,0.0
TargetOnly,0,20260928,10,training,713,1045,1710,2.4703779220581055,0.40635374188423157,2.4703779220581055,0.0
TargetOnly,0,20260928,10,development,97,150,332,3.01938533782959,0.4145139157772064,3.01938533782959,0.0
TargetOnly,0,20260928,11,training,734,1069,1710,2.415560245513916,0.4112338125705719,2.415560245513916,0.0
TargetOnly,0,20260928,11,development,94,151,332,3.0267772674560547,0.42114055156707764,3.0267772674560547,0.0
TargetOnly,0,20260928,12,training,748,1086,1710,2.360187530517578,0.41348299384117126,2.360187530517578,0.0
TargetOnly,0,20260928,12,development,92,155,332,3.0369839668273926,0.4238034784793854,3.0369839668273926,0.0
ConditionalTeacher25,0.25,20260926,0,training,559,924,1710,2.9036223888397217,0.47067728638648987,2.1777167916297913,0.47067728638648987
ConditionalTeacher25,0.25,20260926,0,development,106,164,332,3.194822072982788,0.47510087490081787,2.396116554737091,0.47510087490081787
ConditionalTeacher25,0.25,20260926,1,training,576,952,1710,2.8125040531158447,0.4213988780975342,2.1093780398368835,0.4213988780975342
ConditionalTeacher25,0.25,20260926,1,development,99,163,332,3.119795799255371,0.42988964915275574,2.3398468494415283,0.42988964915275574
ConditionalTeacher25,0.25,20260926,2,training,584,946,1710,2.767789363861084,0.4034459590911865,2.075842022895813,0.4034459590911865
ConditionalTeacher25,0.25,20260926,2,development,100,158,332,3.071699857711792,0.41140615940093994,2.303774893283844,0.41140615940093994
ConditionalTeacher25,0.25,20260926,3,training,586,955,1710,2.735663414001465,0.3946221172809601,2.0517475605010986,0.3946221172809601
ConditionalTeacher25,0.25,20260926,3,development,101,158,332,3.0335254669189453,0.40132880210876465,2.275144100189209,0.40132880210876465
ConditionalTeacher25,0.25,20260926,4,training,605,965,1710,2.7078938484191895,0.3910827040672302,2.030920386314392,0.3910827040672302
ConditionalTeacher25,0.25,20260926,4,development,97,158,332,3.0265257358551025,0.39773568511009216,2.269894301891327,0.39773568511009216
ConditionalTeacher25,0.25,20260926,5,training,618,966,1710,2.6831202507019043,0.38564226031303406,2.0123401880264282,0.38564226031303406
ConditionalTeacher25,0.25,20260926,5,development,100,159,332,3.007967948913574,0.392743319272995,2.2559759616851807,0.392743319272995
ConditionalTeacher25,0.25,20260926,6,training,610,965,1710,2.658726930618286,0.3788277208805084,1.9940451979637146,0.3788277208805084
ConditionalTeacher25,0.25,20260926,6,development,100,161,332,3.003964424133301,0.3860383629798889,2.2529733180999756,0.3860383629798889
ConditionalTeacher25,0.25,20260926,7,training,645,984,1710,2.6244940757751465,0.3802517056465149,1.9683705568313599,0.3802517056465149
ConditionalTeacher25,0.25,20260926,7,development,104,160,332,2.9942145347595215,0.38746634125709534,2.245660901069641,0.38746634125709534
ConditionalTeacher25,0.25,20260926,8,training,645,984,1710,2.5951530933380127,0.37671223282814026,1.9463648200035095,0.37671223282814026
ConditionalTeacher25,0.25,20260926,8,development,103,161,332,2.9943976402282715,0.3839411437511444,2.2457982301712036,0.3839411437511444
ConditionalTeacher25,0.25,20260926,9,training,674,1005,1710,2.555907726287842,0.37814709544181824,1.9169307947158813,0.37814709544181824
ConditionalTeacher25,0.25,20260926,9,development,104,157,332,2.992783308029175,0.38689836859703064,2.244587481021881,0.38689836859703064
ConditionalTeacher25,0.25,20260926,10,training,682,1019,1710,2.5157389640808105,0.3725103437900543,1.886804223060608,0.3725103437900543
ConditionalTeacher25,0.25,20260926,10,development,102,160,332,2.999004364013672,0.3823561370372772,2.249253273010254,0.3823561370372772
ConditionalTeacher25,0.25,20260926,11,training,694,1028,1710,2.469710111618042,0.3761832118034363,1.8522825837135315,0.3761832118034363
ConditionalTeacher25,0.25,20260926,11,development,103,155,332,2.9968929290771484,0.38539576530456543,2.2476696968078613,0.38539576530456543
ConditionalTeacher25,0.25,20260926,12,training,724,1051,1710,2.418997287750244,0.3749689757823944,1.814247965812683,0.3749689757823944
ConditionalTeacher25,0.25,20260926,12,development,99,155,332,3.0074620246887207,0.3866603672504425,2.2555965185165405,0.3866603672504425
ConditionalTeacher25,0.25,20260927,0,training,559,924,1710,2.9036223888397217,0.47067728638648987,2.1777167916297913,0.47067728638648987
ConditionalTeacher25,0.25,20260927,0,development,106,164,332,3.194822072982788,0.47510087490081787,2.396116554737091,0.47510087490081787
ConditionalTeacher25,0.25,20260927,1,training,573,952,1710,2.8113086223602295,0.4232725501060486,2.108481466770172,0.4232725501060486
ConditionalTeacher25,0.25,20260927,1,development,99,160,332,3.1210014820098877,0.4315471053123474,2.3407511115074158,0.4315471053123474
ConditionalTeacher25,0.25,20260927,2,training,591,948,1710,2.7626702785491943,0.4045373499393463,2.0720027089118958,0.4045373499393463
ConditionalTeacher25,0.25,20260927,2,development,97,162,332,3.0691535472869873,0.4124320447444916,2.3018651604652405,0.4124320447444916
ConditionalTeacher25,0.25,20260927,3,training,597,957,1710,2.7312073707580566,0.39322948455810547,2.0484055280685425,0.39322948455810547
ConditionalTeacher25,0.25,20260927,3,development,99,154,332,3.042184829711914,0.4005292057991028,2.2816386222839355,0.4005292057991028
ConditionalTeacher25,0.25,20260927,4,training,592,964,1710,2.708796977996826,0.38559529185295105,2.0315977334976196,0.38559529185295105
ConditionalTeacher25,0.25,20260927,4,development,97,161,332,3.0285305976867676,0.3925389349460602,2.2713979482650757,0.3925389349460602
ConditionalTeacher25,0.25,20260927,5,training,590,967,1710,2.690620183944702,0.3797803521156311,2.0179651379585266,0.3797803521156311
ConditionalTeacher25,0.25,20260927,5,development,96,157,332,3.032550573348999,0.3873644471168518,2.2744129300117493,0.3873644471168518
ConditionalTeacher25,0.25,20260927,6,training,624,978,1710,2.6534175872802734,0.3821374177932739,1.990063190460205,0.3821374177932739
ConditionalTeacher25,0.25,20260927,6,development,101,156,332,3.0107882022857666,0.389425665140152,2.258091151714325,0.389425665140152
ConditionalTeacher25,0.25,20260927,7,training,636,984,1710,2.6259970664978027,0.37849363684654236,1.969497799873352,0.37849363684654236
ConditionalTeacher25,0.25,20260927,7,development,101,154,332,3.0103061199188232,0.38616853952407837,2.2577295899391174,0.38616853952407837
ConditionalTeacher25,0.25,20260927,8,training,656,997,1710,2.589672088623047,0.37968847155570984,1.9422540664672852,0.37968847155570984
ConditionalTeacher25,0.25,20260927,8,development,99,161,332,3.0038697719573975,0.38831236958503723,2.252902328968048,0.38831236958503723
ConditionalTeacher25,0.25,20260927,9,training,661,1012,1710,2.556288242340088,0.3768783211708069,1.917216181755066,0.3768783211708069
ConditionalTeacher25,0.25,20260927,9,development,103,155,332,3.0170814990997314,0.38651522994041443,2.2628111243247986,0.38651522994041443
ConditionalTeacher25,0.25,20260927,10,training,675,1034,1710,2.5142366886138916,0.37569570541381836,1.8856775164604187,0.37569570541381836
ConditionalTeacher25,0.25,20260927,10,development,104,157,332,3.0121026039123535,0.3864988684654236,2.259076952934265,0.3864988684654236
ConditionalTeacher25,0.25,20260927,11,training,693,1043,1710,2.4670584201812744,0.3721827268600464,1.8502938151359558,0.3721827268600464
ConditionalTeacher25,0.25,20260927,11,development,101,157,332,3.023574113845825,0.3841983675956726,2.267680585384369,0.3841983675956726
ConditionalTeacher25,0.25,20260927,12,training,720,1061,1710,2.413625717163086,0.37392228841781616,1.8102192878723145,0.37392228841781616
ConditionalTeacher25,0.25,20260927,12,development,97,152,332,3.0422418117523193,0.38772091269493103,2.2816813588142395,0.38772091269493103
ConditionalTeacher25,0.25,20260928,0,training,559,924,1710,2.9036223888397217,0.47067728638648987,2.1777167916297913,0.47067728638648987
ConditionalTeacher25,0.25,20260928,0,development,106,164,332,3.194822072982788,0.47510087490081787,2.396116554737091,0.47510087490081787
ConditionalTeacher25,0.25,20260928,1,training,577,942,1710,2.8140532970428467,0.4178975522518158,2.110539972782135,0.4178975522518158
ConditionalTeacher25,0.25,20260928,1,development,102,161,332,3.124586343765259,0.42635518312454224,2.343439757823944,0.42635518312454224
ConditionalTeacher25,0.25,20260928,2,training,577,953,1710,2.768399715423584,0.40279218554496765,2.076299786567688,0.40279218554496765
ConditionalTeacher25,0.25,20260928,2,development,102,161,332,3.073145627975464,0.4106830060482025,2.304859220981598,0.4106830060482025
ConditionalTeacher25,0.25,20260928,3,training,586,943,1710,2.7385566234588623,0.3917407989501953,2.0539174675941467,0.3917407989501953
ConditionalTeacher25,0.25,20260928,3,development,100,155,332,3.0502023696899414,0.3994446396827698,2.287651777267456,0.3994446396827698
ConditionalTeacher25,0.25,20260928,4,training,590,954,1710,2.7111713886260986,0.3871441185474396,2.033378541469574,0.3871441185474396
ConditionalTeacher25,0.25,20260928,4,development,99,155,332,3.0278124809265137,0.3936363458633423,2.2708593606948853,0.3936363458633423
ConditionalTeacher25,0.25,20260928,5,training,610,969,1710,2.6837399005889893,0.3840826451778412,2.012804925441742,0.3840826451778412
ConditionalTeacher25,0.25,20260928,5,development,97,158,332,3.017120838165283,0.390765905380249,2.2628406286239624,0.390765905380249
ConditionalTeacher25,0.25,20260928,6,training,610,975,1710,2.6581687927246094,0.37926357984542847,1.993626594543457,0.37926357984542847
ConditionalTeacher25,0.25,20260928,6,development,99,163,332,3.004284381866455,0.38645634055137634,2.2532132863998413,0.38645634055137634
ConditionalTeacher25,0.25,20260928,7,training,643,981,1710,2.626162528991699,0.37711474299430847,1.9696218967437744,0.37711474299430847
ConditionalTeacher25,0.25,20260928,7,development,100,158,332,3.0033957958221436,0.384464830160141,2.2525468468666077,0.384464830160141
ConditionalTeacher25,0.25,20260928,8,training,651,993,1710,2.5915064811706543,0.37439167499542236,1.9436298608779907,0.37439167499542236
ConditionalTeacher25,0.25,20260928,8,development,100,162,332,3.0032811164855957,0.38371917605400085,2.2524608373641968,0.38371917605400085
ConditionalTeacher25,0.25,20260928,9,training,660,1006,1710,2.557582378387451,0.37342649698257446,1.9181867837905884,0.37342649698257446
ConditionalTeacher25,0.25,20260928,9,development,97,160,332,3.00545334815979,0.3826052248477936,2.2540900111198425,0.3826052248477936
ConditionalTeacher25,0.25,20260928,10,training,683,1026,1710,2.509185314178467,0.37361955642700195,1.88188898563385,0.37361955642700195
ConditionalTeacher25,0.25,20260928,10,development,99,156,332,3.001995325088501,0.3838835656642914,2.2514964938163757,0.3838835656642914
ConditionalTeacher25,0.25,20260928,11,training,709,1053,1710,2.4597833156585693,0.37415796518325806,1.844837486743927,0.37415796518325806
ConditionalTeacher25,0.25,20260928,11,development,101,159,332,3.004201650619507,0.3864332139492035,2.25315123796463,0.3864332139492035
ConditionalTeacher25,0.25,20260928,12,training,727,1072,1710,2.4097397327423096,0.3753238022327423,1.8073047995567322,0.3753238022327423
ConditionalTeacher25,0.25,20260928,12,development,97,155,332,3.0138063430786133,0.38859260082244873,2.26035475730896,0.38859260082244873
