source,line_hash,rank,available,in_vocabulary,unigram_rank
Tatoeba,6bc29784a1c7a21cb381b675f0ef72722879f9050a3272e219a54dd650e4fd94,2,TRUE,TRUE,0
Tatoeba,56bd0e8bf2a4141dbf84548dc5561091d0b40b7084b3c2a495c9a36cc0fc3fa3,2,TRUE,TRUE,0
Tatoeba,1f37ca93290977abe074694fef0aabef7f68f2954573bc1059b55b381d3dec27,0,TRUE,TRUE,0
Tatoeba,e05d0886ecf49e5c6363357b81ce69ac43198196c6f760a7f7fdb64b1afd2e46,0,TRUE,TRUE,0
Tatoeba,bcb75a28ec532363d04d66f8bc6ef0ecd089175d8ee8a3ad3332a22f018b21dc,2,TRUE,TRUE,0
Tatoeba,7fd40d36ff63dd6bcaa65cd87dca18e91e1469bdf78e3b63647b4674f20f9496,0,TRUE,TRUE,0
Tatoeba,b769c0a9920fb5191ccb24d5d2efde2d9914cb13cee0c8c5bc257f3d6c4db79b,0,TRUE,TRUE,0
Tatoeba,cb5b2ed20c930fad30bcb62f2ba272d16b4fed2fc503f5c9e75528a5d5d3cda7,0,TRUE,TRUE,0
Tatoeba,0d622c7794ea1da6c76ad90d0a3ed99297608beddf217debb92926cf350400a9,0,TRUE,TRUE,0
Tatoeba,5d7da848d263d7f9a9aa1435abd140c285c70382cfeaa41b86bfd928f23679bf,1,TRUE,TRUE,0
Tatoeba,7a268b8cc921b9f72616685ae76f53e5a7a287af9145161ac69bfcd33f97cc6d,0,TRUE,TRUE,0
Tatoeba,ef2c1ba6ca1a9ca76ed7990fe97a0dd22d9099b6c071951f7b80fa573a9c78b5,0,TRUE,TRUE,2
Tatoeba,c1510e5bf214e859d2eea87f6cfa53ae9e7e8e51218c08f28928c6782e557172,0,TRUE,FALSE,0
Tatoeba,751614c9c2d95e5739e3e49c2d601f33b1cfb4cee2b96312c1edbd586755a9b7,0,TRUE,TRUE,0
Tatoeba,28af7774d214bbcd8384e7d429afbd38ffc45a943b77fc227bacb9daf2c74402,0,TRUE,TRUE,0
Tatoeba,aec5e2e30b0d83e9100060c8a939d289e49e2f0f39f0b1f1350ef90a987659e0,0,TRUE,TRUE,0
Tatoeba,ba3de61aa58442427f4fd4405ca10fd17d4f469f003e44b9e3dbef8e398dd921,0,TRUE,TRUE,0
Tatoeba,67a11b47c60aaff2d0c87df2ebaf96771e32b45f2af692b43a2e232d802d5ba9,1,TRUE,TRUE,1
Tatoeba,1aae8e8f507cf3f297eaad28522efdb63ff10e9833c1fff7aa0e89a1136492bd,0,TRUE,TRUE,0
Tatoeba,1b21c317fb7c1c6deb5d7a882caea5b6a8f0359d7d0b276d2dc9e19d9f37a249,0,TRUE,TRUE,0
Tatoeba,f75373aa069ed5497591adcfd680b728587f283f1d2fac6b0ac2502c7b26dea8,0,TRUE,TRUE,0
Tatoeba,2c9c0d64cf5a6c626eafeeadd684744cadc29bd6f347a243b940a68f939d8074,1,TRUE,TRUE,0
Tatoeba,55f3287eb40fb1273076f091a841069885fe72c4fa695ecccebf36d375050df0,0,TRUE,TRUE,0
Tatoeba,c6ab47be86a4d9ddb0586164ebe1c20b751b16f9062bc6c3ea7abd66df9e6bb5,1,TRUE,TRUE,0
Tatoeba,3fb1fd99f476c5c63586fbcd7f75696c2e8f4703540a8d02911b6fbed43b9f65,0,TRUE,TRUE,0
Tatoeba,522989c419252c84fa6026f0cb2beadc069098cd1baeb5bc3c396230bd4dfcbf,1,TRUE,TRUE,0
Tatoeba,3b3b2ef61e417c9db0075475f470695d458d9e4470f7cdc61aadb8f3e41e873d,0,TRUE,TRUE,0
Tatoeba,fad0bbccca1cc17f29bdb95331b6eb5b428e8944b78b9b40372de701df01d70b,1,TRUE,TRUE,0
Tatoeba,13c581acebb3a2ae4fd7a59c85c89bd5c6b397b059de18a6488817b83d42ecb1,0,TRUE,TRUE,0
Tatoeba,13fd9253c38329285dcc24175fb3b733d97d02717017c1a2c61657b9ec1b8f6d,0,TRUE,TRUE,0
Tatoeba,a49f5ea4cc00f9636b5a4c29eb8445c06544352b4f8c6a0e22848ec818c963a9,0,TRUE,FALSE,0
Tatoeba,89fcd88be8632c2788019aae32336b4ba0c93a8729d0c922cbd7c664936110d0,1,TRUE,TRUE,0
Tatoeba,9696f11b57e33737bfa7eaeace0bae7a555ed71f4577cbf5d48459479003877e,0,TRUE,TRUE,0
Tatoeba,26458a188f0e24196ae7387ccd6306396f3e4f5b7ffc101fe2045d8bb8e939de,0,TRUE,TRUE,0
Tatoeba,79e06d84db338ccbfafb270f730774611c03675ed2b7c9dd2b0911e5024fde6e,0,TRUE,TRUE,0
Tatoeba,748624a6a43cddc5ea852fe1cd1b6ea6eb9d0a54e6e7c275fa42e4674ab7fbf3,1,TRUE,TRUE,0
Tatoeba,a582b682e316240032fbb54cd18155ea37d27a8288cdb5e45aeecdebec56e82d,0,TRUE,TRUE,0
Tatoeba,f4fad843a630acd65fecfdac4dbeded79426ae1c43511cb99679d1128738ec95,0,TRUE,TRUE,0
Tatoeba,dcc6f05c01761dc2b18080490e87d52b53cd7672c4032450a7d38e22dec5e9c4,0,TRUE,TRUE,0
Tatoeba,91df220be410f6a9351ff906912e6032dd88bdde903322435afa8f2275a15f3e,0,TRUE,TRUE,0
Tatoeba,8089edc03277563a747100eba5afa1a692fdd1f4b134e4e6a8b56798ee63cfbd,0,TRUE,TRUE,0
Tatoeba,c3d7197245098df541822f4881d44fb462f65cc5224e1c519d2f62a4b7166f41,0,TRUE,TRUE,0
Tatoeba,498580cfb1c807dccb968e0276a2ff373c3935d5aa5d792aa3bd2cc315926525,2,TRUE,TRUE,2
Tatoeba,ef7ae06c44d830250581386e0f4f2c66d8100f35290c52fb8980e00c5c201639,1,TRUE,TRUE,0
Tatoeba,a3e44010a16763d7f6ea7543385b0a2bdd7f9f11600f46ddd05b751f6eefb83c,0,TRUE,FALSE,0
Tatoeba,8828b11a2336448739c8c92012ff031e5254c04f6fcd2e9b00a6ba321fd85fed,2,TRUE,TRUE,2
Tatoeba,9c6254f9b42b3853e84a6594698299e8f39bb8be443998be4c78e2ecfb2707f8,0,TRUE,TRUE,0
Tatoeba,6ef5bd0e79f4dcad0367a93e4aab415a7af856111efbf9738c84844856a5cf9e,1,TRUE,TRUE,0
Tatoeba,f7be1bdac90df132c394baaa57226accd320c3fb7be19ace19ed7bda770d5ef2,2,TRUE,TRUE,0
Tatoeba,4a49cca67734b3b996156df41eae20e8d909f6caa55b087bfa3e249a131d7e96,0,TRUE,TRUE,0
Tatoeba,f47a3ef6d4ee05234db9cf567e22209002507a30e1a99885acdb5a93f065ef59,0,TRUE,TRUE,0
Tatoeba,7217652ae24b85955f852bbbabd842f4b82313dcc02fab8973f351c2a63df699,3,TRUE,TRUE,0
Tatoeba,b532bbe0249a627b3ee225e893b85d5692b37c199440398759412976a6e05876,3,TRUE,TRUE,0
Tatoeba,6c4fbf9ee2105c4ecea7404a915d6c85a9030033804148f20a21b4d9431c6bc0,0,TRUE,TRUE,0
Tatoeba,cb28422528545878e1f8092eb6621d162ca1c0aa9c9cc097944c09722848bb6c,0,TRUE,FALSE,0
Tatoeba,09c5aa1150d3694f34278fca1d2cdc17c2b804d3b2c23811720e24f039d3ab16,2,TRUE,TRUE,0
Tatoeba,3e84cc95a36ba88e7cdbb0c93b0996a52fbf46901285fc53bf90e3572658a1ee,2,TRUE,TRUE,0
Tatoeba,b97a7a8760098bbc587a502b293cb9fdfcdeae4cb2cf7a15f54d122b26cec582,0,TRUE,TRUE,0
Tatoeba,b83d843028daf01142eba4ad1dfb2e1a805c3dd7dd7bbd3faaf8bd977e078c52,1,TRUE,TRUE,0
Tatoeba,219c6de78ea204ca3bbf6e49e1aa1e04a321f98188c3a011f03a6f3dea2ad11b,1,TRUE,TRUE,0
Tatoeba,b14b4d95d3385f6c400fd1edc33f41aa9d44c6035ff4e4113ec564b9c1028a93,0,TRUE,TRUE,0
Tatoeba,efa7472cd7f5a0314beabff1eae99f59f00d2df61f46d1e7710e4e495500ca07,3,TRUE,TRUE,0
Tatoeba,1d7bf7dca740f3b4dab77dc9d0b4f13598a3a8e83468d2082071968ba51b2147,1,TRUE,TRUE,0
Tatoeba,a6e726abedf2589e9b0967bb3817948382f80807bad14cf7c0dca428a4f5a3b2,2,TRUE,TRUE,0
Tatoeba,1fd0e81b91d27a65597fd9fc3aaf96a21ff5d6aad7b3d8217157406bb9e5dd03,0,TRUE,TRUE,0
Tatoeba,da4a643ab51551c80e131c8a5ad4a81e02f3ab1eee8cdf51ccc75ce94a29d419,3,TRUE,TRUE,0
Tatoeba,5a19327a8cb3fb50c18922329f606eb4bf23620dba754c1fad0861a4ef417349,0,TRUE,FALSE,0
Tatoeba,1322123c38bf03f09a19b6007fc3637ca64212f60655b85431a4ba144d4275e3,0,TRUE,TRUE,0
Tatoeba,37d95ff188eed0902eb2c95d908348dfa02a516a876b3734a4a69e12ac56c9f1,0,TRUE,TRUE,0
Tatoeba,be8625de244d62fdc219e757fa3685f2c81cb9f3bee4c5891bdebffdde6f75df,0,TRUE,TRUE,0
Tatoeba,463c1d4fd08b7db097f4bf7814b588c4e687165549fd93e7ae660e670b1cb8c9,0,TRUE,TRUE,0
Tatoeba,6ada6ac8d913e9553c3c7531ab41ede455ca9d80e580b6d47633c25e5ca9179c,0,TRUE,TRUE,0
Tatoeba,f0e2ad575ecf200d084b6009aa8b29ca15e6f522381981cef9919ac1cf3bc2ae,0,TRUE,TRUE,0
Tatoeba,546d5c2268c5550cbe21db448e028772e6bef5762f58a9bd2079e4daa930bf2d,0,TRUE,TRUE,0
Tatoeba,69eccacda63099ba2f57b82519be2d3f9649bff1e094e2c89c27a1a1febd8fd2,2,TRUE,TRUE,2
Tatoeba,5c3ab4f60e85971c81f1ba5da21526b75fbc9d8140d7ac8acdcd737e92e45704,1,TRUE,TRUE,0
Tatoeba,4141f0247b1771ebd674e3c06894d127517c09584a921de291008e9ec8dbb0e4,2,TRUE,TRUE,2
Tatoeba,8d9271c13c1c83a5683c60905eaed1f609825bdd1af90d89c9b2375b8692c7ba,0,TRUE,TRUE,0
Tatoeba,062c1c7084fb62f621e9a44c14d9f925b90da4a8d8b31688ed9643d18a6ca0e3,0,TRUE,TRUE,0
Tatoeba,b85f5bbf611ef293ac9a3e33e2b4c2d5f8ba4e0bf9c5de16199fcb78d4d2af17,3,TRUE,TRUE,0
Tatoeba,9a7abfa72694c8287dd0be45c1fd31a9a9ddcca0756baae9661bfccd9887d93e,0,TRUE,TRUE,0
Tatoeba,e9d024ecea3961bf201b1eff8781a38804329b6261b29cd3497cefe8ac7ade46,0,TRUE,TRUE,0
Tatoeba,f8ea131ca3d14b8f53fa854581eadf1d26899215068e2930d8f502e392a52a02,1,TRUE,TRUE,0
Tatoeba,aa65bae6880d84f45fe1cb67f18a67b8b011149e628d290d23c13fdde1b454be,1,TRUE,TRUE,0
Tatoeba,a4bdb0ca6ae6bf3cc0ba4f92559e5571b5603a1aa99d1b33ebbc61bdaa7216bb,0,TRUE,TRUE,0
Tatoeba,258c9376c57d67afb4bce0224d2086d343c406262b44c1b79c10b128f6bba630,0,TRUE,TRUE,0
Tatoeba,1d39f70a48b9f5179d4ed0323822ad2d1448be7da1bd62e86c9bb1ea1556c543,0,TRUE,TRUE,0
Tatoeba,79ac4cec911e055d31096fbd7a86fe9b74fc863bd3959657de0df749ae7c13ae,0,TRUE,TRUE,0
Tatoeba,390d9070bfe59024b5afdadb76c8ac0d207623212d14f4761238d82bd2c0ad89,3,TRUE,TRUE,0
Tatoeba,199254ef8797040ba7805ea49d3f5c6e6fa39c3cf54e2c7bee9816379cdf65dc,0,TRUE,TRUE,0
Tatoeba,9a95ae0279c592778ac43a6b8476ed39f388102e2898ea1a67b80ac7bf6dcf6f,0,TRUE,TRUE,0
Tatoeba,3eaac994cea13cc46b97d52b6b3dc28be1d191655e40ae3afc00abffb3491e5d,1,TRUE,TRUE,0
Tatoeba,cbcddcf78c4ca2dd1ca4563bdd9aa6b9644b7b41a6ccb1d900d5d7de600a19c2,2,TRUE,TRUE,0
Tatoeba,2b7dfc61e76d2a912a4324c2a7fd2f1b2f26be9a0fd586567f0e6818cb203bb7,0,TRUE,FALSE,0
Tatoeba,c44dca8c169a89b2012bf9ce9aa9ee0314f8b4631791ea4d5378d346a0041be7,0,TRUE,TRUE,0
Tatoeba,15673415858defbca90496c958d37a868fc84e48e95866d5f4a03ec8b99a1eac,0,TRUE,TRUE,0
Tatoeba,6b455d8844dfed35a1bc35176d54cb87ab5c9106c9aec7788407e1ca0ff28560,1,TRUE,TRUE,0
Tatoeba,7f451e85a5a6543dc28303e10844022084d0eb88a1e79bc48f901ba76efe284b,0,TRUE,TRUE,0
Tatoeba,63a1104c42fc98bbecdaf4867e28d862e993cf393f53bce197a2027dc3609d0e,0,TRUE,TRUE,0
Tatoeba,7f0b419562bd95ebdc249b6c2e34cfcf96b7356db77db4aa2c7fa370a985ca6f,3,TRUE,TRUE,0
Tatoeba,c9f774a585798b11e91f693f996cee603bab203a659ffc9c049db18917240902,0,TRUE,FALSE,0
Tatoeba,584c476cfec65ad398c3db27c1518571674059b55ee5b777b624d7355276964b,0,TRUE,TRUE,0
Tatoeba,8568a181b548e6162a40935ac7f22ab5aa40f9d26b34f1379b1b4a52a4f9c384,0,TRUE,TRUE,0
Tatoeba,7c96ad478bf9938b74b1c2bc5db93191831c145bb51a7ee198f87ede0fd61646,0,TRUE,TRUE,0
Tatoeba,0f7418bf5bd16cf8c419b9e86d6c3cd9ea232ea87eae2e1b35d2de3e568b7e9a,0,TRUE,TRUE,0
Tatoeba,a50abb0563d2f1ac37809782a6079011c735ae4b69d920d59f2490a0e19b79ff,0,TRUE,TRUE,0
Tatoeba,d16a67cd54c426bc68431bf3abd6f48c8e250be79a1b74fe6424f7b18554e588,0,TRUE,TRUE,0
Tatoeba,8ebc4aef40274493ca2f2bc70a9f0d743236d1a570f496319b73bc510c3794f7,1,TRUE,TRUE,0
Tatoeba,7dc4edf9ec33457ce013c129022c66f645fd13085f78436382644e5513e0c914,1,TRUE,TRUE,1
Tatoeba,eaf2c694543ddafc8ff4e32bd742c0734cafee83af9734344486352192a11e2e,0,TRUE,TRUE,1
Tatoeba,71e9702bd6748ce33d8ea2d46a136ba0dc3042cfb7b5b5212276383972ef64a0,0,TRUE,TRUE,0
Tatoeba,4409d5cde22ac03b8806220cb5886a1378940c5c7a35a1d13a3ff74be4f397dd,0,TRUE,TRUE,0
Tatoeba,b4cff4f8ae303c833cda3c0eda3a991d247709c979d0db76794e8dabf53cbdcc,0,TRUE,TRUE,0
Tatoeba,d14a8a68f659b88a001bea87e5d7b5dd6d649d1a73d27bd2fec54dcb2452c9f1,0,TRUE,TRUE,0
Tatoeba,ec899590d3970316f8ea23677b05a26da9d143937e92abfd297f9d1301ad3f2c,0,TRUE,TRUE,0
Tatoeba,c26d67c892952d8b8bc4f14b2c9d596ca970fd44fd37d9f08ba0d22819bb4fa1,0,TRUE,TRUE,0
Tatoeba,0b2a19ab9bc82b41a97ab21f6c1988a0d56283844da5be53c0c0eb76fbd2b266,1,TRUE,TRUE,0
Tatoeba,4ac4ef58e37e0a4d02f8f94c54d5ae5079a92aa83d92c7d944e70ba3920544eb,0,TRUE,TRUE,0
Tatoeba,b7626c9bf821cfcc9cf8dfafb3cf10ac7f67e93e6a205e871811ff61cb151d45,0,TRUE,TRUE,0
Tatoeba,e01e6d172aecfa905ea7572b2ca20b55c3ef5ae89d746d117533af4bd3fc7e59,0,TRUE,TRUE,0
Tatoeba,6983f0a69a6a7f2b8d1bf2f3f4dc0b2477aea0fbcccf95a45ee73a0779f7c1d9,0,TRUE,TRUE,0
Tatoeba,209690b10dbe9057101392941c236b0ac32a954ad5cb48b47027ad0f54546c9e,0,TRUE,TRUE,0
Tatoeba,9d247849b20914d2fcdf91610a4a490a1918dd4ee15cfef8de9c732dda2172b3,0,TRUE,TRUE,0
Tatoeba,64aed2265ff6251536de0363f00c7a7831e93a7801ecbf5e1d43d5c192a508a6,0,TRUE,TRUE,0
Tatoeba,914926e6923aba0082997d0f953f2496efc31d09a6a1b23b6a722013be08b5df,0,TRUE,TRUE,0
Tatoeba,8786005daf33779ed4aa8fbee37560746d101d5a738e2a9f958c71de6c8d0bb7,0,TRUE,TRUE,0
Tatoeba,27bde51cdf191c1510593c218df94ba230e8b39a7812889a91a24f51054849ce,0,TRUE,TRUE,0
Tatoeba,4070e1f6324d23b2d1e8ae06597bbf3a885e47ec5c531563d183825abaceac56,1,TRUE,TRUE,0
Tatoeba,888801d83fcd4d8659f683420f6ca4b90c03315a03a7ec3193fc9875f045308d,0,TRUE,TRUE,0
Tatoeba,b823d8caee642b5c695b50bd5512ddff1afce0f656f303c26607d001310eba05,2,TRUE,TRUE,0
Tatoeba,520d7c55a00e6ca57310aac0ace5c5e7c8329f16dd8845c1b42dc9cd0ffb4473,0,TRUE,FALSE,0
Tatoeba,c48f9c499c7020f11a04393350d5dbd20dc5334ff9550d3e8683aa8982ad4ecd,0,TRUE,TRUE,0
Tatoeba,b089db719c91c4b98330cd2ee6f05a307f7ccceef16f47c7e0686a495b3df73f,1,TRUE,TRUE,0
Tatoeba,543c7706ba2fd7cab81bd4be9d707bd308364a35ce4fcaef70756d463e53ddf5,0,TRUE,TRUE,0
Tatoeba,d7d9e82e8e58b7d82dbbf7ec9f792abf4fa4544274203fa05506528370c4b809,3,TRUE,TRUE,0
Tatoeba,f6bac5514eee183a636e1c4c9dc2ba0dff5ae928cfa517ad3b1bee063fb33246,2,TRUE,TRUE,0
Tatoeba,ea23cc9680f72df34eeaa3579785dae649c81e6defa0477e63b09799d1cfa3c9,0,TRUE,TRUE,0
Tatoeba,e5ccd905dca6971cba551bc81760762696ea18dcb433bca7da938199caa4d284,1,TRUE,TRUE,0
Tatoeba,9449e1902210f926a0d77036be1574e112a2f52c220f0860d899e61bcdd943b1,2,TRUE,TRUE,1
Tatoeba,ad2e2c8242cd419def80aa9737c1cf7b44450ae64ed3de62b9babe80b41d05d4,2,TRUE,TRUE,2
Tatoeba,8a86abeef80898b8703903f9bf8891fd48a200f85bd3cb3ce6fc344658bb8c1e,0,TRUE,TRUE,0
Tatoeba,f3e68eca08f4eee1fe3b24d79d92e586894bd27415c210c9bc95f4d8c3b72fff,0,TRUE,TRUE,0
Tatoeba,f0142f3db6fc94dae9f6cd5918a3530d00ffdc0d3f4e03687e142a1ad932f7b2,2,TRUE,TRUE,0
Tatoeba,18ad5d2da55ddc7a951629a278a9b397456dad224247e11a83583f86791048a1,1,TRUE,TRUE,0
Tatoeba,a7f38003137aae9a8225a7f64a09355ff05ed29640b018457ef46a8705800169,0,TRUE,TRUE,0
Tatoeba,f5ff5e65ed6b4f0d7cd21261275fcea3ff705caf8109bbf8b608e8ba1d368f8f,2,TRUE,TRUE,0
Tatoeba,cafe0320e80bf68166ba5002a11b965bd65b3ae8faaa5bd69dd2bae5a30ff59f,0,TRUE,TRUE,0
Tatoeba,722c69b31f9cab0a2a2f5e84164dee217879f2b1cb25ace00c97000645f870f5,0,TRUE,TRUE,0
Tatoeba,b473fec08afb82e4a79e0180c5146ac1ead8bc5d67a4c515f69dc95fdc827221,0,TRUE,FALSE,0
Tatoeba,d5a0ee5de2e12f15b00dbfc64a44f9daa97f921eace8ba32a608c208fa698f0f,0,TRUE,TRUE,0
Tatoeba,7fb3a23a9f78ac615d03a9422710443269c02dcfb573f4fd8a3c625bc5e72a15,0,TRUE,TRUE,0
Tatoeba,80ad9cc9d0279560e182915054f904adfa2d106e65d9632edaf18b89da8ee0db,0,TRUE,TRUE,0
Tatoeba,25b5612aefd7250c9e21cf72311e90469fe8e30fcb541a91b713bb25b2c2de64,0,TRUE,TRUE,0
Tatoeba,f20c1ec31a7558637eda9fd41054febebb01776c70e0c35f38be8d4a31e9d26b,2,TRUE,TRUE,0
Tatoeba,9e8e9a53740bf21537bff254ab2c9f96c114cd9e9de26f4c10603c2d4288e975,0,TRUE,TRUE,0
Tatoeba,e10aff3ed5c4002d42764d5e2f71e8d7bee3b1fcca7f0ef23f9d3d8dea27fb8f,0,TRUE,TRUE,0
Tatoeba,b3daa6a7a0790668479c5ed3333975021d0cc39de9354fc42122087290e2c893,0,TRUE,TRUE,0
Tatoeba,8859faeb7df84207448d09ea47ff235bfa7c0334980d24120155508cf009c770,0,TRUE,TRUE,0
Tatoeba,ba3281932bd14371d61df63e40e7ba84022f419963d1ac5e447bd440f7903bd1,0,TRUE,FALSE,0
Tatoeba,36b4dcd5b8d157585a07e3e893e218c32259acf3b70e01fb34eaef3d07c2015c,0,TRUE,TRUE,0
Tatoeba,e929e20e48f03bd72f7c4605742715265f2ad78de9fe74012242852be8cb4fcb,0,TRUE,TRUE,0
Tatoeba,7f0a13f5cf361a79c017c44ec8efa254fb2d66b3ff7ac8d8bc7128040947b08f,0,TRUE,TRUE,0
Tatoeba,ee909c921092dc5ecd3749acbfda5d3c1b48c787d3b85af2c5b9c27c379fc14c,0,TRUE,TRUE,0
Tatoeba,0925b9f47f502eac5f8e9788fa3dd1d596c020180e30cb5b23a313e0eabf3c18,0,TRUE,TRUE,0
Tatoeba,508f96eff75ce8cef14f9e6dc7b1eae2b153d49e1485ab691f7aa05b479a4dea,0,TRUE,FALSE,0
Tatoeba,dbb065c6ae8a0d134e3f2b113306f0a7b1bafa4f1bf3f7e7d07e0c391de5791b,0,TRUE,TRUE,0
Tatoeba,c7b38a277121f2518c227e78b9f3b520ac741f50a535cba45ddc8fc8fe8a3845,0,TRUE,TRUE,0
Tatoeba,0e79cc4f448da8fc86be370e14f04ce57fd2882b07ceed4b04d11a9425046046,0,TRUE,TRUE,0
Tatoeba,3de3f88e58c8379b0b3d9de789eeae172d3a2908c341bf95b516210927713512,0,TRUE,TRUE,0
Tatoeba,b2777024e8ff7391325a05386387307509d9e35fa3b0dde6c0e4b3ee370a5c79,0,TRUE,TRUE,0
Tatoeba,c9ef6e5de2f4f460a378f52346afb8282e755066b8841ef0c594392a9a5a6882,0,TRUE,TRUE,0
Tatoeba,2140c5a1c230181da11ded2607bb3e5b5dc304e7dad09f8710e14fa2225e5702,1,TRUE,TRUE,0
Tatoeba,74a111422b194957db4e7156a96504ca15e32b60ee70f190a7207b3c80b0b22e,0,TRUE,TRUE,0
Tatoeba,364faf957e6f0366eedcf04d77caf6f35edf0e43fe3e28a7e2d4a1aa3992c657,0,TRUE,TRUE,0
Tatoeba,c897383e2bc3349ed0ca4a32ea7f42583308341d8a412a5fb4eca839c7b0014e,0,TRUE,TRUE,0
Tatoeba,fc09923f35b84954f34318cb1447747a1affbf2b7e859409c8cd8b3f9635aa41,1,TRUE,TRUE,0
Tatoeba,47056b7ac682b6f9eb823242630cae57f652b1b0a6a67ccfc32de3c9236712dc,1,TRUE,TRUE,0
Tatoeba,f421c83381b3af38d463f965741d8bc07f949cd3405e338a8e0eb1c209b2d263,1,TRUE,TRUE,0
Tatoeba,9f40c66524571d0f268515e744f4a2cae10dddaa9a2566a11ddf5dafef50887f,0,TRUE,TRUE,0
Tatoeba,7f4ccb4cc7d5093417fe2490b0365a2193e533d2ac9fbd9399ff86d2c85cc699,1,TRUE,TRUE,0
Tatoeba,20eb046c01fce660815cf55caab0952df13f39d13ed96ecf550cc52ee42da301,0,TRUE,TRUE,0
Tatoeba,3ca5f9dedf33f15a49e4c07e70ba2fb3290e866ea5e74065e5a0a997d9a5a3c1,0,TRUE,TRUE,0
Tatoeba,ccf4cf4fab3ecc32107145ef120475484a74fd7f316fa88005571725560d721b,0,TRUE,TRUE,0
Tatoeba,16116d2346b516dca8e943d247c7a5efe37279a60a0fdca3fb6762af5cd23c37,0,TRUE,TRUE,0
Tatoeba,3254a5ff5fc359a7988df2f32cc8dffe145b81e0708d07a478d66616a9d7fb85,0,TRUE,TRUE,0
Tatoeba,b47c72bab48266a79d39b5060fe3accd425d2a05a621ba932e8fd4c28a30f319,0,TRUE,TRUE,0
Tatoeba,a2a603585f29c1de5ea930eefe29e58d003e061d76ca9698d0aba4c59ee882ad,0,TRUE,TRUE,0
Tatoeba,0ca89c96ae6c115c29b8171294cec0b66c6d7e051ebd32b81f68d0dfec82e2c5,0,TRUE,TRUE,0
Tatoeba,90d3c4b502295f41f0b2635f638f4679cf69c9a9edd7f477c94217f2eea15430,0,TRUE,TRUE,0
Tatoeba,b516a89600886ef25ed354dea2cff2b92b6c606dbfecfdc595938ea8db16d8c9,1,TRUE,TRUE,0
Tatoeba,22064a9534ec519c0a0e15eaf63bcf223c4fda105467848f268b6808dd55427b,0,TRUE,TRUE,0
Tatoeba,0e4f7ec3e2a97f01a52b01ed416ebec2dfdb3d4a139febbb222653eead49be9c,0,TRUE,TRUE,0
Tatoeba,a002b94b1c10e4db1d5f0105718f8e4383a9c35bb2c92f15cfe8a63ece86f9cb,0,TRUE,TRUE,0
Tatoeba,b1f7cabd41a53083456ba03020173f3eeff537a1323f1ae69c201dad10ca8e63,0,TRUE,TRUE,0
Tatoeba,7d190fb055d3a392e7eb83d9c2882a81c5fe6b8380a56d0823e81db704f2d169,1,TRUE,TRUE,0
Tatoeba,420e95198f5389cc4cbea901886359c253ae3410243c324cc8eade8e500b90a8,0,TRUE,TRUE,0
Tatoeba,00905a3254f3623d21eb403c1a1cbe8d9da901b9c7880dfbf043a63188ade1bd,0,TRUE,TRUE,0
Tatoeba,ef4e3adb7e98156069582a2b822fc81c95a2fdcbe74d5898790d39378e6fc9f8,0,TRUE,TRUE,0
Tatoeba,1a4403985b44183a594e77c187a4377c55bd7c92cf55eb95841bf0eb83a3520d,0,TRUE,TRUE,0
Tatoeba,6bd92b170929216ed8851203738df9f5f2b844c16c029dbe92a4bce2ff0714e1,0,TRUE,TRUE,0
Tatoeba,8b561f85bba32e715604a8c92ea8a8bfbb55eb3af5a33a1e9b947ffeb3771135,0,TRUE,TRUE,0
Tatoeba,4ea26aff204823d1fecec1637d7c9cbb2ece4cfd349863d158a73dce870baa31,0,TRUE,TRUE,0
Tatoeba,846e27764aeaadcd01c1df19d7d9ae786d54adf126a8188f13b1812c7c8023e2,3,TRUE,TRUE,0
Tatoeba,d4c8099c455f99bab7290de13693a156f8fcd37b87dbf9e35ded5b4a9af228fe,0,TRUE,TRUE,0
Tatoeba,c0de000d72cd60c2cdf0c8b79dea0366bc4a6c00cf97b32d9daad1e2106e9d27,0,TRUE,TRUE,0
Tatoeba,f92a08bac278338c0b19d940009a2657d7a5e6108987e4a5f5fda350a301276c,0,TRUE,TRUE,0
Tatoeba,bc4956c808a7e3cb88de2cdf257cc5890c3940459eb9fa0074cab869265be4d0,0,TRUE,TRUE,0
Tatoeba,bf08f90ce1daf53d6280f145cfe5b5d3db65a8e32a804acb06bf5ad79db42053,2,TRUE,TRUE,0
Tatoeba,ee96a06e223ca72e5d97a99fc8f783f937cc7cec85a7c2baa004687b57e4d5a9,3,TRUE,TRUE,0
Tatoeba,b28df2e7d7c0dac57ab754d257358e9a6c333502585530cfac4806aaaf92e7a7,0,TRUE,TRUE,0
Tatoeba,5bac15a8992c2c422ee12e17d617eca78ab751b0edaba3b54bc0ab3adf337502,0,TRUE,TRUE,0
Tatoeba,7d82126ea3448362f01e6be562c2c627e83b43fada0c444f5e516fdf495f7ab5,0,TRUE,TRUE,0
Tatoeba,1a4bfabe67b98d009ba61961a2856aa4a319fa1999f5c120ee31d39a14f40f12,0,TRUE,TRUE,0
Tatoeba,669ceab2a6e4c5fd9dadf7e63ae6290ae206afb4a1722614230cf26267ce33ac,0,TRUE,TRUE,0
Tatoeba,ad6285b3457fb2c471931668ceb0d8707614bb186763e8c041af22160f84e517,0,TRUE,TRUE,0
Tatoeba,662aaa7ee9b15352e3afd7d404d777869a90c1acb4f8281c627f7389d21d1b3c,1,TRUE,TRUE,0
Tatoeba,497267d5d65559f3a3ac38118456df500ece03fd74f0df82e6b13d41e771de98,0,TRUE,TRUE,0
Tatoeba,037ce21068767ef0edbff8a8bbc8880ef522a6546b3634f0f8a765388b339f5f,0,TRUE,TRUE,0
Tatoeba,5ea01005e09a4f1570ee5b965f3ed8be091c03c89c33ea8f22f40c658cf90a18,0,TRUE,TRUE,0
Tatoeba,e96dddf88dec54891457c708748af38fb0e224ccb723f708889cd2ea40d8e35c,0,TRUE,TRUE,0
Tatoeba,6ea7f030a4035631930684f371c3a922a35825e39c67fdb752fb623e1b9a6f44,0,TRUE,TRUE,0
Tatoeba,4a484ba829f32082142f7b4ffbea8f6ca535ce314a3b1558b846a59dd2d5aab5,3,TRUE,TRUE,0
Tatoeba,60ae0670580cee2be03f5e13d1b4a300bb58fd025f77af5226fd557929269192,0,TRUE,TRUE,0
Tatoeba,28bf8a17761bb977bf0d71893e96209aa18ebaf9cd5d7871e5a8ee45dc3853f7,0,TRUE,TRUE,0
Tatoeba,fb94b81a63b100481d61ddb3d65d342ea225d726413018448569fcc45a4cfd31,0,TRUE,TRUE,0
Tatoeba,4759a9d4605c94c58e5f23da973ae430812a614da2999b6e678902b823519ca6,0,TRUE,TRUE,0
Tatoeba,6d1ee7b7cad61da4b4926c28ec341ed22bdf14588643b0464f933490b7a04941,0,TRUE,TRUE,0
Tatoeba,155b182b5a25884e72aa87382c884b196e9ea8495deafa7d98f9d5e9ee4a1e6a,0,TRUE,TRUE,0
Tatoeba,372bcfcdb6ff03780fff7de1636e0765e4970fc5d420c8fadf3ea5cfa983255b,0,TRUE,TRUE,0
Tatoeba,ad2037b5715f59f1d74c989be524825beb6ad5f762c21ca2095ff49b801ee3a2,0,TRUE,TRUE,0
Tatoeba,cbac5767c40647ff02e4fe6542a9b2afc525a70d74a462b61e51ed38abf7f1a6,1,TRUE,TRUE,1
Tatoeba,25d62e8bd5331e1e362e32a2f54ad618a978660fed907dab2f1d0c8fa00637ac,0,TRUE,TRUE,0
Tatoeba,76afcdc5ea92edf032448462a3134a3b43b2368c68380beb7e1b2b30274f6d73,2,TRUE,TRUE,2
Tatoeba,46c48589abf9ee9845e11e3ca8fc2ab22f206aa3b608a505e66c7d0d6e56d540,0,TRUE,TRUE,0
Tatoeba,9ceadb0ee0656b6dabcf288376a6d69bc042fd10621141fc9fbc20042adef09e,1,TRUE,TRUE,0
Tatoeba,84bc15ccbd7dce402dc9729cdb5189e4e19f0c65f02ab51a4eb07175c20d2cd1,0,TRUE,TRUE,0
Tatoeba,8a1f80deb15990bb2249f048cf2de610151817bbce64994d60c1f01bbffe6361,3,TRUE,TRUE,0
Tatoeba,ee73d7c7b9c41f42b2a3c7ef2c48234cc046159bafc30b8a0e7a67887ce4abdf,0,TRUE,TRUE,0
Tatoeba,feb88ebc570641b3fcc4e1b10424b7ca4f646d789e3b690c53aff4101881f8fc,1,TRUE,TRUE,0
Tatoeba,88ff9c83f00522f9eed93dba3feca1c76c431206c3ff4a9bad3d417295efd8a4,0,TRUE,TRUE,0
Tatoeba,50e1743fa320e66841448707f7b4d451ed2b780de4cdd90ace5d63d052df47cd,0,TRUE,TRUE,0
Tatoeba,4700bd3a44ffa0b1f0a31d641379b8a5f37a3d15bca24a3c2520dc4d5e837c0e,0,TRUE,TRUE,0
Tatoeba,54e0678640444ea54cac09cb57335f028749fbb1d53a3923f031b6c55e77d9a4,0,TRUE,TRUE,0
Tatoeba,f9ccc0b136bbd20802e1013313a1bb058271d9d05cc4a3b087aa2ffa84a8e42d,0,TRUE,TRUE,0
Tatoeba,8e4d691a65550375c0f36f33a5770b47ac3fe5da89eafb053ec6cbeacc5963eb,0,TRUE,TRUE,0
Tatoeba,859258fdeb5a60dc4c3d982bd51c2c3506028131aa2c79ea66e77e13905205d0,1,TRUE,TRUE,1
Tatoeba,8916fe1abb1bdc0e0e44df5b7271f9f7d5d046fecb1f404a188ed3fd8373a67e,1,TRUE,TRUE,0
Tatoeba,6e98f2b3cb670d77736c1db92829a42978fa1d14b7e4a7451f57706c619c7e49,0,TRUE,TRUE,0
Tatoeba,8de3f4a23b925b0707db4812eaa618d550b35b12d2a541c4eb90cdb09e1fb4b9,0,TRUE,TRUE,0
Tatoeba,aa1b9767c95d7c672c278a311ed36948850180979daec4ce279994851e9fc96e,0,TRUE,TRUE,0
Tatoeba,8bdaddff5d7d3d0c1000b80946d971876884119d9d7c3c74d6be1ae2854be0c9,0,TRUE,TRUE,0
Tatoeba,1ca0ac9f05d10f683cf374703cc611e4f5805605c6f31214402e4f904c8a69b4,0,TRUE,TRUE,0
Tatoeba,1d16f1fc9a8f64a7c50bce198f2b12d2be1268fdba3cf817ddf731c1984d6ad1,3,TRUE,TRUE,0
Tatoeba,bd822c23fa54db68109e31b94bf08a5c63a68e506f64b7e9269e71fe8826e962,0,TRUE,TRUE,0
Tatoeba,308388f8a16769d9e6a4c0f82f41951642ad38c2ca6d3d67d519c33f52cabff9,0,TRUE,TRUE,0
Tatoeba,fbb6a9ac48640ca701fa3e92a36b9555b8e0226c52ff7c4546a96abb100e8d54,0,TRUE,TRUE,0
Tatoeba,a4bda209fb1bd30e0fa47dda7f14c57565471912f0e2099f6d128a349f1d38e8,0,TRUE,TRUE,0
Tatoeba,d704fc58e6e04a220b3d0504ab168ce890143e17263ca3a7367e76f3de6457a6,0,TRUE,TRUE,0
Tatoeba,65e3e8d57735289502f4a26a4c05b30658e51b073d2cdd8fde578e5da3251510,2,TRUE,TRUE,0
Tatoeba,7514a710292f680220767f5f385a06f011c3f4649490885567ea0944668eb889,0,TRUE,TRUE,0
Tatoeba,79d988db4ea3b1f869b69116b879f425caa7bcb67571dff3b08780a496eeef6e,1,TRUE,TRUE,0
Tatoeba,85e88d6840359bf1f3ade306630a67a40e78639c3e2d7f498776732f383efd20,0,TRUE,TRUE,0
Tatoeba,e93715fdcfab0cf5415d2af2ae8bd201ea8b3945a7e932e3d3219f82fe744c9b,0,TRUE,TRUE,0
Tatoeba,4907233993aacb477a90820d3616db6ae32b314da95cdbe365af855313fd30f4,0,TRUE,TRUE,0
Tatoeba,a2ebc92a2f8c66a9441f66301155f907ea583ac73511af62450b8a175259ae38,0,TRUE,TRUE,0
Tatoeba,51024aa8e86101163be02a6f54919097677fad9676ad5a22fa8e754d83a83869,0,TRUE,TRUE,0
Tatoeba,b6f44268634c500ccdced427fd43eadd13300dc7643c1f452cd5d419de22e997,0,TRUE,TRUE,0
Tatoeba,fb75d1165d34da7e618a2fe838dcb6ffcb13eafa5d95f6af47f508e57002fea8,0,TRUE,TRUE,0
Tatoeba,f9ad15a0bd3eeb84cee81ae70c0cefdefa212caae8263e97b33f148d0a7cd11c,0,TRUE,TRUE,2
Tatoeba,214423d8cd402ef0d05e94f761bc5aecc9bb846c733ce70c857f65e5d6d7a28f,2,TRUE,TRUE,0
Tatoeba,d84a1473cf3a3c82f09c96012395c708df921ba4341df6585727e3cc1d3238b8,0,TRUE,TRUE,0
Tatoeba,e255a08d02233edb94e313618703c0bd7c17b3f759d313b477cf30eeeb9aa11a,0,TRUE,TRUE,0
Tatoeba,10d9f618ce430f8f4b41f23f351ab7579133a76a9809a523df8fc4e6556e3bcc,3,TRUE,TRUE,3
Tatoeba,cdab233ec241eb5dd3a99ef2351d22688a59336c868c8aec1dcff66547bca45a,0,TRUE,TRUE,0
Tatoeba,88bc6c930f04d0bd2fa5be8b419d4d125f255d07c4f6117126ad39dd04d8c09d,0,TRUE,TRUE,0
Tatoeba,f5e58458b9a4fbcfbe5d2950090ce125d550ceefa809f1feeb5f08da2e506fac,1,TRUE,TRUE,0
Tatoeba,1c07eed6d01197651919f729329ae5de71c0a3fb9853eb3281c3519e60639fa4,0,TRUE,TRUE,0
Tatoeba,bb61d7cd3b826d9a6aa9b6c390d295302836325ea96612243c19834d09516699,0,TRUE,TRUE,0
Tatoeba,b8c217954bdff167bd90501fea2e942583dd1d136f5ca9dc767b6a7ee17d7301,1,TRUE,TRUE,0
Tatoeba,5c477cc3f79572339320172b1e2ebf6f72301a2c2216e9570af3b95b3324dccb,2,TRUE,TRUE,0
Tatoeba,5b3c776018dae88314ee715f83d1a3fb13ff3b39cab792d5bc5880ecfc1f2e68,0,TRUE,TRUE,0
Tatoeba,e49590d9cdf9d4a1b467c665c2c4b7f5b832d2d7ed1a5615abaf157b34d42e92,1,TRUE,TRUE,0
Tatoeba,71ceae93682230729848adf764b375fe5a906d0a77b2b8d8011fd536ff2d3a3c,0,TRUE,TRUE,0
Tatoeba,123c8740a516819fb0404cb6b8c53e3c1ecbb8c3397af14f681f62f4a976cf9a,0,TRUE,TRUE,0
Tatoeba,73a3088d39b9d4dea2656685913d8e0696399dd0e2a6581bf07ca95c1c658491,0,TRUE,TRUE,0
Tatoeba,69d0179eb74a12d702a869b703c7ba78cfaccf7e6d78764a68918b5004197562,3,TRUE,TRUE,0
Tatoeba,8ec33cb30ba74f144d8c4cb38460ea2322cad89a88ce703d67e28ca3384b6e15,0,TRUE,TRUE,0
Tatoeba,1543d2eb806cb4925dff2fd951bcfed7757b9574727de3c5bc8dd9e91470eeb8,0,TRUE,TRUE,0
Tatoeba,8c7ba643fd65fb4c96ae5460d3173fe70ecbf8870409cc164996a6aa678d6cc5,0,TRUE,TRUE,0
Tatoeba,917d98190552aadec5977f299a971e4b5d804112a4688274a1b0c9a84173f8e2,0,TRUE,TRUE,0
Tatoeba,9b9fedc87154a8ac28133677b8a5e67f41f3147ba1b082aa1ad60c104ec53fb7,0,TRUE,TRUE,0
Tatoeba,9b113c361349ebbd8c8a63318ede14420cac03e2adcd13485c3643bbfc7cb2ab,0,TRUE,TRUE,0
Tatoeba,e24ec46f31734e0fb5104a5d25eebaf92fc2ef015070aac16167c07d0caebafc,0,TRUE,TRUE,0
Tatoeba,5ed2a448298d6b792c60dfa9493030e7a02a0f6e91960ec1e9bbec7be78e138e,0,TRUE,TRUE,0
Tatoeba,35e7445e1c1edfd01dac013dbc2d5f9ead26e7d9cd9d1704650eee570c0554b7,0,TRUE,TRUE,0
Tatoeba,557e0322eb17cce2291b253a007c7302bd6e8e5982c10e5c574bb89ddbd7b361,1,TRUE,TRUE,0
Tatoeba,609bc351f652d46923574798c046f0584c174f08874a8243d14ad45617efca18,0,TRUE,TRUE,0
Tatoeba,c1f033ff46265fdaf7e458b1410ba42a9e619ae8c5622f8a95ea8f97404b4857,0,TRUE,TRUE,0
Tatoeba,76cb580352667bc92c8f67219ec184f7e139845120e310fb0977ed5e917008a2,0,TRUE,TRUE,0
Tatoeba,50a67f2bf373c1d2c5ad283438e84c10f5060a0828cfd1d14ef23226aa7d4bb6,0,TRUE,TRUE,0
Tatoeba,c0ae8d14fb1c020b845f3df8376428de7b5c3cc0f3cb5922db55e2fa8ed253e8,0,TRUE,TRUE,0
Tatoeba,ccce1a596a7864da9599f29129754e8b700ccf7b9d2d1b05b6570068cfe6f413,0,TRUE,TRUE,0
Tatoeba,a0c04fd862c53c59fda12a02d1bc157755392a2609e4633ded1cd39576a42916,0,TRUE,TRUE,0
Tatoeba,dc9ff32ad57f0540588bcc5221e609fe130b2b38e88b68754da074d744d34e43,0,TRUE,TRUE,0
Tatoeba,7ebdeb12bc085c1154f2767f9044a215e591cd5e8109e17eebc189f989d2e222,1,TRUE,TRUE,0
Tatoeba,0c9cc58c00a3390fe4529fc14489b55b462161591defd9b2192822255fb5d652,1,TRUE,TRUE,0
Tatoeba,544b369758dd37802baedccd45c18f36112c6324573b372edc02052680bce678,0,TRUE,TRUE,0
Tatoeba,e2852e3cf482861e76625b4d0268b3dfa2b2eef58cf2d56607b23c87f7d1a61b,0,TRUE,TRUE,2
Tatoeba,ef8efc3e36cee35a641bbeb06142b403ac2b951866e0dc4579432d83a213ba04,0,TRUE,TRUE,0
Tatoeba,c4087151c2876eb5487c2a38d9119ff2696e6ea04c296a85c0da458e459514a3,0,TRUE,TRUE,0
Tatoeba,abded7c562eeda6a5b062f038587966ee350e87d838d604d197d729aab2dcf34,0,TRUE,TRUE,0
Tatoeba,4cb0c9d0be435343cd0adc0ee2d32b29e1f99deff02adecc7759c20c496feaa9,0,TRUE,TRUE,0
Tatoeba,4462fc7f91582720d56301a2b655e406a8fac26607464877f78060fc3cb6f5e3,0,TRUE,TRUE,2
Tatoeba,47c530dcc617b94b067dae4c54bb3101dcbd646cb930adf254ab18f0137d47bc,1,TRUE,TRUE,0
Tatoeba,2dc6c6594305233035f855d85f2e8bd932e25ab41f79a6de86143a63e46ed302,0,TRUE,TRUE,0
Tatoeba,3db3781d665bd17ac6a312554e85498adbe4edaef105725d679fd22497db37d1,0,TRUE,TRUE,0
Tatoeba,e500f2de3426a1ddd4b5adca3863b834f989b99edc6b7857ef0a121af00ad2ef,2,TRUE,TRUE,0
Tatoeba,401093d04dde8dd6a0a941501c804fd98eae5be014263a21a18299ec4156dab8,0,TRUE,TRUE,0
Tatoeba,050153a5c31cea9f888358016301b3c42392e65e0852d6a25e66581d6d73d1da,0,TRUE,TRUE,0
Tatoeba,e0dd913b7b783614e373de6b5bd08cb17501df640b15e7c7af75164c0efa90c5,0,TRUE,TRUE,0
Tatoeba,e2377d0b7d0af0911983b96fd03c56a755d5464d1fc16af64df86147bf52cc0f,0,TRUE,TRUE,0
Tatoeba,f5b689bfadb44529d248aaa2315f2fcb9a696e249d58c96cd77f35aae3df36e2,0,TRUE,TRUE,0
Tatoeba,c742fd64b3612e6c9e07c7fd885638fbd24a3ac70ba8cdd1ea7d094ba44c574d,0,TRUE,TRUE,0
Tatoeba,8568aac103d8148141ebcf42b18834fcdce9f1b56ac1fdf6538a1744f94405be,0,TRUE,TRUE,0
Tatoeba,8e9165a9b95ed747b03497ce17e4a84ea0456ef30f58844c6bf4dc0401b78941,0,TRUE,TRUE,0
Tatoeba,0f14b0d93c185d042600b5f02b3f90c6548e2848062fd9359502cec03260644d,0,TRUE,TRUE,0
Tatoeba,83bcf172a85e5ee293e7e8a6c43d72bce44aa995203e0975cd7c8409a19b7db1,0,TRUE,TRUE,0
Tatoeba,fc6693a208ee1c717effb4d7c8dcde9374887237a1b4fa3700911801bef5f050,1,TRUE,TRUE,3
Tatoeba,481ca8ad0bce223a1d28eb9718bfd02404d9cdf0a6e4b08f0b022fe3cac24074,0,TRUE,TRUE,0
Tatoeba,4f94c49eede719cedc5f25f4ae6b7fd0208a3990fd8298e6b432bfcdfdf40031,0,TRUE,TRUE,0
Tatoeba,25b1d530518450927dbd95192ed52cf0d2d9b0a7a35b3d5711f1a7b343d8b8c8,0,TRUE,TRUE,0
Tatoeba,8fb7011c7cd4571f76c51d98bae8f4807525c0dfa9d04e92a2b197cf18f8a8a9,0,TRUE,TRUE,0
Tatoeba,caf66fa1281e38f3ecfd2edfd52a25c33ec6e798fe16828fb2e27f68fdbeaed1,0,TRUE,TRUE,0
Tatoeba,91d44bb7ba93432b20f35a60f0a33bdfa1e801fad9914e9d2b75e7b29974361b,0,TRUE,TRUE,0
Tatoeba,a3e786cfa69c3b909b1888d912409125a8d7af13e42c2d165504c7635dda7751,0,TRUE,FALSE,0
Tatoeba,81961787f70cb7a800419a9eec837e57b36239495c0ab1dae789c33659d31448,1,TRUE,TRUE,1
Tatoeba,ce11f5c49a5977b1025ea18db37d94e9eaa1a584e7a153e52e8f25c12bd06cf9,1,TRUE,TRUE,0
Tatoeba,06d5e554af74d4b48b5139737bf21b8dc2c2ade6e3df09579f8a80f453755359,0,TRUE,TRUE,0
Tatoeba,b65a8f9d6f3b7e44c144394f982fbdbad7bc4de766b082dd931b7560da93c335,1,TRUE,TRUE,0
Tatoeba,8873b56cf651b858d33c9eeeec3ab8337fa4131403e10cd9fdea7b531ae66e2f,0,TRUE,TRUE,0
Tatoeba,670711e86ebd8e136b331111aac35ddd49aae7385a5d1a5b32782e1552d62b24,0,TRUE,TRUE,0
Tatoeba,7fbf21bc0862c26c7a651b9c172cc272618c55bd3d2e5c210d71f573b21014b4,0,TRUE,TRUE,0
Tatoeba,a923901d7f92ae9076a940e0e49fba1dc82c275607046b35492c93f37bf13d1b,1,TRUE,TRUE,1
Tatoeba,b3d1d3d3c9f25d044f5cc9121d35edcf05061ceea445244ba9b95c06f76bba3c,0,TRUE,TRUE,0
Tatoeba,24738a1e8b00b7cb8836a00ddf9143a9184f9c18ca208be4c568818f7b2c0e6c,0,TRUE,TRUE,0
Tatoeba,ee1ef15f4f85b0930d7248bcee9b7970f785d3ccefb5e3eb7c252ff303714172,3,TRUE,TRUE,0
Tatoeba,031a2304eecd88e2d99053ee442abcb9f48e8674255a66efe1a3eb15566be181,0,TRUE,TRUE,0
Tatoeba,7ad834ed95292d7c737c90ef8aef427b1f72b098e0ea81227686deda0447656b,2,TRUE,TRUE,0
Tatoeba,b07c90a131c7b5434e54a3a9471efe237ebcf00b6678b4fe6d2398d066dee01a,0,TRUE,TRUE,0
Tatoeba,89e37ba095fe7121ef5b4b920934dc048398c0f89e3e007dda1a392128ef8ba6,0,TRUE,TRUE,0
Tatoeba,30918053fe4aa0ad7aefcc895cfcd6c3afcb92aba85e0975967ae6ecd5359f6f,0,TRUE,TRUE,0
Tatoeba,2d27b88c6003bbeaff42cddf6209ce448f8fdf7a78162e968267494d409eb28b,1,TRUE,TRUE,0
Tatoeba,1690c5b57bca3247dbbdfcd69b494545afa237c24f59d981a951adeece1be354,3,TRUE,TRUE,0
Tatoeba,855625fef21691ef1d3364def70b6b0d6b417f14ab9f9f7fb287c59df624e1ac,1,TRUE,TRUE,1
Tatoeba,74cda6e15ad8e875e93aebea7f42c338c1b3375055699e2c3c986cd9a60ac86f,2,TRUE,TRUE,3
Tatoeba,0922a4b14c17fa0f9aea0deb3d1bcc4266ce29e7c96007719b8be3e7bcbb1eec,0,TRUE,TRUE,0
Tatoeba,3ad938e7a36ddc1612f460791ce62060ecc2e6b0882a5af9d109919fb9361caf,0,TRUE,TRUE,0
Tatoeba,c8a83589f6da0489d252784fa3f0e6966d0f9ffdd0171f612a6970e46ca4c586,0,TRUE,TRUE,0
Tatoeba,2447805abae87954aa57c71825509b3201ea285bd4de25824f9f1495264caf91,0,TRUE,TRUE,0
Tatoeba,d0eb505509c1bd13c99d6a258b2a8e78b7ff6e5494f2ba823e48d0280b4f5c4c,0,TRUE,TRUE,0
Tatoeba,560be0c701f957cffa6ed99ff472578dfbb6cc0a23c4e490d833200103b1c2c7,0,TRUE,TRUE,0
Tatoeba,183edcde6e293118486d7cfef95ecb39cb0df1af4d6e7efa8baa985a51043c7b,0,TRUE,TRUE,0
Tatoeba,ab74f9c1d31ca91d131fee4de36aeaea366c4b4e5440751075544861c165c8a9,0,TRUE,TRUE,0
Tatoeba,3590fe8c02ad81360d11216bd104958fe987766f97987d80ab8dfec586f5a5b2,0,TRUE,TRUE,0
Tatoeba,b55b50a7b3d1d78f56442262302a506f3c8fe28da619aae145ca20147dcf2556,0,TRUE,TRUE,0
Tatoeba,4d50cfc47b80a5f2f0a7e2edc130c608f1b2825c2c253b3abc1d230ef2820442,0,TRUE,TRUE,0
Tatoeba,5dbd42f2112255f142b569ab407da62c391fcc94b2ad005d4a8350871c622706,0,TRUE,TRUE,0
Tatoeba,aacd69ab7b5a1b1080e7d9d2b714f73e7d21ecae21bf4298ce93770382f5c86a,0,TRUE,TRUE,0
Tatoeba,e426a65f0fcca9ed63c3a86e0f2af7a1061d192087cbe038f1edf1d52e656a4c,0,TRUE,TRUE,0
Tatoeba,781a505c86db15ea61bd4919fb4ea62413b16a66f5ad1129d202b9cee1f4c34f,0,TRUE,TRUE,0
Tatoeba,c6701f57513a3d137ed44862c29797bac1aef48235badef330658fdb781cf576,0,TRUE,TRUE,0
Tatoeba,bc087eda5b2bed7f284a6b508637d9ee4649d4a10d8cdb591cb264f6137ff06b,0,TRUE,TRUE,0
Tatoeba,a073fda390bec2e7ef7451e8863269a0d94fc00922f3138636c0402edbf06aaa,0,TRUE,TRUE,0
Tatoeba,5998d4cf39c769dd40d2b82a3ee252b3fbc5efc82a55ccaddc5af0bacb7da5ef,1,TRUE,TRUE,0
Tatoeba,793a193ceece43870b4694ba247066dbfcfcd7d8af34d4331be3705518cbe34f,1,TRUE,TRUE,0
Tatoeba,ae6471a36601598391ee334543c45b4dd4d6b736d9d4753636df9ad99fb74455,0,TRUE,TRUE,0
Tatoeba,59eb6061e885749efc61c9fc9391ce7ecf2181a06fe48e18af503b8a88dea173,0,TRUE,TRUE,0
Tatoeba,be30d805a9ac748babf33cf2313f4ef3cdc43e135073faeacadab498f7576090,1,TRUE,TRUE,0
Tatoeba,bdca9ffdc45f221e75b259ab099f90b43304177d9e2a837c107acf2a202da79b,0,TRUE,TRUE,0
Tatoeba,837bb6ddc23dee0107d7d27a4294515bccd3c836dde81264a91a86a6c1b7b9d2,0,TRUE,FALSE,0
Tatoeba,02634717641345f967a8a9ffb55189db72e6871e0e5116209b746e2d98a175e7,1,TRUE,TRUE,0
Tatoeba,45feea1daac9a81ce71f7d3cc6b1038ca99237305b75a3c02731cd02235e64c1,0,TRUE,TRUE,3
Tatoeba,b1f645f326eebdbee04141d6f2edd53a2c09602226c718b51459ed7d42e47a99,0,TRUE,TRUE,0
Tatoeba,d3e566aa2de46e1df9cade628aba625e2e5f6dd06565ae2f412a9bf429886c1f,1,TRUE,TRUE,1
Tatoeba,4923d13fa414778df7d36b1e368ef65fa21b58a5c77344fa65c946041c63b4bd,2,TRUE,TRUE,0
Tatoeba,ff62ec0ad4daa7d7121884511fcb4901b6a0176983e0ca6e53ef39a4385e3bba,0,TRUE,TRUE,0
Tatoeba,2c360a238ed5ae4780b2f5d3809a30e8c1ce52c8af447b01536b053dea128cbb,0,TRUE,TRUE,0
Tatoeba,0771d0fd8db2384d3f48c15628c4926f56a37bc62b32c7816141653066b6c154,0,TRUE,TRUE,0
Tatoeba,3705da18e209bd403b421ed28f04bae2714de4f21a1ef27409d741dc92eb7b9f,0,TRUE,TRUE,0
Tatoeba,b1080f88ba84617f8335dda052ddc05c0116d58fa0845e94aa4dcb00a4a04fed,0,TRUE,TRUE,0
Tatoeba,d5c1818b9c5dbbb1138b480989c276877e63d59291fe3e221ee80febd62216dd,0,TRUE,TRUE,0
Tatoeba,85fb2bfc4536de841aa61f513e615666c00e11b3fe6a5af38b91e8240df17851,0,TRUE,TRUE,0
Tatoeba,c381ee074453181a5580a4de2cbacf3e83778b5fa1843fd3cf4bf21203bfa21d,3,TRUE,TRUE,0
Tatoeba,13127737441eb28038d94c5726ffc0de799793ffa0a519372b97c429f337b33f,0,TRUE,TRUE,0
Tatoeba,17b157ee857347863d281fb9a333b56d3450771595069db0c80b22c0958f1b3e,0,TRUE,TRUE,0
Tatoeba,a76104fbf47b53e2c791aa5b39dc4bb85ff788798b50c6c50afc20b9e5a6ada5,0,TRUE,TRUE,0
Tatoeba,12670e5fcc1ba3d3725223835215face3f4771156f7fe6fca9daeb9b5e9c815d,0,TRUE,TRUE,0
Tatoeba,601c6bdd6178d2a436bad34bcc2c967288ee5d1b96209dd898eb344beaad1d8d,1,TRUE,TRUE,0
Tatoeba,61b489fac06083e0a7e254f797d38092628d09831f10e59c2d10974871e28b09,0,TRUE,TRUE,0
Tatoeba,4cb875303ffb4dae8a74af172a3163cbd3849b2ed0ec4a07e20e0b92a6b01ee2,2,TRUE,TRUE,0
Tatoeba,677ec19445b222e35944748840ba5d02f00017893ef6731be6ea5658434d2638,0,TRUE,TRUE,0
Tatoeba,98b9a7aa05eca3959957e681fa7380cd3473d3476c84528a695fd317bcb447f7,0,TRUE,TRUE,0
Tatoeba,1390c1e6be9d639c2b8c1d294480396db6583f2d89844c78609e1f9624f0c45a,0,TRUE,TRUE,1
Tatoeba,de7aff510a746dc3932fb477bfe9c8e01658f77e548973dabff433d44f9b94a9,0,TRUE,TRUE,0
Tatoeba,47b976e12e2b970672462ba0c8bbf6315123a3c65e1851bd9553ed9bf64c3d58,1,TRUE,TRUE,0
Tatoeba,2f97eb0ec65a1f5768dd46ec100a4dca4aec897bfba5b0771d8aa5a625dfcd5d,0,TRUE,TRUE,0
Tatoeba,9cb5b90e6edc1c8b577724b08695ce0f75fd245817f78f0df814181ffda1d75b,1,TRUE,TRUE,0
Tatoeba,b33a9dac97c99e9c232b9ba46ebe9cf8b981949d537ab7ad57bde7a258151210,0,TRUE,TRUE,0
Tatoeba,2f9985859e7ea686c73470e0d8c4ea6b4a1062deae803fa538144a0c207f1d87,0,TRUE,TRUE,0
Tatoeba,c21eebfb6258bc58d3b05c4a64608493d1a08a6ab417024ed9d05634469655a0,0,TRUE,TRUE,0
Tatoeba,a161d1b72eb892ad6bef9ad45f02fa4f28a9f17badcca4edf99fd4767b618fff,1,TRUE,TRUE,0
Tatoeba,44772e41cb41f185dfea9d34d8a74b6fb3b68b779334cec02a461457ec1bc8a3,0,TRUE,TRUE,0
Tatoeba,e59b7f27f8a399925727689b1abdd0c3c074b7c980754971709a9eb7e1fd2432,0,TRUE,TRUE,0
Tatoeba,90da2ad6ec243601a322a4afe3aa630ab73197f4b15616adc66d95214efb24a8,0,TRUE,TRUE,0
Tatoeba,b6a35d3aabd899dc36769128c0f7262121d2e77409caca1b3bcaec212950e7ee,0,TRUE,TRUE,0
Tatoeba,602dc825b3ac9020b1c6c475c5540fac8bda041009f7f12c17d69f00aabfa9e1,2,TRUE,TRUE,0
Tatoeba,ccdf41fb07ff9db1661c6aab98aefb66e58a7e162bd28b692acbdd1f3a222f19,0,TRUE,TRUE,0
Tatoeba,a2a083ab0ff5991823f710b372a71c5ce2d489b462f17d10ebf0dbcde1844b0a,0,TRUE,TRUE,0
Tatoeba,815a930e95024e45f64a87aacd919303435e6a04f2f3a73b4beec8035d9ea2cb,0,TRUE,TRUE,0
Tatoeba,120dc27687a92e51a1ef6dc0d44f55fb2976d5ad2e609281f347313fcf4684cf,0,TRUE,TRUE,0
Tatoeba,eca69d24172cd4be57430a02d539f243a19d1e39a8b430b4f245db7b6f6445b9,0,TRUE,TRUE,0
Tatoeba,9e1ebef24e981954c9791865ec1e3e735b2c9a355e95d46080bc4aa9a620f1e4,0,TRUE,TRUE,0
Tatoeba,c5be35aa1a9ee7ff49c58a34a904a3fbd1249f9ab688fa056000cbce26829aac,2,TRUE,TRUE,0
Tatoeba,23b410ef5762e2a3bddc5030ddc07e3352b333498026c4cd1293f2549b71d697,0,TRUE,TRUE,0
Tatoeba,360c89f684398201d88b92d7e1c4fe09e806db027b46e70046d078cf708bcf3a,0,TRUE,TRUE,0
Tatoeba,6457ffc5224592bfcb0050fc2676ef05e20bfd512bf02f32d8046ca2240cd2e5,1,TRUE,TRUE,0
Tatoeba,5641e7706641c39a91e60c6ca378ba9d4760468391336ff612c2d01beade434f,3,TRUE,TRUE,0
Tatoeba,56163d80b295f3c66341f8b69d76ac564a61c4fc10d86a51ee809f0d8aa4b55c,0,TRUE,TRUE,0
Tatoeba,0e47b595bf0a3042a0d1f5130e9a9e1d24a34ea72bb3a126312991e99112fe52,1,TRUE,TRUE,1
Tatoeba,018df1843291c44b9dbbbd5146c831b2fb472dae4885658c75bf16a8276bfa4e,2,TRUE,TRUE,0
Tatoeba,df338d4dc3f2f9804afb8224ede5fbf7285fee89a95e2396b4b98e3abff7f2ef,0,TRUE,TRUE,0
Tatoeba,043c69e4c8d2cea4f1fd590be5507c6172404be1eb30c077c19ca8d01e2f05f3,0,TRUE,TRUE,0
Tatoeba,bcf808d676c1b04e8b084ada5d0c9e42e78ff42acd284f3f84b38b27de48c647,0,TRUE,TRUE,2
Tatoeba,e7ba5cb6761ea94d0c52fde173ca1a0c7f610d639a7fa35cba3ee82707e79ad9,0,TRUE,TRUE,0
Tatoeba,147f2f7124605d03e3604c3d3ac70c516c0478d4012b0413c7609b6ab21e6907,0,TRUE,TRUE,0
Tatoeba,0998407377b45fd80c436538e5aaa60c7fe30316d115a777f49951c860e4e407,0,TRUE,TRUE,0
Tatoeba,214edb1f136118a55325338caba904234d43439040c336a84a982db33855be46,0,TRUE,TRUE,0
Tatoeba,25820df3a06149479f13c8736e74da3dd3b154471c4188bbd86219351959a90f,0,TRUE,TRUE,0
Tatoeba,fb2bc463f63c7578df31bca42bb52662eb42ba6130bf476658db6d27eda84be6,1,TRUE,TRUE,0
Tatoeba,8f107bf3770f6cb0ed6288743c1a54a23f9ae5b93d9325db5dd12c5e5933be03,0,TRUE,TRUE,0
Tatoeba,a83750cc195855dcb5c2cf2e439c4a292028a4857fbc521eb4cd1e0149855575,0,TRUE,TRUE,0
Tatoeba,1152eddc727de6711dced9a96b8cf0d5d85d708b9541ef79b0437e513766d6d0,0,TRUE,TRUE,0
Tatoeba,e4afc751ab31c274f2e296d0cfb71d9a7adf0ecf378675be7c51f31157b22b8e,2,TRUE,TRUE,0
Tatoeba,f8ef2a93a9c8517ffe15019e799e5afdd40225b2f681da81e06bfebe92dc8b46,1,TRUE,TRUE,0
Tatoeba,e8024e2462013177bfef70d44fecfbd0a6e653fff088d519f9140d0596b459e2,0,TRUE,TRUE,0
Tatoeba,3c017f98ec0104cece748bbb98e2b6fa20cc3925fee51b8be189b7450073bdfa,0,TRUE,TRUE,0
Tatoeba,2e916e548560d95de0e3351b7f0e54f98c57184b53186c4288b5de36addfce34,0,TRUE,TRUE,0
Tatoeba,0e495a564c8cf75962819b9afb80319ee6e336e5f16365ab43877876db6b4e99,1,TRUE,TRUE,0
Tatoeba,fbf193b486c08916a185c6c750f16d186a3f6434eced639f912cbe083f0fd775,0,TRUE,TRUE,0
Tatoeba,5e5a5c4185f705e821da01b77491949fb84ca89767b055debf701e33c84e8e65,0,TRUE,TRUE,0
Tatoeba,d56a66cdd8a9ff8bcf9e60023286e96a075d4380791266603f13c25523149cc6,0,TRUE,TRUE,0
Tatoeba,80438dd3896a872e173497dbef4d6ffb2b23b944dcabd7bbe3871538ebd63df2,0,TRUE,TRUE,0
Tatoeba,6a0c8eb3d2b41047a67623a050bfe6cf470329280a3589bbd1b36fdfbcd63fde,0,TRUE,TRUE,0
Tatoeba,95dddd4598126d9a8aed0b66de23bbf76002ab37b45ca03526c08aabaf09be47,0,TRUE,TRUE,0
Tatoeba,737f57c4adc0fc9452fc8a59e1c8f5ac69cb033c31ac36ecafa4ab404f5066ec,0,TRUE,TRUE,0
Tatoeba,9fd5934d88faec4ffb757d534775ae69f8457ea778c706690fa7cc3708da44bf,1,TRUE,TRUE,0
Tatoeba,4d2fc5894e7f0863cb8318f3b82c82f0b1e3ca6d8e9d76907e1b5ae7a613c491,0,TRUE,TRUE,0
Tatoeba,56d2ad0ed0580c2a8fcfd3099a1b940dc20e87c8233d988c8c9887f54d5b9d94,0,TRUE,TRUE,0
Tatoeba,bdeeaf9c50993855b67c53d7f7747fb3ccc85d2e4bbe94d831a69c68ff312100,0,TRUE,TRUE,0
Tatoeba,9ae91ae98fbe0b40463dda36c9c71b61eaee8ca918f49823721dd5a439e37b85,1,TRUE,TRUE,0
Tatoeba,c3252e8845196af8213df9f0e65eef397ed4593af978a99303308e5adc36b66b,0,TRUE,TRUE,0
Tatoeba,b800625287a28b872a35fc3b98ce918de8a5bf4d32bdca4a40f1dc6aa4cb1e65,3,TRUE,TRUE,0
Tatoeba,ab7631baceee906473ad99dcae00380a54955c8d392ac66c89635df75adcd0fa,0,TRUE,TRUE,0
Tatoeba,5ed169b36673635db18ca4157a3f18e2558de4dbd7253b899530af0c7c693cf3,1,TRUE,TRUE,0
Tatoeba,90a3cdc172f9826e221f9ee87e1468cb6207af660ad739a573c43f9ede991790,2,TRUE,TRUE,0
Tatoeba,defa739eb25bda398a4aa49397ea22fc5b10d5d2f8f369c4277a14420f286cdf,1,TRUE,TRUE,0
Tatoeba,88b86be09ec04eabc067e1b5e69712b435974f87f11125494e658a2dd363fb1e,0,TRUE,TRUE,0
Tatoeba,aa0b8c22acf51fa069f1b4cbb94d914b9c6d0789789923bf45288dfa141b5436,0,TRUE,TRUE,0
Tatoeba,2b8f458185d15a5cfb48164fe1afb6ecfef05ac3bd702b24bad9e0c2b9121159,0,TRUE,TRUE,0
Tatoeba,40df637303aa2fdb1a1cd41875d305774667a6da4398b0d30618dd12c73f46d4,1,TRUE,TRUE,2
Tatoeba,49f083eb9bf9dddc6e2ba98507d67a16b98ca4955f582b99576abc6191d33a9d,2,TRUE,TRUE,2
Tatoeba,f603bb83c97ff635b58c695d8c9efa580090e350e85a9f084c62f20ec139828f,0,TRUE,TRUE,0
Tatoeba,7a7210fceebecaa60d67c18965578c9a30011b5d5d28a75275a50f46ef7bd030,1,TRUE,TRUE,0
Tatoeba,a59f7c935236aa82e7293acf177749868a294606b0eba2c0c5ee98d8e2a14d4c,0,TRUE,TRUE,0
Tatoeba,72a9b37d5224d5963f5c4805a043e191f20f78e17937bad5b0ef583e05737d73,1,TRUE,TRUE,0
Tatoeba,e2d9ba7f299549d2dd9e306cab48240347e6d088e27b97be1f5f40865cf5a4cc,1,TRUE,TRUE,0
Tatoeba,b6c2faa334d7695971d101e65a111afe936fb1246ef660f905cfff8f25a5ea21,1,TRUE,TRUE,1
Tatoeba,0ff78c824458c53768b8004fb8c69cee6054a177a89eec7d23b9cbb056f02c52,0,TRUE,TRUE,0
Tatoeba,dcc9c185249f39f81f80311010a012fb9adb4254b6d18c693b9c93bd7b1388c6,0,TRUE,TRUE,0
Tatoeba,38bb759ed3a2911b0e478e19d8ad22104819d4cfcb363fbe36195ff23a2beb17,0,TRUE,TRUE,0
Tatoeba,70d5445c8447c7a293580e9e990b316573b9b318d20df3d029d0b019918f4703,0,TRUE,TRUE,0
Tatoeba,b359eadc11dbbdf231badd018e7ae8c8ce3ae147c6a8ef524e4c05376944c2fb,0,TRUE,TRUE,0
Tatoeba,4b954f107514c0300128f268d0be74ce7b28c1df695c8916826c7b187db46a51,0,TRUE,TRUE,0
Tatoeba,b5fd868674a811b1aa7be2ea071ce0ff3c3ab3c6a39171d37812e3f4983124c2,0,TRUE,TRUE,0
Tatoeba,193f7b79c6a795e02e821154ec6086216d6077826ca46dd9aa4d64834bf19f5e,3,TRUE,TRUE,0
Tatoeba,76d0981af0b4ee50d3f401760149aedfbc7bf96b8aa5e08991889dda8f8f5ee1,0,TRUE,TRUE,0
Tatoeba,0fdd39f0d60ce02d7e06d10c15289a404ab460b502e22cbfedbe79ceca6a7da0,0,TRUE,TRUE,0
Tatoeba,3c332b4620166269b58cceebf6161dfa0e9e0af1069a9e758a5d6eaae59df393,0,TRUE,TRUE,0
Tatoeba,e0069ffc939a9a22a7743a5ef046dcbcf4a6c5fb37874b8627a52635d3add9df,1,TRUE,TRUE,0
Tatoeba,9ba3da87aa9ef39287b359a5868d7067fe8a7735dd4ffc502e61477bd9078b6b,2,TRUE,TRUE,0
Tatoeba,f1fb53dffc50690dcad4ab8ec9863a25e6c8a87f72bc468ac77b50385474d97e,1,TRUE,TRUE,0
Tatoeba,8ecd60e78d7656093cd81aa92b9789b0867ef2e4e498f9dbb61391c3498c4c58,0,TRUE,TRUE,0
Tatoeba,582941fe6e68b0354d10aba14184ba75bf8d69dfd969b47c837cc71f8cbb465e,0,TRUE,TRUE,0
Tatoeba,391edf0293b1396f37ad920fff76e3f49e091425e7fc5c72ea4e13ad3687aa18,0,TRUE,TRUE,0
Tatoeba,165464fdb33388a4f367581a5735f8e364f5f36dee933d4bb682980390b80e41,1,TRUE,TRUE,0
Tatoeba,e3957e3c4e056d59b40dafbb47ae40ea56f825a7d55846b872d0a0a0c7cf61bc,0,TRUE,TRUE,0
Tatoeba,32d4df985e1ce1770e6e3c5ecad78ac5088def77d7f3074b04faa8e1608530c5,1,TRUE,TRUE,0
Tatoeba,8bbd6d93ca657214b5a29cd74f468bb808142e6cc314a92e6069f83c432d925e,2,TRUE,TRUE,0
Tatoeba,33f473b476494f0689a4595e86f38851f105b11258f2a875d2f09738cf77e457,0,TRUE,TRUE,0
Tatoeba,d7538e1d3b4243220d30cc08f8fde0ffcf47559373118aaca659b8e3f77122b6,0,TRUE,TRUE,0
Tatoeba,3ebfac17a8ff105fab50698bd4cb90e40f6df94f88f9cb54d709173d3cf199dc,0,TRUE,TRUE,0
Tatoeba,62d57d5dbecab5d5ae28146b5b59835591760c8a1d258789f1fe430728ea0690,0,TRUE,TRUE,0
Tatoeba,08a50c0af6e8103d6f0f9b45b61ec72135ec4aeb059f0c5ce4cffb263e469408,1,TRUE,TRUE,0
Tatoeba,4a3747244fc18ca11261757db0a7ccd6536cfe4a9bfce6c9046234995ba89942,0,TRUE,TRUE,0
Tatoeba,85a2dc8a1abcf600c7b4acf677c3f57a9a54e6186f7e29b8414d00cb8bcf7224,0,TRUE,TRUE,0
Tatoeba,4f848969c069f0637b67dded30abeaf8274e1ddfee7f0192db4b201c844ce8c2,0,TRUE,TRUE,0
Tatoeba,914c35655e2e0d3fb1bf15699ac444a137c6bdf1548ff57114e54adac53e0532,0,TRUE,TRUE,0
Tatoeba,248e945c1ab1bd353064429f8bf2af2aeeb9f0b165b07d4f7965e75943cee997,0,TRUE,TRUE,0
Tatoeba,a8b3f25e349bf679c50feb2b29d8fe12a5b7f49963077ea8e4b6f0c3feb9c993,0,TRUE,TRUE,0
Tatoeba,c5358ff9236c260c5618105b4a28fa92cd772e0ef0976759628c2212d20140dc,0,TRUE,TRUE,0
Tatoeba,2a6cd98aa29ccae214b976f3d1cc3d6a896a5fc024bb08d41925b243eb7f9ae3,0,TRUE,TRUE,0
Tatoeba,53a309fe108160a89db25e147b6480918c694113a8bf5211f2f5e6e409651b99,0,TRUE,TRUE,0
Tatoeba,120d6b1bed33bcc1810b69210704f785408557a3d9e2d0a47dd1f2956de07bb4,0,TRUE,TRUE,0
Tatoeba,9caa21b559441623751926f679eb2d522a7dab1c4d76c419e80371c6de7f9d1d,0,TRUE,TRUE,0
Tatoeba,d69d9b7b55eff82ca5ed908f58ea57c479676f4bd9c94d0ddf44bc01b7207e71,0,TRUE,TRUE,0
Tatoeba,9a5f76b17c8eec2807b8dfb8a42c1269be76559d639fa94c79232e7a1a038519,0,TRUE,TRUE,0
Tatoeba,5b0259545ece38b4c20aa65e1087ba4695e6f7610df50083cf356cafda2fcf4b,0,TRUE,TRUE,0
Tatoeba,0053538d4443b60109197a1d46b410b114f44dcaba122a5ca169b537e9040f23,0,TRUE,TRUE,0
Tatoeba,d43f89c55e112de402c6287b43b8d218a4e03a2d8485a68ba97b848d2fd2c49b,1,TRUE,TRUE,0
Tatoeba,d201bbb514cc8c17618e8d861abe0e5cdfd390665473d9105e24dfb5749e9d93,0,TRUE,TRUE,0
Tatoeba,c5bfe05be78ed4919d9f0a2c533eb7241b8e3bbb98cb1502141bbb572f7f45e7,3,TRUE,TRUE,1
Tatoeba,0aa5f23c1d6eb3c0cd3c121fb520a4df51743085345ec04126e5e21b3a2d93af,1,TRUE,TRUE,0
Tatoeba,d6a08d9e242147e2ecca6086bdcbae20c561385caad991c0c384ddc9c703f45b,1,TRUE,TRUE,0
Tatoeba,cfd8581e90d036a7f081e5cd979bfca83e00e16feb4baf642e56690a35faf5c3,0,TRUE,TRUE,0
Tatoeba,e9ad3c53d32053402026a6265c5ed3552d6d75c30cfdac3aac10e7f7461c7235,0,TRUE,TRUE,0
Tatoeba,9f7257f7869d10d5acfbe1ad925904bed6bc07c18594045a5b47808d24d6bd77,0,TRUE,TRUE,0
Tatoeba,3025688018ada3415c53327911b4b7db5754b333fa9dd1723d8c71c5c4185471,0,TRUE,TRUE,0
Tatoeba,2d5905f9c8b4148eefebcd4ffb65ea1aa6c604ef9c5e36540d0b06216a29ae0a,0,TRUE,TRUE,0
Tatoeba,c7dd87a27fe7c20db83433bf9006dd8adfc244abf3f31bff730e77bb7c967ccb,1,TRUE,TRUE,0
Tatoeba,7f60629ef86d48027941e0db665f1326f5baa25770a449ed0b9f2d65ed21f67a,0,TRUE,TRUE,0
Tatoeba,6a14d7f284378efed8688ca17c3e2ac925a3a889349c10a0afb4cc5054303049,0,TRUE,TRUE,0
Tatoeba,82248b4e65dff1ebfab5b1cd3dc38459b8abc55c3ba9b66c2c752b2cbe28bf9e,2,TRUE,TRUE,0
Tatoeba,b00db67d88094d081c4b061f8835cc04fb1e49222c828a83e3f39cf8b5152575,0,TRUE,TRUE,0
Tatoeba,359e102c96de357edef6c5dcab817deefd03c6cd6ad4084d7623c27cbd6e9f3b,0,TRUE,TRUE,0
Tatoeba,7ff0f3a3a199f3f02ba2377f551b1c72b2063c70dbc9fe7289a6d7829e540238,0,TRUE,TRUE,0
Tatoeba,d30eb5dd4d88e78da6162ac8d912358a4b7eaf75f117e233ac3e6684dfdcaa5c,0,TRUE,TRUE,0
Tatoeba,c47e389d5447ea40c788878a8b19b4375aa7aa442880e7063f1c68f86c3e1e41,0,TRUE,TRUE,0
Tatoeba,16165a89170bdfc2f696676ab0235f265044311526d03191b02071deeb8f6a8c,0,TRUE,TRUE,0
Tatoeba,40bf2497c5fc919f47e14d7ae0e7de0f9ab466546ea7bc6e1621b5760de7c957,0,TRUE,TRUE,0
Tatoeba,67d5236bf05782dd53d0d4f243cb5c34d0e5e3b3914f219004aa19ee914639fd,0,TRUE,TRUE,0
Tatoeba,f40cdd65af7ef1bbc01d509796adb22d91dd2b706b8a801e1ad430aab03cd696,0,TRUE,TRUE,0
Tatoeba,b94b624394d95aefea235d78cba9b8be7321f274f540fb6eef232b587a5f846a,3,TRUE,TRUE,3
Tatoeba,b5582a4c4d533fe74b0cb64e2bfff99742aa0b5948d004150101f7fa214a5227,2,TRUE,TRUE,0
Tatoeba,3a9e24f5c0256e27cf8c8fc4f278f811de1c4fb418865096d50df3fe73df1111,0,TRUE,TRUE,0
Tatoeba,17a53ca7213206090deef79b24894d61609014c124545c1eb44de4af6f71a96c,1,TRUE,TRUE,0
Tatoeba,e9235413d0bd1e361473ad0f0caa236ed0a2be10193f850befb5fd57d2d5ff16,1,TRUE,TRUE,0
Tatoeba,13fbec423308dbfeb1b7606e753d18265b4b882365e03f8e88111650b332dd99,1,TRUE,TRUE,0
Tatoeba,14c15874ef4562d1e7e434645bd5ee9b3693a2f74bfe54c42e3fdede86067f2b,0,TRUE,TRUE,0
Tatoeba,58b6b5d657fe0876fc1f7dd07fb6a120647477327a6e05ae2f53cb1b5fe2eeec,0,TRUE,TRUE,0
Tatoeba,9faf0808fbd2da585a2b6dec824787eecf97629c5241c138a1bec9a0a2224b7f,2,TRUE,TRUE,2
Tatoeba,7ca56454335925f1816279ae4d8e71d80354e185f1ebe77a07154f2fa3df9d2b,0,TRUE,TRUE,0
Tatoeba,39ee0f4fbeb330f7fa61ef2fc7d511e4e4d849f7818f320935df849a102bc2a7,0,TRUE,TRUE,0
Tatoeba,3324f7689341790a1911537e409dc7c832dbc88c667dcdda24083dcfcd929a15,0,TRUE,TRUE,0
Tatoeba,5b93ac40c80381489b57457c376114008e9ffb6ba2241128d95b18e0f6772545,1,TRUE,TRUE,0
Tatoeba,189ac4ed2470543a1ea7c35e90adc3fb0ac6b4e0dbceb1a263a266b0ab315179,3,TRUE,TRUE,0
Tatoeba,afe41bb2aae738ffc37631820b3d298aa5d202fe0030ffe687e2413643cbb10c,1,TRUE,TRUE,0
Tatoeba,bc382b2d2466e8a02c6695255e7b7e9c81b439d4dca5f310955d77df268fb5fe,1,TRUE,TRUE,0
Tatoeba,282c2b0fdc3c92351f67e461d3d8a12a0b69f53fb4d71bc2359c337196aa67c7,1,TRUE,TRUE,0
Tatoeba,d2ef9f765105560356b06788e06bc88cb1956758356c3c33df1f96a065e8ac10,1,TRUE,TRUE,0
Tatoeba,8911635bc8ef299e61b1c4f084467acdadfb691e0111f28879cda703ce38c304,1,TRUE,TRUE,0
Tatoeba,9bc00ec0324ee34e7d8dfe6084c4ba6bb6230ba123f43d72e86f5e9016bbd8a6,1,TRUE,TRUE,0
Tatoeba,83abfb0215e20e41534f80a60c47c96fafe383ce90159c101a66850abf04e93b,0,TRUE,TRUE,0
Tatoeba,c28edc7aa5b9686730fd07ccd5e155b0b89723342bafb6694f9544abe5ccf467,0,TRUE,TRUE,0
Tatoeba,32bf1cbedfecb5d7de0d5afdb09cc13a8cd76827c2c967e4c69f933a667b494e,1,TRUE,TRUE,0
Tatoeba,f8b06f287d7f7e0185afe6c9f69c885c752719819ec62cb613ff334d2f3242f6,0,TRUE,TRUE,0
Tatoeba,c764c01034d573f3f3e3c9c86903829aab7132e90ee5dd215ca5489db570145d,3,TRUE,TRUE,0
Tatoeba,66d3bdc1427b7858201f30f74e2c2d834594ed9a8b99df06983fa9860a9a0fde,0,TRUE,TRUE,0
Tatoeba,d5f2de9017aa7983ea43b235786291ac1c8c294bd6eaa8634b2aa3a6b9c014ef,0,TRUE,TRUE,0
Tatoeba,d8c6de6f2e231997168397ed4c056cfc198beca705ff67ef5ba906c03cffc755,0,TRUE,TRUE,0
Tatoeba,d6f640be58b99343572a91a6bd9b57da4032b80e42c665efe5b1e24f0349f33c,0,TRUE,TRUE,0
Tatoeba,2a9c2d7691a34f73dcd5fcfd1d5610a9702d09b691b98db60f3143c254e49483,0,TRUE,TRUE,0
Tatoeba,e7b9e12a767da7ba048c13c88c5732c72ccda1721a10e8ec430f9cd77229ea2e,0,TRUE,TRUE,0
Tatoeba,437206aefc8be4c9b60ac33080e28d31207fe8c4435ebc0ba663f45e8dc81efe,0,TRUE,TRUE,0
Tatoeba,2b9c85db8d3a9afb609b4b9e3372ae1b54c3061015d6d5e4ece0fc2aca24874b,2,TRUE,TRUE,0
Tatoeba,94c39cf520b634a5949f6511294fbc70a8a512c4ccaf589d97452cc1475d1138,3,TRUE,TRUE,2
Tatoeba,317d861a76df7a54ad6cc3208b871144bcf2d7d00a2a80d1a449d6cb580dd3a6,0,TRUE,TRUE,0
Tatoeba,a7e65600ced10ae6bd7e66c81360a5d33a01fc80a48a2a8fa546d26692380449,0,TRUE,TRUE,0
Tatoeba,59654b24c6c647fce2f9d6137123303c41025e2c43a17fa9e1b6c57525371e56,0,TRUE,TRUE,0
Tatoeba,444b7d7366d3ec452a491951604b898e427b86b8d04d6b3f18a8fe2c30f1f562,1,TRUE,TRUE,0
Tatoeba,8ea9fd0b5921484a3a5e121bcf942178a2d56844536ab649720c651c759970fd,0,TRUE,TRUE,0
Tatoeba,3eaa60a38d0cd6b8ffd16389c000a5aeb58bdf08065b12a167846c8e6f98dce1,0,TRUE,TRUE,0
Tatoeba,01f41d8d12c96378d4d5d818508b2c5c43984bed0fc5515ac8ed8d4bd308e609,1,TRUE,TRUE,0
Tatoeba,806d85b9aad3ee3068cb0f4ade866d2d586c108ef824559cb6b3e1d59de79c3f,0,TRUE,TRUE,0
Tatoeba,d6dc8390328a6a569bf8da2c55d8fb180aa5655387dc62e2486ea96062eee449,0,TRUE,TRUE,0
Tatoeba,361d5a432926c866da90a8633c97e1e6b6c98a9d7553219055de0b67689fbe79,1,TRUE,TRUE,0
Tatoeba,d9454d683122c3538c15e9c582c5dbca67072b45825b7aaf9ba0d1c3f02d6eef,0,TRUE,TRUE,0
Tatoeba,d774dc1ae8c9daa941fdbabf1ad28a4b3d7111ae5a5e03bf396f5390b3e484c7,0,TRUE,TRUE,0
Tatoeba,e7cf66cf21a23a3dcc69ce9213d3557f12ff62570ac5b5b6b10c75d4bff7490e,1,TRUE,TRUE,2
Tatoeba,398474dda6d75f1f956d104f3210a4c085503fe3b9e172619001bf45122d7289,1,TRUE,TRUE,0
Tatoeba,c8f34edc4556bcc0b99b47442c17300adf1a58f3d591bb72fe3ad1c99ad6bb40,2,TRUE,TRUE,0
Tatoeba,b8f01ad6b64f619635967abca4f4e13c37668fe360f72b1a8fe665ab8df2666a,0,TRUE,TRUE,0
Tatoeba,1441116173ecf94b600197ff207d07e3cc1518d32a571ca94a8cb8ca56984c3b,0,TRUE,TRUE,0
Tatoeba,cba1d1162e2b162f51b8fd1ba07921ab90d89ee3e99c060772343cb260906a75,0,TRUE,TRUE,0
Tatoeba,bfc7b5537a470ae9acf00a954ed802f16da14ad4ad6750cc6c11edcf0eb134cb,1,TRUE,TRUE,0
Tatoeba,a1d5f50907c39bd9ba02fb355ccfb164dade336f524b78267796837c728d2573,0,TRUE,TRUE,0
Tatoeba,ab9fefdc85963fb9a4078998cc8a49c61f409567f10818a7ab225bc7ba1f60ee,0,TRUE,TRUE,0
Tatoeba,c75db08caab6277f04b95383200cd75dd342a5f9b04f4a53df3439eccdf74d0d,1,TRUE,TRUE,0
Tatoeba,f141b52b8a9e0067c69b46cdf130abf3fd4bedd77243cccd7e76070e3b82c3c2,0,TRUE,TRUE,0
Tatoeba,96e17a7b38cf5bf900d1994e19cc57cd9e4f352bd4e31ca6c00dbb3e5abbcb47,0,TRUE,TRUE,0
Tatoeba,ea3f674568863312cd3af9b4c75826d6e8824d082d24124860f960f1ad80245f,1,TRUE,TRUE,1
