source,line_hash,rank,milliseconds,candidate_count
blogs,f27ea2d29c7104c919b3db28c6665a75f06509e20abfce2a096f6bd7fdee17a5,5,106.63200000999495,74
blogs,2e33f63c7626dbc369773847be674268e62ff845811d0f1a707abb82d030fda8,0,109.52180001186207,73
blogs,3a5c23d72140c92c25f4fbd08b9ac0feecee320dc88c6ee630121fbb1dc7ba3f,1,113.6047000036342,80
blogs,150f418fb152be9cb918f6a5cddb03c13ba3de68e7a2ad474b9d73f9888b10db,5,125.01289999636356,74
blogs,379382c7ed6229fb6a69c6e7589b03d3240417a25dc4be8d5bfa25a7d0e6a114,1,118.41940000886098,75
blogs,1a3d0e172a1fcc90d98522daac9c53c1add1ae3f5e1b59bfafdbaf7f15ea7e13,4,114.38410000118893,72
blogs,b1bdb15784994402f4445749c82f4d5fa4972fe0ae3f775cd198f3db707ed5c7,0,125.10440000914969,82
blogs,75ec673b2b31cde02d81eb99e409f3c60f43ed1afdb8d3477a01196e43e64dc7,6,106.18539999995846,79
blogs,640a825583d8a72a7cd2175016d14e07d28d2bdd55709dbc8634270dfaec9da5,0,113.48500000895001,80
blogs,91507145be5cf1fad2815adf342860b6bdac455d8db048b0374aa8c35cea72ae,1,117.4139000067953,85
blogs,b72474f50716169e9748a2eb8e76b7ab5e47c06dda75b8e74db7920d216f09bc,0,112.57320000731852,81
blogs,4e8895ae50463f9bb1588854743dfddeff57c6d568879614efeb3e276882ab37,5,114.0159000060521,76
blogs,8334b4540dfa719754aa0de65ed2e2986c1843ed87663872cd9a57a7753146d8,5,128.3019999973476,78
blogs,c32c3e1300b8358f8bf7ec24bd106bbef01d3579e2c273272d5efc7b145fa792,4,118.06620001152623,74
blogs,41b8bc114e6a873a647502ff550d0b54a9f7fdb2fdb10bff657a8df21d400073,0,109.92489999625832,90
blogs,b57186493fa3a2c547d996aa77e54272d923628b38b4516aea24441809f9338e,26,171.34630000509787,78
blogs,6fda27b4519c3b1f949aa789fafd4633a2f4715428108f635f869b6f6abb47e4,0,107.73569998855237,87
blogs,8e31aa2486bd2af28e15adf7c3e90c3c5b00791a9a32397ade5784dc34970532,2,117.42019999655895,81
blogs,7d7f9e354d8330b014d1ef7c7cb1d9701045bc373464c2dff27577df2203228f,0,117.31250000593718,87
blogs,32cd52cb54a0a85df0b971cd8c0dec12b0e8fca77376c9ed9eed5d52992e76d9,0,117.5511000037659,81
blogs,3f11bb930af28be6636d3b7d33c9d93c16b75c68d23c735cac8a5f410b6e3565,24,119.9754999979632,69
blogs,c3c80837aa0856c9606e04dcab979b22143dbe7815d5c469b05d365064138398,0,131.8353999959072,73
blogs,f9c18fac0730e3adf3d480213575a4cbb220eb2947050930de7197229981d9fd,1,125.96429999393877,83
blogs,3de6e4df992e71eb825eca79e7a59069fc50a064448f89979e471bcc3c22ba75,3,156.11349999380764,92
blogs,cd672f6d7025d9ad0026cbba9bb3fe3ed6e71093ac88175f8ac2bc4e94f32a5a,1,165.08380000595935,74
blogs,ffffbefc9a109669ff1a3ad2756ffb1b534daee5f90fa1162e36b37538116f43,0,122.84149999322835,74
blogs,bf42c863d826b55a8070e1b8271fe6f2e04ddbc417207c1f1eb541701a91196f,1,120.51930000598077,76
blogs,d67f3e27829d44de0441ec7eed10ea7e2c56c932e9f84f5bd174bd098965c994,0,120.00530000659637,86
blogs,0989b5237eb48e59cad83dca5762b211d7ce5641230183f24ce883fe76205abd,1,119.52440001186915,80
blogs,5cd9b83ec4ed2b0d02e2007d2c0408dba6b5ac9fc94263f469660eb274c34f1b,17,118.17339999834076,82
blogs,dce1fad10ecb15835e20e771fa9582bbfa84509f2029a76bc26617a09e82b6b4,1,129.24099998781458,87
blogs,cf963c65aa4e6aec5caff27f73e21a65cd1c496deca38dead971f519caa4a10f,4,158.674999998766,71
blogs,eb9f5bb77c9a3c3e31f269b25b42f96b69b7430186e38f0867f9015ccaa73417,0,150.42839999659918,87
blogs,bd8985b74110ad26e2fc4ca3546ed2b4395d03a592c0585c2d7de7e26f1fab49,53,116.89380000461824,83
blogs,7cc50f2dcfa90fef70167174027dcc0a2745896138b6bca25927ca90a44949c9,13,124.73210001189727,92
blogs,1c5951e89a7e0d1267c533d6451876a1334d82fe301be34c567c2f0ab8d99491,1,120.24649999511894,82
blogs,b25f994e529814b9fdf2bb21c64f49575041399a9bbcac0b4eea0554023236f1,0,149.30570000433363,73
blogs,7a3925616ed56a8b85d5847676ae5aa6555e924f9eafdd9a0c743f1a2e30b300,0,109.87289999320637,81
blogs,7ed840123b75f79024bc8d1dc218fd0f321c243a4f61574d890d2d41b9ef8f5c,0,115.17889999959152,78
blogs,352c4a5237c0f7936acfceaf5fcb6ad851c1ec3bec851f002f8f2afc631ec909,0,118.89369999698829,77
blogs,d2060adc06b000c7a152cb9ebd9c97fc8482baccbb7d26a051b8c99ecedb0020,0,119.9818999884883,69
blogs,48a8a3b3ef24a02d736f34936f68558dd17258253c096871ec4c33fd0feda660,0,120.4652000014903,67
blogs,19d04f212bb0c9a83fc08d9844cccf7fa83000c4c8f5d5bf0bacd5a1bfdbcfe1,0,118.3413999970071,69
blogs,7cc7aa0a9cd8c2f9e0ad4e8bdde615c25d284ba8b1ce1e13bc16ad6ea987bf57,2,114.54059999960009,83
blogs,8af68e87d85431bd6bc7a862171855c16c0791857530d46d4dfec1deddc23696,0,122.90129999746569,73
blogs,f4f91a0016cfe63d6bc462744ca56478e36afc5c906dfa42905d004ead7ac90a,2,128.46530000388157,85
blogs,d5054b72c01dd6e1d22489654daa3ef8d380be567c39326fe54107968958b2e0,2,120.70759999915026,88
blogs,bb30fe263c00366818d0e6d06bfd8e9569b764d3ccb1384e3a002358c31381ae,1,202.4715000006836,82
blogs,d267074911573a6de4266cd018b5ff9d916c188df7e0bc04617ed99ed72e7548,1,111.35289999947418,75
blogs,289ecbb05bd1df116b388dfce818a704ce3b45504536e71478dbb35484478a89,1,116.15470000833739,89
blogs,27b71126ec92112afb54eb000137182029bfcd0ebc3d6dbd6cd6d9483e3a4234,0,109.27219998848159,69
blogs,ddede43370fa553ae2705c278f52107fabdba65412378756953c6d27913bcf0a,12,117.78719999711029,79
blogs,5918f37fca3c7089c9f83756790ef55fa02549c3383a53e67e7ec28401bb412b,3,141.51739999942947,81
blogs,2a2c45f7d25bf1f3be66a95a02a88f42d3b03e2016e5bce15e735cc9c26910a8,1,137.0617999928072,82
blogs,1b318a52a1fc587e9425cc21811759c771ea51381d41a018d6a4bd3d02cc45ae,1,116.23479999252595,77
blogs,580589c89a508ed2f4b1766886ba623bec667f18bbb282189b3d36ecd412209c,47,127.47989999479614,77
blogs,50b9d5391f73c1fe0c14b262ff5abeb64fa1e880491b3cdf9736900d8f29a7a3,1,116.93040000682231,77
blogs,929846bf043468a80ab4f13004e997e29b18248e39cd61f60c2f2483e82ae9d9,0,117.63779999455437,83
blogs,361aa83793b17e1cb64a7e78bebe2c9dde88d0751b7ef508242823501bf26cf1,2,117.76549999194685,79
blogs,0ec1f7437566873287fb4ce2337545d15b04fc9859d7c9df732eaf3828b639ff,1,156.3155000039842,73
blogs,8a408670d1fffe106c3249c50114ed0ee76b8aba4d1cea1ba97bbef380613c9a,2,123.12709999969229,86
blogs,d3aa691ddc018a6d5fadf674929c511806af19a69aa261d8c173c0ea587b5c3f,1,139.10990000294987,73
blogs,59d0f2409d827263bcda66b91fcabe32b1ef885a9550d6898df2a271a5ec034d,0,120.37989999225829,75
blogs,c49d87c5affe4e36ae34217c03e51abadf80293b674c00e50068902705ba16ca,0,113.09539999638218,87
blogs,769d17e744efc9f359f472b33b7eb105cfeacd41c8a520c02c0c4aadd552c805,4,126.86540000140667,86
blogs,14fc8df07a8d53d992cd72761a6265695f6c1fdeced1febb4fa01fc775b2777e,1,142.48949999455363,74
blogs,83a1203467cbe6489cac8a50d562ea477b423c9ebb81fd31272f9342e90ffc34,8,157.08390000509098,84
blogs,6d5ed27525ca9d74933058c30ac43026dc1e3f55835b8ebe864d70b14add954c,3,129.16409999888856,81
blogs,a84b2495026668563d2d2b80e26c295978500cb674de72c200fcd9aa5d99ab93,0,115.42590000317432,84
blogs,f388cd77a4ea5c2114bec4dec6f7757e3b4fbae9eb400d8097f0d77d02748e35,1,209.87729998887517,76
blogs,e950195b249e4732f401a15b796b714944447b9025203d3108daf112473e750e,0,109.59549999097362,82
blogs,5ddc58f751c00ce74fe573241d6f045e9a5c1e0e56b5d4d43fb3f7a0556007a1,0,115.37729999690782,87
blogs,3e691c6574767bc1494057f084358db0f018e395f8195813f147b4177033d5bf,0,169.37980000511743,91
blogs,50c3f1c845a617b0e1552789043c90e959d925ed130f6f05de05d4c07d96a2b7,1,126.32560000929516,80
blogs,4054deecb174f717e2fe6fe7bd4095a27d06200b8043af5b7d915eb985ef27a3,1,132.7986999967834,69
blogs,e7e127780d035bd0c76f2ac65a8d93edc08d0bd8ee5b7014ad0f28d53b615cdd,30,124.77409999701194,72
blogs,0999a671801d5c56c9233b675d4d7065e41fde5cde8dd4a5a64a1220029d3e22,4,129.2663999920478,79
blogs,67220dc16dbbefd83c149fb4bd803213d89492cd5fc9f6acec32669b8f0253fe,1,108.71340001176577,74
blogs,764597b8401ca8bd3f09abd8c82151731453da8f44bdc36f11bb4997b73165d2,0,118.48470001132227,75
blogs,75fbc187e71ed80033bdace43c3626ab186cb429aaca32b6f08c9b1b0b8444b6,2,125.52489999507088,74
blogs,cd15e561e7fc867b9c2e835e800154bd0be757e6d640fadc314f677476e5b7b5,0,109.98609999660403,86
blogs,ae8bf5c69965afe9d176327f89b31a40337814b960d80ae01bc968dd46cc3349,3,124.52830000256654,77
blogs,249ceba8002b87707e882c3b63b9feb25d5764164d7de7b50b6a4e442032994b,0,113.88350000197534,80
blogs,088086dcb5715f8edea12bf99b220bd79151ef92d8d5639b9ce6ff2af750aa3c,1,141.61299999977928,81
blogs,535e5a5dfe34014f1aa3060f920ac58e2b09d9acea67a8f520c8f578cbe60864,2,113.61770000075921,85
blogs,69d90146172c7597139af760c5db39978c46da358088125d8d8018e407866988,2,116.06040000333451,85
blogs,30a9f0776e80a74797c413ea192774c5b1e6e0e956f224b86e82f54713ec3e08,5,117.35820000467356,81
blogs,f90f6dbdc4c899da2381c21acdcbcba25e82f0028d37b93e8e9c2b37b334b20b,0,110.77169999771286,90
blogs,67a5c87095d7430d61a213350a487b0accdd17112ceed832ba93af6dc39b3e4d,1,110.10570000507869,82
blogs,eb7d4242ad15e73cca7b4e53af9564d1a63b6a510e7a56c218d37b0d625547f8,11,159.28059999714606,86
blogs,b8daf113cf9a3b6204e823218b188ffcbfa85bf1e8b8f9d229d75376f9be2ee5,4,140.1112000021385,80
blogs,95124b3051baf8659f3adaebbdb44983593a0997272bee4d373b5bc38414521f,0,124.1749000037089,87
blogs,282b497fbec0178811613bbdba5ff9eec0c1ee54a0094898833227e3195cc29c,0,111.60760000348091,82
blogs,509296d7af69829fce10c4fd63587460123a0b8af109b6cb341c049eaba5f153,1,137.113099990529,68
blogs,a7b1855e998e5636d2a0ea7547dbefcac979b5cd94d74c0ecf03157e070feca3,7,118.80529999325518,76
blogs,67a15e555ce8350272b10576f900f5bbf03ba45fcdc6732e5989f6021fd1c734,8,107.68990000360645,81
blogs,ffc6a00a75bcc4917e4e5405de5b513c8567c6ff1c829ba5510ed5166a084c1b,1,169.56090000167023,78
blogs,6bb422a226d7c6f7d2a40d30f944587021e16c54880bcf2b3e0743660ea40c56,34,128.33760000648908,78
blogs,057f13ec60395b2844f2b28f3d1291cf3e85e1064f584ee4e0e2a85179a21d5e,1,155.60630000254605,71
blogs,7313906fc7c18edc1cf436c1f991cd4fef7cf0778b3cd69a6e5b24f5aa353540,0,152.64009998645633,85
blogs,97e5167a0cd7d3e8ca22727841a734bdb5bd80e62a3d8258538561178346eb78,21,136.1525999964215,93
blogs,d79c04c6f0e22149c1c9006a42e3e9c7f9df76cb6e1390cfdcebabcbb51bb8a9,2,110.74780000490136,75
blogs,4dd737184fc361b8cf976ef430f2dd21985f4e868137c42a996e8e3e695ccd95,2,134.22319998790044,90
blogs,ac9a8a0d3cfe9c7bb2f3b752bf5c26ab3c69ed2f372c9839e4d8b1fbf6ed0331,1,113.03059999772813,84
blogs,9dbee1eacb6a2dc2637f5fc3d44059ea4bcf626edc2c4f21d738ac16c883e40a,0,120.39529999310616,79
blogs,62a099be03468391755a96421abbe0f9e5b0162d527f2962dcdadf8c95573dcd,3,132.32580000476446,86
blogs,091877a1635d9a665633883b50bd5dc36bc5ca9e5585d0983bb1a29b4a8c3d1e,1,121.65689999528695,79
blogs,9c8d9ad6fa9079fd13f306d57eee0dc27528927bc26c393dd88fe8a4394bd34b,5,146.5291999920737,87
blogs,a891f0e31026aea17b7e618ecb1770f88745de47af609e61c3c463d370c1008d,42,135.5776000127662,83
blogs,5d92b68393bbdb849fc1ebfad9c6b34cd6538758370ddc7ad3629fced60a5d7f,1,115.75109999103006,75
blogs,74dfb95052a454d55132e41c8b4dcaef8477b01e8c7ab901d723b5f0e161b6e2,1,110.13610000372864,86
blogs,8cd3930f92a0a8ebcb133d931ebe48117c56b2235e341a4583296c55f8c9e250,3,131.11339999886695,73
blogs,30490f8f285188f117b5dc1339c3693c23a69819f1a0ee69322f604d9ec499eb,1,123.7018999963766,79
blogs,24d039524a223ce53179db33269afa83fdae9e4d5d1e4ab8858082ff731c2a15,0,126.27889998839237,72
blogs,f4d9e25f742070aec6a949d7197d30714a6a67b120226b3d1eaf85136351db0c,1,150.01959999790415,86
blogs,6a4e3a33617c4fe6ab7ef6486f850708e32ea6014ca3d9c67dc608012463a971,15,137.62730000598822,70
blogs,301733dbfab361290501489be559d8c81ed730e6b752acea9cfe4fcaf92b9900,2,117.22970000118949,75
blogs,e9d59ebbbf86bfaf89c2a88befb5ab14401779a524e927d619a1ab87e0d8bba2,38,125.91109999630135,77
blogs,5dbfe67d0d54de168c6c7693cf911b389b643c7605560d75c61dcc324cb7c9f9,0,132.76219999534078,90
blogs,2bc6ee6e94906badea024b70b2aac8873e18f8f12396aa3e20a49321e0c12021,5,121.22700001054909,88
blogs,ff60fd0c2b5a8c0d0e293887350048ce6489caf891ebef6202418289bce6e77b,0,123.51539998780936,78
blogs,944a591a2802feee58d0ee711428ff20c4f16e702aa72d72ea4fc1c77057c67e,6,123.0407999973977,80
blogs,beef00b6a3aa10e4e2713d2e117c6719e5cb12f4b8b0a792a21f714430ed2461,13,148.81070000410546,88
blogs,19e0072349b355cd43d26b51eadf2572e236292a915cd0aa89f9925e0f5698ab,18,145.43180000327993,74
blogs,8ef449862b952c2f06d7826273498842fcab93118caae140feddbdbe83c8041c,0,134.4593999965582,90
blogs,320adf1e1f032ade513e367aced54481158d7c681490476bb74e6b441fbb3bab,4,115.9514000028139,72
blogs,c6d4ce500ccf0dc7143630ddf7223fb8b6b76bfa002279192c3545fdb861acb6,13,110.00939999939874,77
blogs,15f360109886ff0f2398f4d545d27e15c381c7503de8c07a802bdc9a087b07fc,1,115.5051999958232,84
blogs,e3791dab62432b0c9d68c62beb88e6e1ccd7edd5db8d9e4ac1abd8c0702be29e,2,121.22069999168161,69
blogs,43d332dee0b904d3c1628d681c718914a3a73d93364206589288c37e89b50d76,12,116.63340000086464,79
blogs,5dd00d3232116b0907ceba5c43642c30d11be8c789c72e3f8564adffbc66023a,14,124.07420000818092,73
blogs,c433dc10bed170d2610880bff6d5d7da9a684d3c8988c279672f97489717f38a,3,143.60290000331588,79
blogs,451722abcc2bdcd0e5cb1f504d40f921e803606a0a2a01ae74a833a2677bfe21,0,130.62290000380017,88
blogs,438dfe05145e2bfe0049ede47edccf11088ea8d06067ee48d0cc70c4cf10712e,0,122.64480000885669,84
blogs,06a5c73a7734d956a1b27794f679da9667df483aca4d715063af2d78edb2095e,5,141.22479999787174,85
blogs,da2ec48c8e7089305013b793d4e852d26eaddb6f08b1c9e52eea32c50b80818d,2,116.30429999786429,82
blogs,a7e42b1871c48384f4c2dfb5293403f48ec9efc1cf0ca6c9b5d283a0ec871daa,14,176.73010000726208,78
blogs,4b8c6b4cbab8492c1c03e6e11f89dc2fe2b4a48390af288c1a01e91b3a09706c,0,113.63240001082886,79
blogs,81ab4d2a755bb70f92120ee3d8eb11095d8d9b27eb22b5c5faed15f0963db1c6,0,125.39980000292417,90
blogs,a4330c45c8991563700271f6f8b8e220f41119f7eb838e5413b94b5a4a73e962,0,123.27369999547955,87
blogs,76cedcf8ab9c21f8b1389d7ece4b23b7e7a2d05965cd0ae3862b9f74e3a62504,0,127.91009999637026,86
blogs,179ec92938bfecceef666117b544d94386d97b6edd1f0a343cf1957f3a395bd8,3,126.48629999603145,81
blogs,ae8ab4794661237a7a3384e23b25a1ed1045fa9c7ffb13456fbd63d1c3112065,1,121.62520000129007,70
blogs,fd4b176499e87ac7ba1fd7ab79f3d65a409c50e2542a933c90a8d17c6acdfdf4,1,135.71170000068378,73
blogs,05cd15e66d0926b7d521b824a542ddd09ad264d663e67ccbc53cd72f8a85a3c7,0,140.896500000963,86
blogs,cbdaf8d123838f408601324e84b4ca29b11ca226f400da1b2e7db52da552012a,10,136.12869998905808,83
blogs,0ea53809eccb3a953b4e8be7cf5159b0b7a3653187b3d59177b599770d546c1c,1,138.95889998821076,78
blogs,285c8d26edf037e359c00d0152bf525bced924549c300a89327df90b43ab0112,26,134.6313999965787,68
blogs,dc0990e106cfefb238974b070a67cb06aa19ab22ca4c1d7b2568b2ac48840f55,0,162.34749999421183,82
blogs,2310f9018f334d5cea26c51572604ee994ba0f75067ad4e55f60b051720eb666,1,126.49389999569394,87
blogs,ed1730a70dd632b9c1f59f50100c1039da72f55f8cb9f7da3fdf1d49c9e04fb0,1,142.42589999048505,79
blogs,b91c60eefa07efc8d8c766b76dd128ca4a516d7c24cf713f1b5f3064169935e2,24,121.17589999979828,79
blogs,0c6dd475cb7252e558272ed5476de7ec6792bdc4fde6bbede235965bfe6f5080,6,148.8297999894712,77
blogs,b04ed46d0f25dfef118ccab2a0ea2635e5d2c55ad0a77ed20858623e46b686ed,0,123.04950000543613,69
blogs,d4b71e71cae5e44e4118081553ec5530ee80dce7a886c85749d9e45377fe699c,27,194.2812000052072,88
blogs,819892f3f9c07c0b6ecc3bbfde5dc87757f4a7c446f8bf6430a38284ec3786f2,29,137.27680000010878,86
blogs,b5b776f2980c8378cb1f2834e76e814863e4b7411f5de5b9493cbf1430db1fda,26,114.83020000741817,79
blogs,181e694b77fc212dac9d06987bbeeffa7e9aaf649b8a06eb3cd97de3ecf0d4a2,27,116.6537000099197,71
blogs,816866080550f09f99095e912c60005960caff3b6aeaeca9f6f643f77caf856e,2,116.02869999478571,81
blogs,b40e9b17841eed5a6bf44e893dd5557121bd34ddea8bbfc9b36047d0f351938e,7,120.17499998910353,79
blogs,2bde01ba2ca285280be21974bb2e818ec57704b1a06bd18594851fa19afa68f3,1,210.33270000771154,90
blogs,0df4a64477ae5b424ff425316f9868d2cd3af3672519dbcb50a7eaec81655be2,22,128.3852000051411,87
blogs,75b9bc23fa68a45c5cbb5357bdd745a44b141fe9cd1baca335426cb31bd26ac2,9,198.55110000935383,73
blogs,41c11852c3d7f62f07a039d1a1353a98b852abb90e4cec23d5d062f5956925c3,1,130.03040000330657,78
blogs,fe647385e8934d869c08d261ba262604a358a7082418ec109d6a3917992de0ce,0,142.59709999896586,93
blogs,cabc98d4eebefe718f9bb866ac66dd8d3314f88b39d4c5a53ab8c13e188e5d42,15,128.76649999816436,84
blogs,9134bc3a8054df8751179dad332786de55d8d30cc5836cc9f7cf5e2da9efa5df,4,119.75440000242088,82
blogs,8a3a45ac9c16931b8304e58742820a06356dab7e3180d238153ad969014baf7b,40,118.43679999583401,71
blogs,6ae9a8233ae0006692e733fab7dbe811f257308042e32824cb1f91a858c9b7ad,30,107.67810000106692,77
blogs,c8239036c7ba0f97df365063fb3ff245075aedc7576879a800cb5ef00a5dcf57,1,120.79990000347607,78
blogs,7d03b2aca820442d1dd4ed0758332bbf7c0221d6fc21adbdce3f3770b285ae6a,0,129.90730001183692,87
blogs,834f59365e75020a10a53d47e8e8ad53d12910d3ee6d4b5ff3c7c32bcdfbf393,5,131.1072999960743,76
blogs,c80f10ca557aefbfa87690f531b64b36706a0a3def3a7f273afe4fbde70f3e71,1,117.85319999034982,72
blogs,85b823a7393ea003b8c1fd3cf03bcae450129384d78f6ebf341f48f63e33b66e,0,123.3014000026742,75
blogs,8c62b466ff3e7bad679361a0c4a94c8e8d1c980db7d24f1a942c3cea49c9d9cd,11,122.31239999528043,82
blogs,2225ec3cbc148f64c837bd4f0dfa7ca8d15d475f90d759ac9d6746e670f48b58,44,168.76260000572074,75
blogs,78ce70ab8fcd0433ee30382fe3d07bfa99bcc9551dbaadaf1bce0ff3b72043d2,7,138.3408999972744,74
blogs,87877f6b81280379d0fc181f082d80c0a7fc942a8038c03eb870ce02c115e670,0,119.47180000424851,91
blogs,d58f95aac1deaa47a480250ca69c64722f6033cf98241eb12c54075b4e8c0cbf,0,127.53699999302626,73
blogs,02822979e79f67ce6acf619f7ac6f6811666876fb03211931a0d22f5e2f357c9,1,127.5232999905711,72
blogs,62398e7fe9510a2356e4ac9a0605e35d2f75d6537c9e5f6a0ef16a11df64f3c2,2,119.16650000785012,86
blogs,125a21d647198b9a9b4e532e1c21173099b5b77a2505eca5d495dd18b38ee645,20,126.37739999627229,82
blogs,4d0020fcf352e469a312236972f4d1d7fcc55128719c4b47a8c3279484cc2335,20,161.54649999225512,87
blogs,ff506e4767af50216ac5a9b0569f13991d6dfa9ea57ac2e3a34de3687712c5ae,30,130.54729999566916,72
blogs,94231909c40f07766cf97675658be0eb54956ef50a074d39a685824e15438b3d,1,138.8701999967452,71
blogs,49a0ee2e414502b63d9df3d56c069e4f3895b41506ade52623cda2dacae3f022,48,120.2530000009574,72
blogs,48c2d41352191f36f12cce7ff0364f45f7fe2c0830b9313412e361daa76b25cf,1,124.79709999752231,74
blogs,c5dc16b9b66ed2581bfd3b55c3b434c368c281fe8da26099c3f65a756d49d2d3,5,119.32159999560099,85
blogs,25bf1823372cac021e74991c577919cb77df32328e8310f6891118e46f7b0afe,29,138.84800000232644,79
blogs,99297c1b0394f506185f5c7caf08666e663565bdd3b300b86e65fd4fff2bd1f7,22,128.34470000234433,89
blogs,78b55d6b0f18438c47e60fce7e1b4234a0a7375c0f83b3afab4cb125ace2f96b,0,159.32710000197403,74
blogs,4e56cdabed510a78bff69e4e7dd0386e670d803935709b84e3166dd1c4e2b39a,52,164.51030000462197,96
blogs,81a2e1df0e2008e3c66562bcfbae4a8fce030a337c9503eaf7744a0ec5a3aeca,2,122.61679999937769,86
blogs,21fc094822685d1b42829562e9b20fc04500bc9ffe43ac0caaf104448e242180,0,114.18410000624135,70
blogs,99dba9a6a0e3d175783facc4da880a998e55a6ba3191f9e797e333df760e04c1,1,139.74709999456536,77
blogs,9c80a57bf0374f50d9139dde80c889481b2fdf9f5e1f66e2f0dede2504e7fc11,0,142.62879999296274,85
blogs,d6732e82c7c7c93932196cca218a17cc01d85c909e5c3a596ce816c8c176499b,0,134.11220000125468,85
blogs,c329ccf68f3d1473f59497cd2ddeb670fa914c495cf411ba9cafb25a93a3d917,1,136.41849999839906,84
blogs,3b84ebce6ba992d9e3dadeed4c7f7c006a25dbb0cc7d08f2d44fd0d71b97a2df,1,126.66510000417475,77
blogs,c42b839afbb205b2384d1dd940a6e59e0a1f362d1c8ace78dddde19b54cf800d,31,152.04659999290016,89
news,39689551a658251ab71594ed7115c7a6509428446424c987ef0334f4e1259cf2,3,133.71689998893999,91
news,6c2ecc04f145627cf6e3af34bbf5fceab3446b954aeb6d2cd83bc149efeee194,2,129.33839998731855,76
news,f294c79166f854531a597096235f35d4b90621bd2f1e6c1a36bfe2a7caa6c144,1,138.6536000063643,83
news,1a66f0288092379e7c51f0169eb3e0aee0a661d07e1c3cae13f925c8e58ac0e4,1,122.15150000702124,73
news,ca147c951ee4d9853546c34222eed78802527f4887856cd2889ec07a345d7ce5,1,116.89669999759644,93
news,839e8f0cc656dd3309e4dd0144311fd085253962f1976a46ed9512608f19c2af,0,137.77999999001622,83
news,37ad009ab98fd6a08ca9c0f908964a8e4d48070a2b1a95f160564e77129f44fa,1,138.2722999987891,80
news,f78e73021a8caef1bc4e6c5f91f0e1da70aaf340c6b7934383b441f2acb63b44,1,119.72349999996368,71
news,0e66323d8a74c4a0cbc1cc636b10af05c0e4b1d5f0c292d173d9ba8dd631f354,12,158.59039999486413,92
news,d823d0c6826a6086c07837b8b036ff2d50385575f290b3819667e1a10f821493,0,125.02920000406448,87
news,4fae3c1054dbe16a575cadd9751ac2f041699c12fcc82d694f84aecd55924d2d,1,131.16079999599606,86
news,861cf299c1c71a57e4d6df354d502abb6a141bd5b898a80075a0061ed593626a,0,123.78799999714829,83
news,2a1cfd24662a05e21a6c424c5596896e1e849e72e0350d176c4594c175ed6b3c,0,130.11399999959394,85
news,02abbfee4ecb9712806b34f90968f8ca0bf1879fd88f601a90ae7adcb0e6712e,20,113.62080000981223,86
news,4c44ce85b112b78e0dd597b040cfaeaba8389a76a5cbcd5d9cea8a2d9a76780b,29,133.86839999293443,91
news,c8a428b6be6f1549d9a18da4fdb08bbd464801a9817516283c0d7f1630bbffe2,5,122.09720000100788,85
news,646077b12ef792901090b66ed5252595010e1c765fed1db784bf60d80b2a88b7,2,137.2420000116108,88
news,54584530ecb30860adbb367cc94c8b191e75dde863942b9140fe71b653393e20,0,129.59039999987,85
news,144ca05566dd24f560b15b10ca2c972157001d5edbca186ef1fe1282f095aa57,1,128.59140000364278,78
news,e4928570ac166b05d2c0d2c972359b12530aa8a4a4c4a740ee7e0b47b9830f2a,3,151.76419999625068,85
news,5f95e525324509c46723ab472dcf0774885b260f53ca88dcde746c4e4dbf6e13,1,132.84559999010526,72
news,28eb0c6c3f4ca7829380954075933745835cafad3213297117ae208557e3a2b4,2,134.26520000211895,84
news,116018768100217f6dd4602cbfe1bbc9f984a0995184125aaf534cc4e3c02ce6,0,129.87809999322053,87
news,74afef640a8ed3d4f81b202dd5c709962ff35e59d64611c6a3664e958bd2657b,1,131.8304000014905,81
news,fa5593f7c18481c876ea98d640194154c73a228e380bb0866da5c84f08192406,6,119.74819999886677,76
news,c45b0eff06db86efa4bafb956f1067864fd56b76b36070c495224c147bf4eafa,18,116.31680000573397,78
news,1ddbfc8f4c1accec06540a7fb736a07af895a1c94a91a5e9859d26c91c9d6966,5,138.09649999893736,72
news,6c3cad1556b7e83c07251cfa4de64c231d1ac17e5947bb5097ac3defb6a0647f,26,133.94749999861233,75
news,c34774d56b228e4fc9c4f199ade1c835628d0738134b7bee7d00c169e6c716b3,0,155.8233000105247,91
news,b7fc5d7c188768e544f34bfb6c778758335fe0c557d5aea0e9afa66e614d7441,6,152.488199993968,82
news,5da581c2742ad2fcd1e8419d98b57e7f05b774ca3117e5e31379e4122555fc90,0,148.07649998692796,81
news,3716bd14c457d7c87865150d23fcfae71b98fe678b64bdfca1e916c6ba3d2967,0,138.22490000166,88
news,6bb9d51f8283f9bc67d71f02e3550bfe3b4898a1926a6c28621b624fbdbc5e72,0,130.045700003393,88
news,b37171009697f46f3e536bd1cd7b4f693bb79682e5bd19a4efee4a1ad47cf74a,4,131.46479999704752,84
news,bdee0a11fda5eed2e0e46ef128d02422b536a091fa35255f6cf793b324f760f2,1,161.63719999894965,73
news,3dbcba6a0e5c5ff8c8b61723f7a238e47f19bdf87f30208a7e00e311a9ccef29,2,131.60409999545664,74
news,8c0fdc0b410bdac1604ab0393009f32bdcce20c061339f6695a3ae83322ccaea,3,122.19159999222029,84
news,5671840d29f8ed528fa0b588f190b94036a96e5c8f3df2b2d143182821db9a5c,2,167.1012000006158,81
news,7994ef125c9fa26c4ef445104acca367da1af670f36f62278bad67f2be0e5c2c,27,134.99819999560714,89
news,4e719bb5eda6c6c6b49c93102ecf609b160317b5b276bb4ae02d172eb1fa7755,36,121.25029999879189,78
news,cf6aefe72ec3b0a537a839b2c17d197c1babf6e73378f5c2524da5978ef3cf0e,69,126.30859999626409,92
news,774cf0d15caa1b45c16bd688a862c35fa6198d73b69a784b5f5ada6343c8f8f8,45,134.00599999295082,92
news,b3df094efdb01fd8c751037bf3bfa87d58cc6a009bb5fe59bd53d93e67848878,0,121.57229999138508,70
news,4e1595f4a4005b7f2b28df5c15e2e26a19db54562fdd2539825d32654605af3e,3,132.7508999966085,85
news,42b599e0bcf2d6a628c306cfaebd4343df6d6144bcd4b2d843612007f9c8e734,1,114.4542999973055,82
news,cd2f346bd065aa18e6cfb84285bb7b8dbc10cb9cd84b750e58e3e7522d73cc4e,10,147.109300000011,89
news,f2f53e2249e1dfad8feea717d37e94e2e581dfc135135584259a1e616b879ed4,1,118.1222000013804,88
news,4fc2f16b0fdc86b4be4e1d255ca818417a8ae2861aae8fe7bbf44959954e4b09,3,129.52960000257008,79
news,12c8f76c7f8dc2f8b327d8664cec9e39c3eeff9f48d0893438db19881ca7a806,3,118.07639998733066,84
news,78e68eb1bf28d10b5cc120a673dab18929a2e1f5c4b10c755f72b70fb33de64a,26,115.26470001263078,90
news,1bdc2b39bd2b59782b1e047db91d07cc060213095d6624b1b218ec437b5a29dd,1,143.09179999690969,77
news,ab3f5368470b8af96538041ca153f157191b36603b2c1839c3aa20cd2dd9c7af,43,125.9223000088241,91
news,e1d3a9a2e2218a7dec19f789543169e2e3de735fe189fbeb92b3b8678976ba8e,25,182.69669999426696,72
news,bb9ff2e5ee1c68c385818dee12530169ff1f64f97caaa5c9a11330c740a7e1cb,15,117.65069999091793,71
news,30e043e791e0ec9367a3827077433d98bf5c9879c7b604a2226af614f7da9728,13,140.48190000175964,93
news,0331fc2936e46ab649f06baed71821db53e7e44b69fd5d2267f6c72cdfab26f1,2,157.21360000316054,85
news,f9cb0ccef9080b10d5f8c7e67a749935be30804298056361c663e78e5380d3e4,1,136.31509999686386,76
news,459f3683c0af47d6b24df0aa3ae3c5d19ba8ca1f97915dabf46a3d5e9b10d67f,1,134.32399999874178,77
news,4f070648b67f58eb808415dcc2ab1d2ddc63041070b4df6fd84d3d4e4246a7d6,0,123.29260000842623,72
news,ed33a9ed9b76ba9439010243d04f123de12adfbe78ee243e0109975dca9a3e23,0,130.02810000034515,88
news,56775191a039dbb699f1efe02cd92fc3f8317b370a6ce813b11d66a8f6a2887a,0,110.15259999840055,88
news,a8e55d5d4606b80477a96fb831412ab2c33de776369983d30c42ba66aae4ba48,1,123.93669999437407,92
news,e0e870c1c223833a2074950473e9b01112b66acd18d9504b14012ab08c095008,6,134.89869999466464,90
news,058c7954af51e5e79f522eb5a501a9b19786174b03d31ddfb020ee3c8b9a2241,0,115.48209999455139,85
news,b77f2c064cfa1a3389045c89d6dce3e9780cd33141457e776b78f2881f8a07d6,1,117.59820001316257,73
news,f51c265bc6b6d9cd99d8c32d92de5d693e273b8c1131fc068fddfbdd0ad489b1,16,127.0267999934731,82
news,3fde210eac279ef4508c6253126251fe376fb94671ed68c0b9035afb36b1a900,62,115.2215000038268,79
news,af0eff7d74c50f90ce4380ad3b0b09dc2b1e85a9d773ce785645437d7e4c243d,0,133.52319999830797,91
news,b24d75fccc88e23ebad8e6d5ffd98a5c90660f98c5de1d0a96a479ee3c414709,1,124.98369999229908,79
news,e8431d7e2aca0c332bdb4fb12a3437627ea9bf8d3af729818166a5599e4e05dc,20,160.88270000182092,88
news,2158c8ec63f910c2464e23c47eef690aef01bc75a2c0b28912de38d1eb72ff90,40,121.8659000005573,76
news,fe70a797f900a43c80d0f6306a83eef1d349b1ab30fd4cec815bb5457ea3cbcc,1,115.09620001015719,81
news,41015826a600daf9196a1aa0d162ad3c699954e16b886bdd40820c6cbe1f67be,1,117.76939999253955,80
news,eb38b7bfb699d3c8aa31af7df2a403e183f02209b4279a14728cbe3fd617bcb8,3,124.7393999947235,71
news,10ce4a884e0495a64aa4627e5edb3b2089d5fe54b0bbca86741f7dc94acdf3f8,0,121.70059999334626,92
news,25a2744f7c7fe940870b7ef49440cb63437aa6be04505aec212e8a4626a3ab2c,1,133.99430000572465,70
news,ae6a0271bbfcd565a855457e1d392aee06bc5a354e63e1d1d36b5e652f1110bb,0,142.78559999365825,84
news,4c11b8777c73e9ce54766448a43fffb9ec2413b65bdd2440607dd8a5b92a7aac,6,113.65379999915604,73
news,90d2061a65f5d0652113a62d18ebcd036fb99af8f38c0e8f0ea4e714307d3f76,73,124.12049999693409,77
news,24942e614c5d526e7741bbd4b7965fced9d3b3479db57abb48a94712d2d35c90,1,119.71539999649394,76
news,9fb28038c0781f639166bac66e6dd67672d78250f8e90eeae31bfb81dd8e6ace,7,116.7799999966519,85
news,0c380c53b2851423fc5203119a957e4ed478c7f1fee32afae8887d79bd82c2ab,1,118.39560000225902,82
news,3bd1b13f117dd481d63762770b22acc58100da8311ffb8e3f303a0599f8f45b1,2,116.36860000726301,78
news,521877de27a539807a4a67e901a22757fbe8bcd95c0d282b19e4e0b6069c7f9c,12,123.53779999830294,74
news,aa9e11819eeb739f488911ff9746c6d997eee7b02f413b2d346d3c4403ffcc11,0,113.22309999377467,77
news,a71d4ea1b06a05c22fcf0e74ff7f98b5aac6a770133ad86ac9f09780dbda233e,1,142.2720999980811,86
news,d52c8a2db321e01934e287ff413008837b3ca412a43430a1caf029000d3b8957,1,131.50980000500567,88
news,50aed777704d8ad6b46a0884da82037c97dbb9853f0f087b15635e737c21b456,1,120.10989998816513,71
news,b12490ca02ebb3223554d092b3366ecc308eaeb853ddbe996ba1197eb6a09d15,14,128.8689999928465,77
news,744e3bf841548dce8f8cb6bc3d679db7501efc3fc1dfbbda6a0518237936d39e,31,125.76179999450687,90
news,c60f2bbb0be3c8922e883ac3c9bf964b19f303027626a9632f18f84ab709098b,2,125.01560000237077,77
news,8eacca2f0496df7ca99ad5c739232e3120454c8f34985a8837cb4a0c96128a82,10,125.77099999180064,88
news,908241db5e3aa99ec85e6f06621a212a47cc434f44a2043fc901f50cf1ac5c5a,24,146.63229999132454,89
news,8e999cc1b5d3c43fa017fb3d373d633adba728926a2d01eae0c05614e4b83e11,2,142.74109998950735,90
news,1fe35ae8f55e3f01a97fbfe0f7969ea3e168bf8d331c0b2fab93446cda82b705,8,137.98500000848435,90
news,e2c4266fcc6aab7b6d603c2ffbf7767e273ed22118debf3aa48ae832e5d050d9,1,131.24789998983033,83
news,9181036b17982a4481215a72f27db6b306fbbfcb552af74b64b1b880485ff409,0,129.11999999778345,75
news,7ce78cc37b45ac0e7ce2b3c02fc352c0a7c3733001f25945fbddddac49bca33e,68,124.43829998665024,87
news,d03c55a68c2e0b83f9efc4cf6918536785a7839f6a281c6a219ced081c0558d1,3,111.71339999418706,75
news,30f9c8bd931ee8b516a42e35a4cc5bdc081037f88dac1a28f55cb65b117f44be,5,132.4356999975862,84
news,ecf67d80dd2b669b371d575896019d0f9c44815bc1cdaaebefb8fd73ab83a3a3,0,131.2163000111468,73
news,6872a7585d41e0c343ed57560e83e9f9b3bbdadfa5716f127c9573b4f77e4f4a,3,149.3322000023909,79
news,da005c11de5373fbd3c1b27950518656556e66c1fdececeee105b0de71f7183e,3,131.0172999947099,87
news,7f9ed6116dc3ccca188b22bbd121848805e3e6c0280e9bf0faa4d0d72ea94eab,1,132.76250001217704,83
news,098c69117b8881e56d058e8fc6b29d9c017f12ef3f55cdec9600fef0686337b7,0,111.2794000073336,79
news,3e90153b6c55a74f72f4805d5b35e74a7176b561502cb6f601aa5c19555612ad,0,132.54210000741296,84
news,4ea26a8abb5eb600ca358cdbb8d965a39b172db8a82187b9fdffc05078a04e6c,0,133.0044999922393,83
news,9c7c01565b3472a352b333f8df678db211956321d35604d528fef38a494be67b,3,133.58379999408498,87
news,bfce216ebb64ab7b37aaa1ad2ec6930d76944bddbb59599c7271e3235f76c5b1,0,135.74610000068787,75
news,a637ac5d25eed8e246172972466e0d3912c04cd1727c1fbd187b04a39cec57f8,3,154.67779999016784,73
news,871db16bb3649712406373bde33de2f9b2e70809cac90ab89aee8e7a8965007e,43,153.4274000005098,86
news,04955e59e44c3d1fe568ad784c149fd27cb07c8951039910fe850170b3a5f7c9,79,132.75799999246374,80
news,27d047ef104b9c698c32eb137aad6579d18acdef310b0d6e32cea34c114152cd,41,143.64880000357516,89
news,a5a03e1b6dfaa5c72e856c47f83077d7bd8e9eee9b525d8b7d9b55d88c66a1bd,0,140.0290000019595,92
news,282b3eb9a4a95f5bdaf1dea6cbcde775ec85edf2dde99b5e7976a6f3d5ed92f9,37,127.00550000590738,73
news,f7a5ccdda258e974e83fe9f104198c9f5accd26baf72e040e130975e6992b5b7,1,147.63019999372773,94
news,f6598d7e48476f99679c5f1f7c192238d0cd5429b44fa780c54477867db0e109,5,136.73410000046715,87
news,359d4444be2889d954000a7ab74ac3dd0147a0f04c61fcd71435e6ea51a92728,0,125.55980001343414,86
news,6e0bd811c023c67ac39a75d263bf61379bc87cda9c6d6e94b8bb64779c337af2,1,121.88169998989906,87
news,aa24099cad7b67a065888d588754adaa691f018cc6689350f30653d56ce3d73f,1,138.9737999998033,88
news,239259695c52c86465507b4ef59edf4c9a9c2f0395508cede1f19385724ebf60,1,134.2716999934055,94
news,8b539b4fb5c53fd3c0710eb1b96869ec52862b093fa2697969d9175392c9f9fb,1,131.16989999252837,68
news,84a5a50565049300800edc1acb556c2463c23040a7d89f3b0890b6812d339149,0,122.95030000677798,79
news,46b859be6ee7509dd423d6040eb320b6f3527d819021d3bb31f0ce6145622138,0,157.47730000293814,80
news,5741bc44e322a87b8a92fa9f6e1e67345186c2a2fe4cd2d146a026015f08f88c,3,124.34399999619927,85
news,7aa3e7997cf19aeb21f2325f177d3ba95d637bca8bcac03720a8925eb530bbba,4,115.98090000916272,87
news,ca9fd4227b451efa0901592488ca295a6246a1df18bf4969c7fe63db67bef064,1,120.15899999823887,84
news,326ee4a1e2932b2fc5b804f37b674a354f113b7c75370272449b56ca4337d46a,2,132.761600005324,84
news,4a494f2ad85e8f721de807f3044c2c35a33a042c0e8337ec1fc1049662e6bdf9,3,148.25410000048578,88
news,ec4a5af7a407d1e1083797269b92315f2943da4bda5c4ae8faf063d61f5193e9,1,147.67530000244733,85
news,be1551997cd535f0fdb95b6f4c9ea852de6821b2e7019dc7ab31ed0629abfb5b,0,124.86880000506062,89
news,2ab9093119e75ec17bc2b2e29930b84e0b148f9a6f3838d217aa1d69aaf3bc66,9,125.27499999850988,88
news,a42d16131885950be14af6ff27a3c7efb3ff00e0a8fbd92f2858dcad75f1d560,7,123.712800006615,93
news,d3fba8e9f1b4cc752b0ab821a3434912789a307ecd7f5acd7ee6a3c07f3d31f9,0,123.4318000060739,79
news,54606765b718f78152128075fc52868c39c213bd94b822a868d42dfb01b5bc2f,0,134.98220000474248,96
news,3d5a72bc3f832a91487057e3d1a4bbb71493cb3e8939de994fb537223ac7245c,1,143.5048999992432,88
news,56db48bbc02e1488cc6623b86bd8f31c1867aa5cc5e76cf66d1323ed89aa5f6f,0,129.98130000778474,91
news,a1d91be882ba2ca416f10727852d629e1c2cb2db52bd8a9f4b6b48dc92081227,6,164.08800000499468,82
news,a9de33bddac7a303fac0f61166a7a93eb2d9c832ed52c93c19014c40250942ab,23,117.83460000879131,80
news,6e5fca00f1ae3f9a18e52f998ade26f0202971b21caf1d6c5ac5e72da8f2f358,0,140.27929998701438,92
news,e84d7f07137c81199ceb14d3930fb7f712a1c46413c70ee1401aa557e2ba92b6,6,122.61590000707656,78
news,b56cbfcb7ae80af748d0690193249ca39bb60d61522df623498dda785d151440,31,134.62659998913296,92
news,ed1ceab8259a13d2ec375d58ced706564f999260f4686bf0be542acfb669e338,2,114.87140000099316,85
news,d09e0e132e5c20cf282974ef756d4b00ebca153fd991da659c27a8667ff253e1,77,119.10919999354519,78
news,5a1878d44cdfd752bda49b63a48529b18ff7c754da32e73e58cf214c1e6cd988,55,119.15510000835638,89
news,255336bef0a5777e79a0dfbdeb91e8ddef900e280dd375f65e130b960c3848c5,1,121.25599999853875,90
news,433393233fce9ceb95b581cad00c6e960ffe364364a8bdc6251088d5493b406e,1,131.6204999893671,85
news,57d94905fad1678a861dfd95010ab2cd0eaf033a73bd388f99214b3c50901a93,0,124.46110000018962,86
news,c1e43e0533e2849ea181116e5d599d709adda0f5c6858a6e75ccb5d14c5eecf1,1,120.8182999980636,75
news,07f146942fd4f89aaadfa640ff86b28e878e572ff15834cec63f5ababe42a020,6,133.50870000431314,76
news,2e075e9b5fddf44a34a0869d57a9420e0feef661a06d38c97261702d49686a0f,3,123.8310999906389,77
news,c8d10be22d466d31056637c04dc569d87a1a9170d678f0292b333273c1dc5d83,2,152.88029999646824,85
news,36ac85f0453c73fa5f2f0355eb882e92d1fc531ad42f4c3e29236498be475676,0,153.53500000492204,73
news,1b615d4e9211a5670e08a0b77e88f95e58df65c15953200d7c8d3c7a6079a39c,1,160.57739999087062,77
news,b271833adf6e606ecc00d7599e50846565465bdb39900e88b909d7ff98177005,1,136.14689999667462,86
news,eb88a29ef37d63e94d103d32596a17756540558a0bcf8fb1a46b21042c45f98a,39,127.47800000943244,68
news,88ebfbb1c53b99af5e32ddc5c1013ad143d2fe44ed4afd5c9aad468ba8a30737,0,126.03319999470841,79
news,1af4e751b6c8b3708eb57c5a696639286c5cc8b4b48cde282fe7c4829def3dff,1,110.68159999558702,79
news,8fe6ec8437c27cb0aee85ecfac83832269358a6ebd7c5c84e057269eb44e457d,5,115.56700000073761,79
news,33f717ad8752ab87043eda3bf852f68119aecafbd6ed1e495a83b87edd839e58,0,110.49789999378845,86
news,f86c6898db9e94f5324a7b3fabf6757cb32edb1bc4071e635a0aea61f46e4c5e,0,106.82820000511128,74
news,e32253463a8348535c8c047764caa30ea92066fa252eee025a95f90900c9a3a2,3,122.50449998828117,91
news,686d39d3049efad3a4c1d1276e3c97828cdc0ed431a02f04c14e2566111e6c8c,0,111.14229999657255,91
news,85d0f5300ad457e0bc817cda083e3d15d80e7795382cc68523262089467a89d9,1,110.55060000217054,70
news,0d6b71940dfd03b2e4325ff659ecc5682b2ec19c211af34cf704e88d089124cc,1,126.78239999513607,76
news,29b02305f0712bc88c8c1261d4c87ea1bf5ba4e03bc3f8ba64f9fb3003c73853,1,113.97410000790842,91
news,e74c1ea6cabae975f113e906efb668afea9aeaba8ba92dca189dc50dd014c2ba,0,125.20959999528714,92
news,c42f645b0dca494476b9066cdce860105260306027efc4c39075f9e3d9563df4,1,109.95669999101665,90
news,fc564631bebbda3cfa7a3627290093ab4a0f6b40ee48286780be872ae191e0fb,3,119.93729999812786,86
news,ac9a1cbd4806de503c2f09f61741a66674c08ffe26151de782d0ec5a34aec06a,0,109.44390000076964,81
news,c8b85cfc9bea2b281a6fb4d736b31e1ae09a21ce5fd9446ae208966b8eaa9fd3,1,119.01349999243394,77
news,ab9fd156d7fca2d488ff69394f14580cb9f19094ab9362d5cf7fc739ebd95593,0,120.7499000011012,87
news,86ef91a837f26c60a094b0f94a496fba30d09393ee01a1fab51aee4af7cca0d1,0,116.94360000547022,76
news,c0b092feca32a6e5fccee245d1490df3337d12fbc9316a6b22a314829d2c91d2,17,122.56669999624137,87
news,a634b5a0f50b7adb72c92bdb593386468a7274e809ae981207c6e64f2f801d36,9,126.33610000193585,89
news,3dee073e693ec7cc66e83c22a7c70c75e16f85074882fa236bb9ffda291c1e39,0,110.49630001070909,87
news,58bdb7708399bc629cf254f381ba55bc3a8e7adeea136de75440494b24cadf88,11,109.14939999929629,70
news,c32ccd38d3685b6aed19f7d133e08d8a4bdbd6f81183fb50f759138fd92ba5ca,45,128.90989999868907,91
news,8be47da154e2f9cd6d7d4457a565045d1c066df5ef74bf30b53c9fa0c7e88a03,0,153.8886999915121,93
news,f9915c5a956811312db5d37823a700a2ae56756da3ec13538c2b673b48b77555,4,141.1136999959126,75
news,1eb694dbe7867ce934be7c9b3587a71f361b7b8451e881f8e6b828b88333fd89,5,119.6065000112867,89
news,88684643f90ef38fe7193f14c65ae5a718e484968c707a5ef25073f8dd68fce3,1,144.64800000132527,89
news,a6825354d2eec97c8ec5af281c3e8ffb8d8d8d1b79fda38cf2d090111b929572,0,114.009700002498,80
news,fc31b76770d45bb6edf3a2d261bcd4e1e607a8cfdc6fa01042753364297e4907,1,107.22809999424499,80
news,9f49b5c70ba25f6143128ae546aaccc82bb16458882334b8b31f2f4822e921e1,3,118.44990000827238,75
news,cc4cac49b2fa3a54ad87d0bfe66e9af25ea6dff9593f772ada978367c9c2195b,0,120.64720000489615,96
news,167a7a8d42de7964f3b67bce94140ce4c328a06ad649a91a4970945638056555,16,127.61060000048019,91
news,93b7fa846956a2a6f0047c1160bf4b816ea84b328f324607005a86c7782e1510,1,134.12370000150986,73
news,ca672140801740fa7e44ccb50cf3d62fedde66c3a5920ca1d5f3d8f7a911757a,1,130.35960000706837,80
news,09104adbbf177a82e40cd474f07579ce08cddba2cc227bcd2cffa96f9f4d89e1,0,143.16789999429602,74
news,d516d891abce8f32f976c0d236d0119d3febe3291cf8be64d26fb417d7592c85,0,116.4264999970328,81
news,f3413e35de07bfd9f9076f1a158e5543ec7ac734d404122088009c8189ee8f9a,0,106.8230999953812,78
news,de57ad01097c4cc7f5470453b943e6145ff69e2bf1b79d1e536d53d93b84b04f,0,106.1446999956388,84
news,b5dc2f7788c74acce6e43c045174d96d2e7b70f4cfef5c47d92ee53874b5bb71,1,121.03370000841096,85
news,1c5d35be79b538775e698f89355b94f0302377a7c61ce779379e95e859e707aa,0,112.05900000641122,74
news,4e972432a73c7ae0453cb19a81e36627db0998bf107a674ddbec36741d6e64a4,0,107.0940000063274,74
news,d059e8e226e0b25d55ccc60d3aa43a4e8a9b58cfcc56cf14632d0df3b6cfdcb9,6,108.3855000033509,77
news,3ef46b5cb40d754b49c3295ee42a0e355a320570bb0d098bd2a3a3056b515030,73,119.20469999313354,78
news,a874f75209440bb071a191dd05a161a87ccd784eda42e7e7de864f56b055ca0c,0,162.3033000068972,89
news,f09f9938da425a316e51b810e49e8b3689991ed7ae8f56fbd0462d3181cab1d8,5,105.51609999674838,84
twitter,0b47768892825fbb67c0fd7ef034fc3d9ca4f538935f2982b8cfa060bb474e07,0,107.92399999627378,75
twitter,8fd775c6e85956b3f4a903f04670274c0ac7c81ec4c6a57ef1b32a479576eb28,0,110.14180000347551,82
twitter,6d0eb2bc6cd35b877206783f8a9d46ce8e6854d59ffd3ea0ebc0f7f0c5d016d8,0,116.97010000352748,90
twitter,a2f919a254bf1060d6ba5683957881bab5d921361f013c7ccf6bf0f3455a58bd,13,104.44290000305045,68
twitter,6b223ce5d8317e398914df3c836084ec5fd28ec4e2b994983e61068124d5643e,0,112.77520000294317,75
twitter,8dd3ec4c63741630d204ea20918c325247e8ecf771582957f344e17ab44c71f5,0,114.08359999768436,79
twitter,5e899337393186e8ed1e694fbcfccf82c381e789269f0182772b15b23132d6b0,0,115.24920001102146,79
twitter,5e5340f267f7ed5adb97466d7fe894182ef7d2ade66e21a8339b1da7787aa041,1,108.67400000279304,84
twitter,8b05e8104c7cbcf50536ccd7809004fa0f0ef1341417388f897f0e9135117e15,9,106.54750000685453,76
twitter,7a2c752e9e7b7d5e67149eb28068708a707147c15b85a36023a3abd9910c5bbc,0,105.78589999931864,69
twitter,029f5c904bd5e63a18f20627dcf5260615e4af823d78a2714601241fa1d67eb4,1,106.91030000452884,79
twitter,aef988fdbdaa2416fdbd6100ec3653760887823522b2e87f9fe15d6adf0f3e70,0,143.2926999987103,86
twitter,47def72de0a8f62d1b4d368e445713a891bfecfd7f6ac8135f89bf88c8e23353,4,146.7399000102887,84
twitter,c65112d871aeeb9cea3f2a2e3fd90a84222c76ff24372ed803ff78d07a20f438,62,133.3158000052208,81
twitter,54b37275012c471849cf7d7455e478896528f847d9d1d32968f0de2b56dc83f5,0,115.10179999459069,70
twitter,087ba0f7951cc7195bb4169f9c932fd5c8b5abecbc61fc278c24e00c9389c79c,5,115.66769999626558,77
twitter,164a11f5c4eaadf5025afe2b2b8e69eb86e0f295b652be86b0a6180380a5add2,3,116.66860000696033,82
twitter,de484d1a367742db5a086161221548330995b48009bfa01f7b349a31e6677e71,0,110.53999999421649,83
twitter,e27d061a9966141efe574ee1ae8bb18f7318bea45a774d7aae95abecb6e66ab7,63,105.8947999990778,80
twitter,4a6765978046e9c4850f7e8fb9d02132599e460f072aeed3e98bc7eab8e8435c,0,109.61369999859016,69
twitter,1cc09e9cc0e35f18f40f3a44acb160180b3e4764cf1f5f5e79f382fb09bf87f8,0,108.5078999894904,83
twitter,f0782c28633af696b2c95fdc39ac801ea6d0ed9974c2f42c3687f797f1bfd949,76,118.6223999975482,76
twitter,907e30acec6c5233c0baceeb249232d72349f9428a46b0bad3d009aaeda3b3a1,1,120.11220000567846,84
twitter,15a694e4ecbd03c6af7426bd2479b0387a9537518934f5fb783427718b9fd6e1,1,118.13119999715127,87
twitter,32c967e2dddb9aadd1af7caa33cbdc9fbf0a4dbc33f86d6d621eff83ade288d6,8,113.00339999434073,77
twitter,18d270872e130060a88fc80188c622b62e7707f8f87c1dce65c4c2a0a5e1bbc6,0,106.21919999539386,68
twitter,6242214577b7b93e50ca579e4fa48ef52f8fdd602ba68e4f0995347e744d6c42,3,107.18180000549182,77
twitter,5fab691f77dab0137f546ba241171d9d03b69686730374f0263a2f173e2c3fba,0,108.08240000915248,81
twitter,e1cba0de4783d6012d270111f1191b9de9d61d7d2bec52c1f06d21e0850febd4,6,111.75799999909941,91
twitter,715271246d5b36d0029a645b743b1a497f4009810e7f1e7e02c1442b04e60512,0,128.11900000087917,82
twitter,0096640d99e82bedfd928a55f580fde2a62e08529d898101658ef36d8b1f5e61,6,128.88000000384636,75
twitter,77072aef2a68cf6f7437596e2f59493519aa1d3a3d53770725713ccb2d701e99,1,118.9306000014767,87
twitter,e92e0de20685f8d42a5e4b3a1e74cf3de49003fdf6a81a403bc0e7a56a318dc7,0,116.41119999694638,85
twitter,69ceb18c129dc3fad662a352aaca19394fd4936989367a93b6de3aac1d02fba3,20,110.35570000240114,87
twitter,c9dab0edc4e2e7d1a91c04c2747899eb19f3eace28c784b0d00bb55c950003a4,4,105.68860000057612,87
twitter,849c1806bf1003397468bdd9be908d450e35ace05d6d4aa0a59539c638431891,1,106.78890001145191,83
twitter,a9d12d98e173f7ee6f07cd2834c479412ed1de60886e89acd05745f10c5d76d9,0,114.33139999280684,74
twitter,73446818523bcb270e7fc25fb89b4ec943787c839b487af464f18bbf4435cf0f,61,109.89279999921564,95
twitter,e04ffb8d24175bc8b3982a774537945dea69da09acd3c7a4a7e6a112452df1b8,1,108.68900000059512,79
twitter,9a50654db7add54463b163ffd2e9f9ae9b36dcf64f79f939dc5df57ee954860b,1,123.27939999522641,86
twitter,596f8891b928fd990c3607aaffe8ff1c028c870dcd43bb2e6316a932fc973d60,1,138.1790000014007,75
twitter,30f4b358af21cba366ce0b70738123c8e026f35ddfe92a89a8ae17b0d1a6370e,1,111.7484999995213,75
twitter,e09f9b84f637d3f3f82d70b3dd25b31ceddecda3fe5f8458b54007b2ac7497d1,3,110.76830000092741,89
twitter,1a59b452ab38e1e96e55849b11a4342460627a0cb7bc99786ead879bbe6ee5d1,0,104.18520000530407,85
twitter,2e6c8e2e2bf78b35c331df3d1d94877d89e886579e82e1ac062a2f79e377f6c5,1,104.316299999482,80
twitter,8ce4fa11d077eda6a361995955957c6f9e4bb4af8c3ee36b9d435cbda6db3642,57,109.61620000307448,79
twitter,b763d50745423912f217d11f5bf30bf666b1f222195bdd3c8d91ac8cd4357407,9,107.93600000033621,89
twitter,27e9eedfbcbade73ba5ab6c12df81a3251a7e0a6f2c30f2287f0fd06ce80d85c,0,107.23850000067614,74
twitter,6eb24b76a189948eb35c131de3337b1ea7012fed2bf47185b7988eed377a8c52,0,108.66760001226794,84
twitter,20c7c7bc30bd60a01d2fd4a4d2de33852e9902ec01d99a328175b7c1971ae3b9,2,116.95639998652041,83
twitter,ffd515ed396479c10f200d076f4fbf51cdf7cf9b89840f5d108d60b894e0ee4f,2,110.05390000354964,76
twitter,c1b7df5e4e62b185eeac3e1fa9321cffb7c68347f97644314ff5fb6333b269cf,1,110.66579999169335,76
twitter,7193190bd2c58c2dd45199aba8751257f0a4b568e0fc56e5edb7e43807a65839,18,104.5150999998441,78
twitter,4bd8331747eb0c97c07dceab4cc049b10d06d426189d13c5dd4a0f0042b1e1ed,1,105.14759999932721,77
twitter,8c884dff6169d2432657b44e4c7cfc6fe101db71a6a3d07c823ce59f380c1576,0,106.54899998917244,76
twitter,2ebb6b9ab4bbf7a18d817d0c6902832d2005d7bcb58ba5915420fc8e4123eab6,0,109.38120000355411,73
twitter,573d7b7581b6a512cf256304d98c5a7bb0d064806feeeb113ba2f7dd1684332b,67,105.24969999096356,91
twitter,1c37da36a39985cb148ad33eb52a0db5dfaa7c6039edddbfc33abab431cc1185,0,112.80299999634735,89
twitter,1232df9cf6c5d77f894526a90fa024f3f771b99e91d9db96b521b30b2bc5ed76,1,120.08179999247659,80
twitter,4a15c246c8d18eaf83f76290ca735a86a419a9a451dcc68ed7f98d0fde488993,0,111.38649999338668,70
twitter,b49c1c93243d63b1e694f9a778bf6a132e291af506a4c9c6facde4ad265c9160,0,108.00239999662153,73
twitter,5edff1dc1c7844917052c1eec7994a3f418db36946c7e552b1d61fef0c7d4ffe,16,107.36460000043735,73
twitter,0097402d392a71e678d1d1098ae0b8470961838f2ad5f78040aea1b23c7f8985,1,109.58190000383183,75
twitter,4cd7e4c5d7ffe8f0863c8b4beb6876380f77ed01c16a144ccf73171b1704cc7e,1,108.15289999300148,74
twitter,0e9ad447f1f34f842bcf450e067d21f8de1345d751fab1212b37fe7a13921916,5,117.1695999946678,76
twitter,2ae021839b8040aa9e97ca5d5afcb1e39b0ed4ab15687a1062b2f49315cd52b0,23,107.98670000804123,81
twitter,4ed0a5e8a75b31ecac6317f52d4f6e9cbd3b1232a34fa0c68866c127ec5fc8d6,0,116.18260000250302,72
twitter,5648c1cf7abfbff23aa2bed46e62883d1f096af0836ae019033ef97071cadc90,13,123.1331000017235,85
twitter,9f89ed27fefcdbb774707a5064550c3e1d74a22a437d3a976e43d4e4a85cd005,1,111.0292999946978,75
twitter,844014e0d5cf653c9655e44c539c57a9b57b69b456b3f162cc18d010f6ddc3e3,21,116.90680000174325,84
twitter,5456dfa2912bf9814134ba5e54a7ecf4abadb0c2f405b94e1cde65d43e84b727,3,105.08629999822006,86
twitter,3b004760a9f5a5820611eccf11683979fb0edce7b97b3730182ec720651f45c3,1,108.30729998997413,82
twitter,9a0b03c53e996a8462b25c035cbb2d91ae6c2658e2a1565552ea7d61193af8b6,0,107.50569999800064,74
twitter,c03c05b1749b3705ce9aa552cd3045e7bac5c5acb8596b4a296e07e3c677a093,1,109.46960000728723,78
twitter,edc2c7cace52cbd3b5b4487038f89727ab41a1842cc0a5e965c27af9b00a61f4,2,110.28750000696164,77
twitter,776a2b80f2df32d8056da1dcd290b94e36fb5696d03a8da1899bd1271032d7cf,8,106.7207000014605,83
twitter,62c0c31bd5486646650ce0673e187fcf397ecc3149f7f40d57dbc03c83207bd1,0,114.94919999677222,78
twitter,f7c9f62d7b325db4e05fe08ebf3e215ab1d438021b9a05a39d28cb2b5b8089cf,25,115.88060000212863,83
twitter,d155d301343f2b4fe16d9aea8fbd1126cfe3c6743efca89ea07cc4c389c75a66,0,109.3739999923855,70
twitter,60e10f866dd869f20f3214be7f032fc25c87645c968ce40219f02772dba757b8,0,113.34050000004936,89
twitter,ec985e4eb1f0f18f5f0c75ce7eb1faf2256034a00031582f6817b459d609ccee,4,107.58119999081828,81
twitter,c4a135f43c2cc222abfa7581da354db3f8ef029b86c68fe961a0f724b85c024e,9,113.43830000259914,72
twitter,a359c6fa23c3febf078d2ae7ac8e8f51b46223479f5985985cc1a4c62839858b,0,108.88629998953547,81
twitter,81355f13ef38520a3fa175c45fccb1ebc2e82c7fcda5b5a05f217bfc294d8475,0,108.82920000585727,72
twitter,a4bdd01162b17a2c16752bf7f219bdd51bc5fc5fe4f64aefe67c93797b3e71ef,0,129.91150000016205,71
twitter,6db5dc9936c01346136cd881631e4b62649fd8b450f6fced13c36a352ac52d77,27,120.50839999574237,81
twitter,2fad8a15418d25b22dec6baaf6889f0fc55101d26a0f2e5dbeaf138c3207bfb6,2,123.21970000630245,73
twitter,8bbcdc15912ef984386f14a7da9d78a9c7d343749bc75174ed4e2dbee3e3193b,3,123.10830000205897,91
twitter,8e6d2bd4724e2927294f5d7cc3560667f1cd8ab69c50db55c277d91dc684dedd,5,138.60169998952188,82
twitter,2aeb67f9c66ec2016aaae4b7ef195e6d7e3e32e0d582fe1999cc89db9957c26c,21,135.9193999960553,81
twitter,f6fe7cd69758db5f74fceae387d304d775aab0dd02693680a441bd4bdf70c4d7,29,114.86339999828488,89
twitter,b5d038ee1d021fdb3e3fdb568923af29b0cae566fe01aacb8d38e8ff1588e712,3,111.24509999353904,66
twitter,ca8eda6a19c613fdf790a05ad0ae945985b525cd0b76f8f7d4ee97510b7ab93b,0,111.07510000874754,72
twitter,43173392e4d9887970a17559f031851046bb021f40fe65c66d4e7ab01f930b0a,0,111.19380001036916,79
twitter,8db7e24b2544417634594a52281091052da8e582dc5dfc585db143110de765c7,61,127.55730000208132,74
twitter,5d23efa303e9328c4721917665efb9b78e212583d6b4b9e6ce9291cefa985043,13,119.80499999481253,74
twitter,a6af6422531a26b73cd526c789021a1880cfb6046d20c2326a8ed91fcd00def4,0,111.19850000250153,75
twitter,ac829c81fe972e398922092ea11733f8848fd31646a9c71d42179f6f277973b3,1,116.30259999947157,71
twitter,213bdde73989a9f3ed4bfa69b17716e231dd80000d8fbc6a52f261633d956afb,0,114.7006999963196,79
twitter,bd33e6d883de2fcc643bbc003faf4df5bbf7636a56908319adeb2cbe64a93da5,3,118.05150000145659,78
twitter,f27410e33b324619c296874c215e6fac43ba3f0f7e761cc95556f71fdcec111d,1,110.53170000377577,80
twitter,c94404d008e17b7c25cfce6430a74d1d6126f8971c1fe59416e59b631bde4160,17,116.41050000616815,75
twitter,285500729a4e2a6a2d2da10479c42f81391a9107a57bdf2cabf7faaef5b92076,1,113.56959999829996,84
twitter,81ee1a6ba057033baac61937c5aa5ebe5db567dcbc1d6cdc1ffb0f75d97d07a6,1,132.91709999612067,83
twitter,199d1f09a54eea11a3b242bf34abe38d8e9772bc0578bfde17869abe078d0974,1,186.14449999586213,73
twitter,373407d9a381c0760c1c15ad0635c4c8eed5ed001f7b9a03a18a38b86981a2ee,51,128.17360000917688,79
twitter,902a53b84eb9475b3d7ee8d68a522b3f738eb5da100aff7f7bb1f6763261afa0,0,119.0051999874413,89
twitter,1998877dbefed5ddbb500723704541f7a48c148d6d7f1ff9755ccfca78647eea,0,142.09809999738354,81
twitter,852d549c03e0bece7f94512b3aa895152e795e9da14d1bf1f51fe83bc4fd1358,0,131.02879999496508,83
twitter,7e46f8a353f81ac241ec4ce43b1eb4f897a4dc4fb27070a67b87f0ba162adbe2,18,115.25810000603087,80
twitter,ead5d850634654e9dfaaf39fc44be7c3c5d325402692f7294c4c1f6487043fa1,20,112.43300000205636,70
twitter,47466196cec03da35d16b7fb818aa4737acfee31df16a0da00a9f27a75c97884,8,177.62959998799488,72
twitter,a82e5755238a3d58ad57fa8c679400ea519673cf5475930905806fc2f3bf1f78,1,137.7708999934839,73
twitter,46726648c6730dbd983b22f838f92ee33917036fc1462af7db2b6c142cdbad6d,24,119.03819999133702,79
twitter,4bd4d66e4dab5afa7571d2d3e76eb4573903a97c29f417c3c8b4b7141b9def6a,0,119.76689999573864,85
twitter,31ba39017ad7153b3cc9de47dbf5a7b071e48d9d83b293fbbb3500cbc7bcb835,0,113.37089999869931,85
twitter,a65a90740755f4dc78afc8e1090b2fc2141126006c8c5713907147adc62144ce,0,114.83759999100585,82
twitter,0477c7dce52fce657dfd40a3fbc5dc8cb5c8479e1449298b5f536a3161a72dfd,18,113.88760000409093,79
twitter,deb6e618ead2a07270f3d145195f4e6cdb0eb0a094ed56e6dc5419904dc58470,5,130.03549999848474,74
twitter,67faeb2b306e292e8770b1c04d8df55781b0d95443537b8add19d1960defbf86,1,180.40290000499226,82
twitter,6d1e24c3edbe49ea6f526e615a679294616467ce9e8c1599232afb9013acc8b1,0,155.5287000082899,73
twitter,921902a0a48b56c8ac2fb720f69d96499a321463b6efe39254dd6c8e70b2ea05,1,110.79059999610763,78
twitter,7461d185d85fa4d987fed4cefea3ae41d7adc9b64d89e8daa2e65ed99ddbbd37,1,117.14970000321046,81
twitter,5da4794e5d908d18fff019e405d814de8f53298fd38a72ead9eb521f9af0e1da,3,116.37999999220483,83
twitter,11feebcaead082609623d2bd79b976689c010bcaa714db53ccbba5027db0244c,11,116.78480000409763,77
twitter,6a7f0edc32ff3c62b62d379140f878c7a32602b8cc759ad334c478cd811e206f,26,192.22569999692496,86
twitter,40378766252c3541dadcc2be4c3f1db80b86441a3f7c7b6821ccd55fe0f7688e,4,139.57590000063647,85
twitter,93263e2696ca8851f6401c570e3067cd1f3fa90987b9d28782987a200b175dd7,6,168.71589999936987,87
twitter,e547023248d55a72e5882a23afbbdb7ecb145abbc042972a5b4a1e7c286b5c97,13,111.51970000355504,68
twitter,f74372cd86ff9aec6e797461e37336833e89628a7961cbc8e6db1035f2ccfa5a,4,113.17209999833722,80
twitter,c292c5da0a8aa4090089d9d97845f09b373bd1a4fab39ac64c8b2d50e15433e8,0,119.18650000006892,75
twitter,dcc14d16f7054c2c367dcd0c6a87c15f5f0c15ae78e541d1269e7f7aaec62a40,39,108.16809999232646,70
twitter,79fc16f082a53b70dcb5823d8e767a8d278a31d5b930d16abbf2bc865ab87a29,53,118.3619999937946,74
twitter,bbd51ba170f12ab70463d6f1ac422424a8de8a3cb4c2fba12ac0806ad653de14,0,114.81349999667145,85
twitter,bf720fb323cabe569fc0c729246ba69e710e10bef5c41350135b40b005bd5cbc,1,114.28780001006089,91
twitter,33176fac8eb3c5980c8ce7a3a079403a7a92d0c429d04ac276999d3b9efcc40e,1,114.6528999961447,74
twitter,b0a3eb688a9ed1792d3270d8877c4fbcfa817a5647ca04c01822e2af6e47bce1,12,141.2309000006644,74
twitter,f55392584b9aa853d858c78bd07b84787d804e61d9ed02f4fc3806012b13aab1,5,113.53729999973439,87
twitter,809e0ee79efc2f3a759933e2c0ba6316af226c07596a7b090ba4ae1c3793ea16,3,111.75609999918379,83
twitter,bb450818aa1a7aa0956a4594d032b48f69f193eabb07232a8b4f7e822e43b8f7,7,109.76940000546165,85
twitter,fe9aea0725a9b4f7f77ee9ca321331930c68150c8d7586189e84dac83bc98527,0,112.19069999060594,77
twitter,59c8013c1df2516be4e002d7ee5dc36ff478a31814f9f385375a62c2af9af28f,2,147.97389999148436,86
twitter,c70e91e99cf2912963ae14ea563d7f6a0f2cc9f2dc6421716e822c023904f063,1,154.96259999054018,74
twitter,9a47a95bc12f2aa1939db2722ece91281ed34bc3cb5dc78c7d8683ac6b54459e,1,113.89819999749307,70
twitter,9f596c8b340e5579121fe3cbf4ed65a7f06281bb559da4fcd1609c70202daf55,1,128.13509999250527,86
twitter,5845c97b3512784107edf2caa483973f1c25fa58f3016bdfc5c8cc5c5c371ec6,1,125.12130000686739,79
twitter,b27b3d0377cbcd6718d8c822aaf77a17ef393d6a4fcb941374d69e544f0c3575,0,178.35000000195578,77
twitter,9f79e8c5c80f3aba95ada2f4aef6041b37939f57129dd1db1f2181fbd04e5042,0,112.70369999692775,86
twitter,22fae40bf33210d9d9182fc2e0d9fa6af181892540d70a85ac30761b004fae28,0,116.37200000404846,82
twitter,32f268119de2bd12e0346c67a845729dc776f86303b39ccb717e78cd398507e8,0,115.77119999856222,88
twitter,c5001b759d4255d9d99249504f5825f7270277a69eb98950c0c660367ff87f0f,1,117.88079999678303,89
twitter,d891394d05c619ba0126116ccf0a162175f3c43d2a2b8ff9c6c487250edbdfa1,1,119.89909999829251,77
twitter,b95b34d913c70639530352536a33f9bf9060015b2be2c88d7b5c1c845269d754,0,128.55010000930633,75
twitter,ac89f2a7955950ec02599105a1614abb3f4104367afa142be93471c1ebcc3ecb,1,113.87119999562856,74
twitter,ea9917e5f5a88e57a6617dcf19ddeaddd5efff6900c5a6534023908de52f068c,7,108.26539999106899,68
twitter,5d833968865957ff0f6ffb3cc7614be6eef69123047bbc7eb21449c8e2397322,1,115.12299999594688,80
twitter,375c1b92f7b6b45aa92f099cd69c5bec185e26923f28c7603a7729d2f454fd17,2,112.40850000467617,77
twitter,387723458c66e408b808eea48466bd2a4491a21256a26dae9182cf3d44129cb6,0,122.92330000491347,87
twitter,8518ff3fb26573151335180001388035d15db267be49fbedc8a536ff4ddf13d2,1,112.63180000241846,69
twitter,ae3cb31e730e8d6ff4a36774656af36b1ca5e587f54a9d94d476e03228593dc4,1,111.3059999916004,87
twitter,328c9209a3de3fdaf822820e1ee5de94478fd62dace121ea1a6a98e37716328e,0,108.9287999930093,70
twitter,326f3b0b39b9dcaf1d2cf9f3e90992436dcbc926df8e1d2eab7b4632ca4a77a3,0,122.10170000616927,71
twitter,46ed9093252d808efd080738ac8b971774ff65d4855f1e9b1d9a724053e99cac,1,111.03390000062063,72
twitter,9f74c34eec961cc2b0b8ae65dfa4a05dfdfc6791418be9fac80637c0e15583d0,55,126.27980000979733,87
twitter,ccfabe1eadc855ccace4c88a4917ef55de6a7f146cf1e30a4f57aa6132087ec3,0,116.55920000339393,76
twitter,c51426101d1a758badb57e27958db81cf763686f20d96d0fbc3ffba043a39ad5,17,166.0383999987971,79
twitter,1d3c212f340ef54aa374be0ca0fd4b2f88e9cf01d7d452a071f091d4b995f5f0,0,132.00179999694228,84
twitter,4af22471a3d09c919657f196d9db3d6bea1f5070cb6fab3bf2a20aa9aef9980f,0,120.31300000671763,94
twitter,4be446364a169c258e081d5428cb43451f6a3f949a3d375a50e8d861727ad131,49,128.83699999656528,93
twitter,8cc119a2b38be5497a86a0580cb8a34be3e60c7b859c126885ede12522114106,1,191.9112000032328,77
twitter,284c2400932f5997114bfeda6f0c04bf2b4a7d871d4ec8195c83649a8ca05d64,1,117.99110000720248,78
twitter,699caf411cea0da0dd2295781eb4539818da2a949c7c1302681f6fe17b36202f,4,127.63449999329168,66
twitter,9f707829bf840b5bfe458637b67ab793ab1417bcd7655f788cbafb872c287af3,65,131.3730999972904,73
twitter,ea5a7b1f00a68fbfbd9f755d72ead415f5ce81e2cd9dfb5bd1b2edee69ceac63,2,112.56300000241026,83
twitter,0e42cf2f38a7260c4b2092eca7220f5d546ecfcbefc6af0b1bbbde8d6557d88a,21,129.23170000431128,80
twitter,272fdf2f54872e1fe6db26455e88f76916b1c93d5bcb2d449fe589e4c01db54b,0,140.5164000025252,90
twitter,67901d6851532497872fd5d5c6972be60cb47a7d292d0e0d8603fa6c296cc2de,3,154.25419999519363,75
twitter,b9ea7f780b30fe7c7b813eb89aab943c6dbc96b0b1162a88b4f0b6e0702a8dc8,2,114.34790000203066,75
twitter,6da19ab67fc77b38f51b37f338f5d9ef1147a4744188288c31b6993aa1d8a9de,0,123.74470000213478,85
twitter,d0f9ae922f59da6f898a5a3252caceb48b7cdbb5fd45272512db53bd20594006,42,121.52810000407044,86
twitter,ccc3f53a5c2bf415f223d7d08f6c5d98b4210903b0a4e5004fac4034aeb0405d,20,118.05919998732861,76
twitter,061989eb4b6f043e6b703c545a41434606597ee5a333ca6cb23a0817f0c1cad3,0,110.91220000525936,79
twitter,0147524498f6dcb7f6c1df9732d3db5bdd194c1dbe51d591b8b3e5139ca943bf,0,108.8449000089895,69
twitter,cc0c913577f11e97b3814b51feda487a2334d3d424406075bd0fc517c7f664a6,1,106.19239999505226,81
twitter,a0bbdb92233059108829c0e28d980428e110f66a0e8ffd39ce7afa742d09c5f8,4,127.6211000076728,75
twitter,741f2d626df4f575e6e7d696afde4686117f08a5f2c4249020ffcd8bfd7e4841,0,107.39550000289455,75
twitter,90de0b9bf908cce0650179964fd20ed72d13a26eb1dda59215f3b606899e96b8,1,110.24090000137221,70
twitter,83e20cc4f51e11e49a754eb6faea5d4888cc5f90c72dbe7e3dc7dbb0e3162c59,0,112.90720000397414,74
twitter,b96d2800bb083eca035544b0bce72eb11b2a87d29603cde9ba1f402d620305e4,31,115.32880000595469,74
twitter,fd6506494e3f316c3b2eda02245b6f4562329d9cba728cf97d781c9a1035e0c2,0,116.1019999999553,86
twitter,c563b541beccb4e46375d7b78233b7b595c9a8709a9370cfe4c33c30f86e8534,0,114.4209000049159,75
twitter,370616af8584db52e81e96e840a0ff24dc7c1376825dfaba821586a6ceaef0c7,1,112.4073000100907,76
twitter,6a006bee7a8ef46994e698dab791821ae894519158bac09839b9c7720982447b,54,114.23019999347162,77
twitter,0ff7cdb2a6d5207e493f159f4831ba1c9bb2f34ab75304c94333523c20d86c68,1,136.0350000031758,76
twitter,15ef1bcd3c9bd82e8daf1f10d502977edec7ff2968ad5926e2110b7ce29fb769,0,109.99680000531953,72
twitter,48654f6b05fb402f5989d578766c2dd54dc40403e9a190b13a1301030a08ad1f,1,109.47980001219548,84
twitter,5ff210c8884d0102a275475473c5cba0c0f2db63e45b1be91cd5778b90e7d79e,5,119.55489999672864,86
twitter,183c48d7a2aab033ccd20104e819d38f67433097750771e7821c6e7961c87ffd,0,118.95629999344237,84
twitter,55ea2cb0b59a864f950473104cc288ed311999fe5b9c195d5edeb7479d4a9306,19,117.18299999483861,75
twitter,f1b5e9e6d6f733f94f78785c7b3acb329a53a736ebbc27d870531a64250b02e9,28,118.53530000371393,90
