source,line_hash,elapsed_ms
blogs,4058b6e965ed864527770b87ec8a7ff765d96f3d9cc071e77dcd25b66489f084,5.55181503295898
blogs,be9ddc0bd2cfcc9b239d65d58901f3ff32856920b4e861d7596e0004f931f9f7,2.53582000732422
blogs,6eb181333e1aa833c67d7e0b0491d3b1609c61791e792e9ae4a09a1cdf3d4ea3,2.33912467956543
blogs,0277481807a6ee1bd7dbb9124fefc0cd1899ef6d3ab3cdf942a284bc9a14fa06,2.24208831787109
blogs,3412e71e65c3bca4a3adb2aee837749d73f754470d673dcbb10c96e2285773dc,6.15787506103516
blogs,9cedfd09bd59f97a4794192f45d08da856a0d53c23e20cf6935d0121484a90a8,1.97005271911621
blogs,1f1ca3bf9d97561c3d3f3caa82c050865b890d954e511142004abf97feb9dda6,1.95503234863281
blogs,55d5a9e8f43403ac615f858ed2b9bfaaddadfbce818c21a3f1018e73ad721af1,1.94597244262695
blogs,f0d3708d4f201b4d692cf68c97f9372312fe3c79c7afcfe64cc4edb421a4ddd3,2.00700759887695
blogs,a7b116dc5e19ef89f77dc52f5a2cc9b0a82258cf36f114fb0b9ac45fb577f31f,2.27594375610352
blogs,ab7e8453fe97b8b0807a1ae0ebdcf140c66ab44aab0db09f84e6cbb2c0229901,2.26902961730957
blogs,c95a55651e01e3190e3b3b3c0161e7ae19f4fcd0585710db139434df541b892d,2.02012062072754
blogs,008847d7029300bc14f2b16617d6b4d8cf6b04f0f4a99dd190341fc1a185e5bc,2.00486183166504
blogs,453b58533ee70f60178004b4eabdad33c76c09c42e53aa525f489eb7cd3a02ec,2.07209587097168
blogs,fa0e7dd0257d56f283091a7917c6f610ec9d3d28f8c08f4b0a6cf9b8daa86b24,2.17103958129883
blogs,6bd1d958780f343d384ca8b4d21f8f83324d2f03c68b0207ae9009416472fa6c,2.04205513000488
blogs,9e59d3fef10fdc9d91fab4c4d55caf41359549a194210f2b98e0e43d393cd550,2.04300880432129
blogs,7871bf19c1bfcec1b3c509a06ed9140baa04012930a7c4059153c21d28310e88,2.04205513000488
blogs,2663cc1dffee4eecb8a9caed2a5bca380f238c5d51eeb00c3105d9e38c24cf22,2.1059513092041
blogs,f5a4e563d81207105aa84eb399ebda892826db9d3301b0be6901b213f9741ec3,2.02822685241699
blogs,98f9f06a8121602a4395f387bea2bf07aa199ebe9b7b0470cc9cf81713d9144a,2.04706192016602
blogs,d0e7f55121b044b77b6b1fd9a68f4d4a7201cfb553703be432fafc9efa757fa0,2.03394889831543
blogs,a307fede0f1e5a3ab6f38c7ac4a49e42ec81ad7061cf9d1fbf9139824afcca25,1.99198722839355
blogs,01ef226c86c6e049336803dae142b8873fce4021a27c419e01b9eda740b361f8,2.14695930480957
blogs,95561be5c2626f42cf11cebd1e3e36ccaabff0c23285934672940dc2e9523f77,2.27499008178711
blogs,418142a9067ffc20bae74fb6338dd644c9cd0b75646a8aacd1e1d545b20a3eb7,2.37703323364258
blogs,2155bf37c1e54ad133df9a655b11d65044d6a476ee13d29c0131f8aabec68c60,2.11119651794434
blogs,5841ecf408d1da90a320bd75a513ad896ee93239e6ee685d976dc3df7bbff34c,2.03609466552734
blogs,e3950205b3604577606d26a496bba834bdb3c3e8a239857318d40a5e0a1d56bb,9.36198234558105
blogs,a9b434887b2b48c93d28cc8f2dbbac5dae9b0cfb07efc34a8640b0a233f52759,2.13003158569336
blogs,cedbf7afe8504df83e76ce4f01efae91851533440981ea16968f8854eadc3cf7,1.91497802734375
blogs,77072a35a71d2e416ce154980cf15ecfa9e8c770f7fb7c010b5071bd37d7d1ea,1.96099281311035
blogs,baa6d77c85699ec6c1fdd9021642b67b35c1a68f7e1c995afe8dd36e67b4579d,1.93381309509277
blogs,8d4bc2075b9152f0c289cb3c4830acf1a34b0494ebb4ef87a6f5ddb8e4c6347b,1.85394287109375
blogs,2ad09523620e3fb708c116bf1e36469521219d310d06c297f1a67cfa7fa30979,2.03299522399902
blogs,23adf7ab45333d4b9ad549ee0e03b96146c390baddc5c1b6f71860a12e20bba5,1.94096565246582
blogs,717e039aa825ddfa335922dec90ba8bb49016bb0134bccadf55733e8f0800c19,1.93405151367188
blogs,2f833608cf318bedef348a3b95c8ff270e6465f8158dde14457661bc685bb908,1.90901756286621
blogs,af8918b0246eef5c47a79399210f64ba4052cc989dda323cd5d3fc3115c81ae9,1.89399719238281
blogs,950170902f11c47b94ec08389a314ca5a3ab55cfed3a3792c98607be1a7e36b2,1.98602676391602
blogs,b652b0781b99d6932e538579407271d740920f72c74862b353024fe8253345a8,1.92689895629883
blogs,10db44ec0c70a4a8519abe6da58add7866049b8989e526e218e84808d4b46e23,1.99699401855469
blogs,af3eafb5d9be01fc7d01b46832a3543c4fe706bf4f099428dc8ff7bdade3088f,1.94787979125977
blogs,f33adabf57975c664d2aa9e4dbdd1ef7b786d5b299829c4d91c61e73b5143418,1.92999839782715
blogs,b5d90f3a837fe29455bfb4629b8f8f1c397b27f3f1bf332c16f1c183f1c030eb,2.29787826538086
blogs,674375575c433722f2158e158f775fc062bbd81418b1ba6045d54b09d2ba40ce,2.08210945129395
blogs,280a8e176eb2801b5848653af05c52ccc38a7f1997f8b9eb1edef7fec37943af,2.02298164367676
blogs,a4ed5d79382e2afc90b0f0660efa07f630926965bd44277d18197c61cb775ba3,2.03704833984375
blogs,28824fbbe6d414f8c4643d99a936137567b0b2715287343d12d5951fb22bd394,2.03609466552734
blogs,9fb21335387665fc670ecadde25b24fc43a3fa2dca1f7d90fae6a57437776e5c,2.20298767089844
blogs,41471f796a67b32fbc3f0998a6527f5e31fa1a3ccf51e08c0ce7b1272462e5ac,1.94621086120605
blogs,db0cafdaeb955f8759eae7b4a2b81b5a524b1bca28315d92886936f9f11423dd,1.97815895080566
blogs,3f0a4846066297cefe1e69780eb9d7f850da254863987270240f270b52753aa6,30.540943145752
blogs,45f0c60f6774259a3c2d6584fcf9c41512e993e99cb34d1e439dbd7e1a8d1416,1.88207626342773
blogs,ce636c7af9d5630ca5e83db13e07d4c2630cd8f0e4bed3e9384e2afd8648f6c9,2.04086303710938
blogs,34cfae0f5e953d2bbc468f6eee2cdc13668719a0d6fa547e6d188e69505c502a,2.24399566650391
blogs,060e76b4353b4918dfdc3914a4958d4c2285154de5f1de6c3350082f75c0e93a,1.91688537597656
blogs,091ab936cbeb6cc442770747cef4b401fae733d81953bb0a41bc50342d43d82e,1.87110900878906
blogs,fd2ce02d86f7f4727b0356234bc3f2c9cec6af0bc09dc077e8bc100598916aec,1.86920166015625
blogs,9e252cbcb1977b4f51dd498e1e1ffa54f33d6e73d11a7c5a472ddae774c828bd,1.88302993774414
blogs,1a504ff666ae1c22509e92a1be4cd491e253cfdfa7b61335b2cdb10e12b91082,2.12192535400391
blogs,0add0000aba1c37bc1dbb5fe9de553ab9e6654f4995a8b0764076d6568300b06,1.86800956726074
blogs,f324a34e3c36ec156c200d6b928c748be1269aeb85e15424c8becfbd6313634d,1.94501876831055
blogs,71c75f7af1f7bcf2b7a69ae69bb5bfe66423ebc3b7ebd4103444a273c65db4d0,1.90210342407227
blogs,e22a6c97fa0e705c8ebb1ffb0682c692a1630308aaf6d7c2c0d401833b8c9026,1.9528865814209
blogs,36243865a7b6245032c23d8a724f4cf94377e62cee233444b336ff4cef0c75a8,2.02488899230957
blogs,d0d2be0cdb8f0fb172d6026db973738f7643128eb96bbc10a41f6aa8165a07f1,1.83606147766113
blogs,76f8914e1ddf0f88c393908057d74e9dfbd52f43c669db3e646732e72f11f7ad,1.86491012573242
blogs,cb629d210039baaf6066fd958dd035d76ecddbbfb26535363080d9a18fa0baeb,1.84798240661621
blogs,02b030476524904f5cd6bbe0a57ac381aab323a436768c7ee8268577a9926998,1.82294845581055
blogs,5ad50d272e6946221e04435858f81d9f0c9923526143076edf56acd47a0814aa,2.07090377807617
blogs,1fe5b1eb97daf7c90f917154ec38048372c1cd5ac8b5181841f847e888103169,2.07805633544922
blogs,28a1cb0630b7758eb1ae6ca6e0827769ca1eecb5ee411cf177e4e08cc1c0cb83,1.88899040222168
blogs,14a36be0824e09c7e78496fdf411894c498ccd9b74262ca5be88d413c54b1782,1.89709663391113
blogs,99acb487dbd4f7e6ac3d3dbdfa4c6a69c0d60b3f9920123d79f3273e62fd42be,1.90901756286621
blogs,47fc59eb185968590e6d5b99e8e1ed6f465ed2ca9e9234a6c18f5476b58a402b,1.96123123168945
blogs,e3d7a7006d4b8ab43627c09bdc29b89d09bebdcb82283c9c4162ab81417e597a,4.00996208190918
blogs,ba1e2d492ea3f0850f91d790e29431dd0e5a6a8d829ff842bfb11ce5201ed69c,1.86681747436523
blogs,2e2a0302953543dc804e119cc705a29810c136bc28b737660a11297212a0be33,1.82509422302246
blogs,88fe3b69976ab892245cc85f8c8e351c75e892aa39fd98e8a5de2308cec43d2f,1.82890892028809
blogs,452b694a1e0a34afb3a9f2b9e127aa421111370eeb322c69bca5603a58d849dc,2.07090377807617
blogs,69b9ca5bdfc0be82940939d63fcdd94eb3f331e583fc6c911f29e9bd247720b0,1.87492370605469
blogs,a6d3d55f1c76e23232a561a9b0740ed503e3c395162f9ced9716b57dc43136b1,1.82104110717773
blogs,2757124d9b8c5371ec0e1b1645171ed39fe822934a1705f3b9da800791dfc3e6,1.82795524597168
blogs,9c62e213eaa1a9794ad623315af89821feea05e41a8f49dd48b00398d9daf338,1.82795524597168
blogs,e8380c090759c4cc6c04ffce2db1cb2d87934eac6774bdbdd756948ad14942f3,2.0301342010498
blogs,a14adbb06ea393f98d4efb2b1973bdd9d1ccd08ec7a6388d4d9563d78ecc1d65,1.87182426452637
blogs,dbae5b6133cdca9b943ae392348b7f9f904003479e6e05c8e1cef7e261d8ec22,1.92093849182129
blogs,b07a5b0465f0cd7000389ca850f69fdbce61b14e090a7e7ae73953fe3d804ac1,1.84798240661621
blogs,038ca8d1d5204f41d57ce90593317f8b009ae952b187cb84bf68aa74e8e30581,1.91712379455566
blogs,6152adc2b3cd9dc7659bf6400a4de6b9d3c8368231cfe39598361aaecf9875fe,2.05087661743164
blogs,f9de4ecf3abf679cfde67690ada653bb62a04f3c1f4c35f03d394f3093eb1350,1.8310546875
blogs,6749a8197bc6927166c0827da9c7b923df19601f8de04ec1bba84e8bb5a156b0,1.86300277709961
blogs,421641043ed6ea77e3817df2cfb9c358bef76e9471c558b95232f48d3ef83bff,1.83415412902832
blogs,18c1c392f4d9de11327c0bc74fc73e6845f2821f476cb93ff8b0af4f48c38ab4,1.83391571044922
blogs,9e722c36a6a315422995dcacf735deb1fe55403a1355ddc017f0884f6ae3b47d,1.92093849182129
blogs,e22e101c5fb7e47c2e4b3d91d5cd411188b83c59fdc9537ba8f60aa4c6d9d3e7,1.92403793334961
blogs,99bbbd222cd6f46d77a9b2a44ca6734be7c02570cc5d65a507173c42ae92b2f6,1.87015533447266
blogs,34686fda33e8f503cd48f9fb6b7a585b7202b79102f7be4decfa2c237e3acb96,1.91783905029297
blogs,fb41a721325ed5f640e069e804d3c90ff8620c61b70fb20b9ff07271decdcefe,4.20498847961426
blogs,72b9b9762b97d48659177a005ce12a1ec193a00caa2b0e113dd4e9ec2595e721,2.10094451904297
blogs,3b6236998450da989dbedae9d8cc15085c90fa4489aa45b89d1516019bad300b,1.81007385253906
blogs,8898391f8346f41ae8279d1389ba8eb7a6cb2f72dc01587d17f3ae40ceeb673e,1.82700157165527
blogs,b3764a5bbcaeba8f513018d90e3854fdbdf7e29fb65bb1fddf4a2d7fe31c8fa9,1.83415412902832
blogs,8b05392287516e911961ad08179425b8b95e86be47afbe8cfcceddbc6c50b500,1.8310546875
blogs,b5bc3d6c22a3da89ba9643afd60aad1e8cc9c236da07d2b3f2ce21ef12eb9963,2.00605392456055
blogs,e77da765d1a871e15251f56b740ba6099c104c0b50360c576c2db01d48f74afc,1.80578231811523
blogs,e03666b86135da93ff32a8c161a06ee602fe9f213000abf75744bc8870302666,1.86896324157715
blogs,d41cc03d5d1567ee72c1df879a7933c9f96c7555fe6520edf272f56d4384fdbe,1.85012817382813
blogs,5128ec4eb9e19cbe60ecd29b41ffc46851125310f017613c87416570efe2f80e,2.07686424255371
blogs,a1e5f31397dd4d975c3f66e2af33559f20a5d76fd348e7d161071f68c4065da2,2.04300880432129
blogs,82cf3f333346156d3198a16341da6f241d33aa11de936074952706032ac067fd,1.87206268310547
blogs,255412f1b8bcbe86ff1a1666bddf951c344f544e321bd9c710cb3679b7f30a79,1.94692611694336
blogs,817d911963e7523c5f19b954966e6cb3f85224602db98e6c33711511837f28c2,1.84893608093262
blogs,09b0a9a2f509bd085f0bf4e0a2abcc9de6c5e140cbbed9614fee9c7e0f6e6b73,1.8470287322998
blogs,e4b6d9b14e392c2163b38076955626e99e86f2d38703341462ece16cda4fc09e,2.09498405456543
blogs,e49b1a64b844e401d52074c0082180ef3ed37b955e47d4c82f9ffb7065e72756,1.81698799133301
blogs,1b1df5e2bcdbf8d1c89b81e551f6fd76011590ae0064bf4bdbd3626af6d13c99,1.83510780334473
blogs,f70c87d517a8e22cdc0cd9a3ff0b383772682f43dabb756277ec41c9199d8f13,1.83701515197754
blogs,162b3a2efc0639c7b87e687f14756011e6064af3a928144a7cc4c6ad9a43ea83,1.90901756286621
blogs,d3ff1170d70ec58856211d60abcf65d92f6395fba39c9ef90fd5754038452037,1.94692611694336
blogs,e210e17bb1bb8279f2470dde3af69ea067213a4ac9c09d3dcd2d1d2e52a1a742,2.2130012512207
blogs,1279610387d16c31613f0db2b9e91a3d38ef457a9805091833b8430086a9c6a2,1.87802314758301
blogs,623701cf984709511bb1908d9ffd53b4fef195c7f496452ebd622213602c2cc2,4.09197807312012
blogs,154836bcf14f5e5b395b537e91221497f805d9c08b8a23a6537a8934eaaacd2b,1.99508666992188
blogs,82b0731a836dcec8b80854584b294e5d0c7c3de45b762264c7f0d4abb863f419,1.88994407653809
blogs,86547b825387845b70f40913281bdc5cee86adcbbeaade762d41d5f91d2090e3,1.80196762084961
blogs,7ba94a7b176cae0eb5b9b642ed3b831f5a15fbfd901c1f0d18370e866d7af123,1.81698799133301
blogs,e110f959b78abf13f54ac92e06e3c3119d599ebd938f7bdadf5980953076ef29,1.8470287322998
blogs,b90d2300995860f893230a38a1372ffc813b97c9c137a2924ac07939671f824f,1.86419486999512
blogs,36d6b7c57df26c723f20fd94bb8bb5cb74ad48b099cc074c7c9a6f927b71d3c5,2.02798843383789
blogs,2279a325021bfc22900818eabecc5227c3b8d400a465a7153dffe0d0d0d6ce7e,1.8761157989502
blogs,fd60a12a3c2830d23a79507ae206394cffa8f1af7c5d024a54aa0b1b0bf995b3,1.83987617492676
blogs,111d92de056378ca05e1172f36f2c789c7aec698b85581d72ffaf457efd31a53,1.83892250061035
blogs,c45850fff84e8165c57525aecaa870577778471e844a6558630fbdf83bcfb62f,1.89805030822754
blogs,8d0cc5f237ecd8412c948915d310952ea93186d3eae862111bc9820a0e8ea63d,2.03895568847656
blogs,6d3eba3fc5432632c63b4f8a65695e647c926ad77113056352427428fcac2957,1.86586380004883
blogs,fbb6facdf5a07b2a7fa74cf4f121a01f1daca023bc5035dfd43eb9ccfd53e9e8,1.85108184814453
blogs,fefeb9424203a1a3738c49bdccdabb4c22e83ac66b690674181f2b1a235535ea,1.8470287322998
blogs,11fe4e98956ae17c1eeaef658ea75aebd8a1335ea83674327ecfab001705ccd9,1.85704231262207
blogs,6db1d85635eef73e2f034b55fe1072ff26636655d5384082309b0130e3fd90e9,1.97100639343262
blogs,6e0cb8ffa0736bdf4c6c78306cef58e783729a960fa3158c38c7abce9601b5d3,1.82509422302246
blogs,e8982c1e614d4064b2beef4c15439679a4b96ca882f26429f6de616ddf1ee92a,1.87993049621582
blogs,d0649c78f0c27649a50842ed5135b051581020c43da9dba8b20a256a6a4a22a2,1.8470287322998
blogs,c8b5b98bc9c285be8b174684599698c7396338b0fb0600e1f4a1871938d19505,1.91712379455566
blogs,bf177644fde256b69371134d440524225797410500bcaed42fcc74c1a15e8cf3,1.88684463500977
blogs,b2e475ae318c348b84ecdc4fa3a2fe546835a1b8668ba5c7cc50af6eb4b3e8af,1.95908546447754
blogs,40d48ae67f2d6e4a38f6ed9ddf8e0b4c351c2fd1bc2c3f695da1a633376808b1,4.29892539978027
blogs,4a468a6174ae3ee8071a22aca09de28640cc6ba2ffc8222489b3cfc6251290cc,1.85084342956543
blogs,96864d5dbd5f13b5904a6586c854aa11537143ce513926b70b73c9f55e65c6a1,1.86610221862793
blogs,1d769ba1b6805e88eb038154c2c75ecc51741829e17925f6923dc9a8494cfc73,1.98721885681152
blogs,64e22898c3315452650a4b9453444d644dde4ae9bd6d1a5abcfc8af08f26e235,1.99413299560547
blogs,388de277c8a5b263cc5b924ff3a5417565dfe4e3873f75d450715075ceb350e1,1.85680389404297
blogs,f68646d07ebfdeac3e0deb965ecde5a536a4495e0673de35c0a7231af23e8a4f,1.82414054870605
blogs,47b21f97f7cbd9839d5eb7698d09f2c3836253e53ba01c3940b65405bf5c9a1c,1.83916091918945
blogs,48a7cfb5fb40a1aecf92870d6149d67a8123f366b137b675994961f29309f940,2.03609466552734
blogs,612ca9870db6daafb87be101c3717b9a46db667b02a7a501ba43ddabc5fb160b,1.9218921661377
blogs,908cdca1b5589c716142658fe824ae8e23774084e6bb719b0e69bfa09457485a,1.80697441101074
blogs,18a3e4a7fff6c7ab613469a76943774ff8b4116f49943ebd9d4d6e1b9e1e1f23,1.89995765686035
blogs,09af0bef9d3ccf65674d9055f2f658e308ad78b83949982c44c5c5bc82b58088,1.85704231262207
blogs,74e9978463202b732f7661f6d090221219b1e79a8332571fb0b6aaf1e1c86245,2.04801559448242
blogs,58e8b334e9bd8fe6a2e711f01f0caece0dda5fdbeac0382903c5b642ad140672,1.85799598693848
blogs,2d64e2208139e1ba49398cf29102ae3e3b94247b51c523bbf37cfc878b4ae659,1.8460750579834
blogs,2a32c6d2651f98e5592e1af73b87a3a549da20332b9edeeed08c2bdc289a63bc,1.85704231262207
blogs,0b18cfdba28b91f057a1a12f148704fc3ae616e482da5af895b3610328a2ae51,1.88899040222168
blogs,c711ce3682822ef32a2e9db8fc16517e6d9dfd8c3076982c0ddcf57c5eb3502c,1.97601318359375
blogs,d244bd0e9f8f5c684f48691ffb55dd3717d401fa43705b1c380d0dc560ff4d3f,1.89781188964844
blogs,8971cc9ac151caa85cb030950598724edc7ae3c88a5155afbe0e506bbbc5c2e9,1.91211700439453
blogs,257417f663106d8e29e8b9aac519ba2e73bd3a016aff6a71808ff81fabb300c3,1.87110900878906
blogs,87b3428a070cdf4bf0e4b0a63049a196ed38ba3a8edcbf27fafa64a5d9239bcb,1.87301635742188
blogs,e8c37d16c23670e2d0d148fbd176e6600baafa6961a08cfd31e37643608b8a6d,4.39190864562988
blogs,189aa5a9a3668f54508de44b96d257043172eab5b819fd7dd6def08f16f841c7,1.9071102142334
blogs,7ec15b9c9407c96b138a26f3d4c457265f1bbfe9874f5c25d76c4d1e5579be8a,1.85918807983398
blogs,9bce4f56662abd627caceebd4bf248bc4865be4743df26e789877f08b8dc529f,1.86419486999512
blogs,d9b7acc7990ac696468328f71d2d06631c561084bf118d9f4d5ce9394409fbfc,1.93119049072266
blogs,01f0de617003b848d6f46742e35d3f69a894be1e9e39c389e02e15d51663acd3,1.98101997375488
blogs,a2408d118a5fd8190256c457cdddf7e1745ae7c25278c313afeb228d3ffcb00b,1.82819366455078
blogs,d42487523fef00c9f1c0daf2c7ae0d3c5c1614d1f751012d6f312d9249dd4a26,1.8460750579834
blogs,758a304607b8c0d5a59a95f989e91483fc5ccaf7f4a2f2001b12a6782ea17b32,1.84297561645508
blogs,23d2ce9f895df3b9a56ff5a0ea00292abe15e86813d20d7090b5757316290d2a,1.84488296508789
blogs,8c3c6e8f9d200828dffdc68677d6fc008f5d61442c63902e4dc31f376763b4f3,2.02298164367676
blogs,7aea0b8495fc317bce3277c25891416c5757aebb61b034962f3db9006b72c258,1.82485580444336
blogs,2002c498c2d902781cbfb483b4917517eb062f37385dcd8753b9b3c04cf4a7b5,1.84011459350586
blogs,1bfc4c5861bfc41aa0ca6842f51de4282a953c4b1215f99d07fadcb95727d0c7,1.90305709838867
blogs,dda38548e2633e10c679d38db900ab621b1645daf6e291f76decb9f4b1746a1d,1.8310546875
blogs,e63710f89dcd3868851c6fe60e1751aed83e19c2e7c55a7c43759f66d795f023,1.96599960327148
blogs,bf0fce42dd50099e038a940ab0a1e2e0585f7370ef03c7a837a1980a42ce3709,1.82080268859863
blogs,c526aeda8f3aa2cb4fa458e87b5db0fb3ee9bbee3797c5d125bf30be85cc4442,1.83606147766113
blogs,e124861e4a26735b8ec291597733336509b017abfc20842aa9842414c44087d4,1.80983543395996
blogs,12a2fd838efa5709690146fc1b89a2ba88df788ae791cb648da6004f120ce537,1.91807746887207
blogs,fb83e3c91c043f923f8bfce5191b55f759d21a118425d093b5406334328d50b0,2.02679634094238
blogs,f438ec9ae01958400b0ad69f6ac46b6b284323fe529aeb31adcd1d9d826313ea,1.91307067871094
blogs,57c3bc381fbe704eb616c63cd11d71f5671eff3f221a2268d653c7e1114d602c,1.91998481750488
blogs,52531756522e4370220622a25191a5dd1c295c77f96b2e9f38c59c9b111a2b4a,1.95002555847168
blogs,02f384fc5d4115c6eea20358a9f036edb4411b4bd23f22b3a6720e668b654acd,4.32491302490234
blogs,133ea56a7822f8cb29cdc38a788be8fd6b76c932755450b1252cfd7f6732881f,1.85799598693848
blogs,afad9e9db6ebaa33c61f2037e1870756c3f9cc23a15d026e788b96f440b54245,1.7850399017334
blogs,7e166e0f572012c083c1d3d9c43b9cb21cb37a34972286809e98dedecbcca9fb,1.85513496398926
blogs,f3edd52d595d265bac4e5ae79a6119327d60b434e84a4e9bcd0aea53869e5ffa,2.08711624145508
blogs,3fb1ea0c31cf9250bd0a874be520de90fad35e335ef6dbd09e5293ddb86aca63,1.99985504150391
blogs,8937e7c77427300f5147c4e5e1dc0ba3a9fb6af8a99c91d6f68543dcb21e92d9,2.01797485351563
blogs,a4a2525a064b68d1e8bed18f00637cbae7cc5879b44eaf555dfd820e89e06cd2,1.85704231262207
blogs,3942694d9349956bed7383559c8232993a5d89efa94501d793dd6f6ccdf77ca9,1.85918807983398
blogs,134c9559b990d10300ab8a40c2db1dedee87760d1982b8dd3fe3c1b56d5b830c,1.84011459350586
blogs,1b7075d3b8aa7524792ef04bdfe12a3f20394e3c5e0b8779d65e1dd2abde497d,1.85894966125488
blogs,1212d2f6b4ef3e14a96f4ef8dc1a319bac740f1dffd9f2a607c6dc9c5d6bb2b8,2.07400321960449
blogs,f3ea5cbb637997c60dcad10aecea7929ecc21bb85dd3cf3e2dffaa8dfebc6061,2.00009346008301
blogs,59cecc1a92c87f7e966e36bea77730eab703a997c53eb98fd8af275f72a2af85,1.91187858581543
blogs,755f0dff3ec5f2ab0f6c1c876e6cc4a55ed494a37e431aeb207282b9f53f8b46,1.8470287322998
blogs,e92faef713f8a352753b829c4c810dbf51cfeaecdc583369252562337ab16df9,1.87492370605469
blogs,16171b3cfa7a8bc43665d1209c4ae83f121aeec03cac8a6684cdb654fcba4ded,2.0449161529541
blogs,7379154f385fa1761d710703d2b93c17580bc4cfca5d76aaf90175f128d9f559,1.84106826782227
blogs,e68a741e461e73d0be3c86a0d82b55ac23e8f6da267f2a3819ea732a902caa78,1.85585021972656
blogs,6f96e24086e278a3936ee21eac70fddacd1cc0d3716956d5c22ad3f8a838c4e3,1.86491012573242
blogs,e715ee568bab145c3080584270c461c13b5a1f439571248aeea2b14295256087,2.17795372009277
blogs,c7fb958ded82cfeebdda3d702cafdfefa04457d42e9704233f8056a375c71567,2.25710868835449
blogs,dbc88be15d42853bf997a252bd5022e12454a5e65c04023a616d25677373422d,1.94287300109863
blogs,dda6b835f9ae316c9eca7f2389e3c2af4d94e3f98b21b35f24eac73ad99dcee4,4.3179988861084
blogs,8860f5eeeb5bb8571acc6f57a13af052c45de26ed2c8c5c097c4e4b8a534153b,1.86896324157715
blogs,baece39205665766ab745e27a4ce1cf32311cb9ce29bdc965069800f34859705,1.98101997375488
blogs,52fcbb40ab23532d072ded1d0ce2d333d5e1b25848206cf9bc162b8aab8edc43,1.85298919677734
blogs,a7427a4828f91e791b766dd6cd7bbdbabf61781d330c61b12ccce974c0b4f685,1.91783905029297
blogs,50c4d56a18e6e665c210dd38b0be9a6c53f3cfd24ec48ac3c4be725daee2ada0,1.84297561645508
blogs,b680165bd4ff9b688d459e2b465f791c8f71dce5628f7394596213c87b2ceadc,1.84512138366699
blogs,ebafc37a3860ec20d01257d79c0daa0b4efc48dc4cbebf6b6af05007b08fe29f,2.07901000976563
blogs,a6e2e1916ca68142f0860eb158f5bed13a778f0cc5956a24af08c70906064f79,2.04300880432129
blogs,d36cb2eb5d49baa806c9181a4651038078ca2f71add9e6049711d60f9a56aaec,1.84893608093262
blogs,7816fcbc96f75033a3438f2417d0e598653a45952083c90b7acdceae24a21804,1.88493728637695
blogs,ef90e487c8ba237e210a493e9d07b9c4d828bcd39cfeb836b6c4f00318b6c8e9,1.8470287322998
blogs,b681a98e1df6f8dcd29301047c07f887b460c3d69fe20297e4921f54f7143fb4,2.26092338562012
blogs,4a24ab7fe6c4dcd9428f4e332de1d0af5e1db73b742b6778f6bf52592ebc6da6,1.96290016174316
blogs,ecbf2135e61149ee05a0ef01563a064d7eba779b5928ea9a6c3466a956aa1fca,2.28095054626465
blogs,03f04c3b625a66cffa4d0be22bb012f9534a554b08ade4929f6c512437085b7a,2.00414657592773
blogs,1c2eaac3893a1a8d092814b6851b1cda89f44d66bcb038f5575f75e1722a8b3c,1.85203552246094
blogs,11e02d2adfacc0726457bcf879942d712fdd6d5012418d35ac0950fcc34d57a1,2.03990936279297
blogs,d0649f1aca070df96e154d00667830328790dab828161bb7fdfdc1bef3258dc7,1.87587738037109
blogs,93e369c3645dd0a546d54880c824497c8989f0e33cf16549ccac22c2e5a5821e,1.84416770935059
blogs,193c32ed3e87a7f21f97377f2e490ed87431986e088cded877ed9fd8f83dd966,1.87397003173828
blogs,436e5f40af4c1762bc4c2ed423208bb543333a523f2f97389522426479db4b99,1.90019607543945
blogs,59e17fdbcbece29ad8e4c6f2e8cd319f5d048f7058b426c2ae4f461e07ebfbba,2.04300880432129
blogs,8869868875e7173a35c8908f065b920fd573c01fe8bb7d061916432eeeccabd3,4.15802001953125
blogs,6efae00d4559e05b5d370fcabf6cfd6581fbcc8978fc06421aa7053ba3037bf8,1.90901756286621
blogs,3838ed133d15ff591ca3caff219363ea4a81b2dc529a5e58c0681d6b97c6ea14,1.81388854980469
blogs,9b377d7897157ba7138902804423dc1682aa4356f313a9ebb054731884f0e421,1.97911262512207
blogs,5eca922805e213b3797ec4fdceaf853ebd7db3827bfbd9b2696e774d139a53b8,1.94001197814941
blogs,92d25cefad4d917ac7e18c8dffdcbb3815f9f67ffb452b596c9ecd926bbaeab8,1.84798240661621
blogs,64df213bdeb924fee9dfd6e2d3d66e11a3bb9ee85b9546a3a69aa552bc39d9c5,1.87993049621582
blogs,6738180ed25c3a86103c240dd3360ebb99c7c77ce0ed75ee4ecc1c51d934f839,1.81317329406738
blogs,1b17179f51935abb5e31240fd4924a7393ad1e9a5e7f1a2527be3aa5bbc50b24,1.89399719238281
blogs,67e77e54cc5cbc0e40ba54ba81a1c2cde00b56d46bf942e14949041e4b0c6bef,1.92809104919434
blogs,a024d6bb7ff785811477fed8cb2448f04e259c75e7a411e5c319e810ae864d9b,1.85108184814453
blogs,b136bf7c8a7eb7a2354d1f4bdd2c3f42eacf020469ad50bfd3fca0e88a3fe745,1.77788734436035
blogs,b140dbbf1a0239d0f92831445e5ae2796f765a57a30737057222517ed9ba9406,2.0439624786377
blogs,5e292593138d4ad67320db1c64ed9fd4dc42498ab9f598e94db62405127da644,2.02417373657227
blogs,b468b49cae2005657b0aacf5e6b76e3ee7bb9044fa7c6d537ab9247520c0051a,2.08616256713867
blogs,2673481964a26fe2987d73e5f9f092e27bb2bc1b2a017f48d0dc64cf12d3a060,1.82104110717773
blogs,fcc3c0fb847004ff54e3b9e96cb86a6799edb9131f86b9a5ee179a9433d80e1f,1.80220603942871
blogs,39648176c1e15035c4893c99d440d81cbff4fff87cbab37e51aacdf31a427dba,1.83010101318359
blogs,9c42358124bf3a3d3183ff87d6703f2dff174509019438aa4aa3436298ab41de,1.76787376403809
blogs,98c013b8a143f6f9469cd516937f4bc2d6c7787deb47c8b5b6ba3197afd84905,2.04300880432129
blogs,efad4f5b77a849e1d5fd1405675ee647613c338474aedb6d2a3c1b2298407090,1.89304351806641
blogs,8d946bde5bbd87fb2840fba3f70d0f6b4de82e50b44ae23e706baabdb8f5940a,1.92594528198242
blogs,4a18f731656b91411dc8acf7d40f730fc411e75ec60fb7fdf0918313a653541a,1.87110900878906
blogs,41d90b10c21b876bfe3b66340924dab085c11a23f7d7f0c058c01e47c6807e9e,2.01988220214844
blogs,28cb59b1cd5463d6d4d871ffb385a173678a2823bfb7f14f46daba08696579d2,5.06687164306641
blogs,0dd17adbcb5e417d27e063f5f2324fb5970e94ffff24c1540a882b58af4782a0,1.94597244262695
blogs,2085231252b16c7d2b1c6cfcd8368f11c68075281a590fa26090e752ec213ea5,1.84202194213867
blogs,e7ae425c70e756d01fac3fd796263e157e6a1cdb38abafb86d0f91b6c05254c6,1.85918807983398
blogs,d14e006c0613e12882c8cd171fb672dc3ae4eac5a4dec62267ab5b6715ee0a2c,2.03895568847656
blogs,182ecef41f740c2df2da3af872e4fdec6f9d52c83e6b6b297d426ba88bf01091,1.85704231262207
blogs,ea35c206d97b421b20f57dc8c053630a52b554da8548f91605b0a9c85f14946e,2.24804878234863
blogs,54d93306758be2c08c7cd4e603f33e91b29a18681fa53f544ebdee422e063ce4,2.02798843383789
blogs,a0cb3a7fa0861267987b862d96e8a08be21802ed8edf073cfb92538a51f34412,1.85298919677734
blogs,3cbbb065d35b30a38a3a8248fc4828f555449c03b149ed55511f9b80bc54afd5,2.06995010375977
blogs,7c1c610be07c818a5cb151704b929ae25e632446abdded6d5b281c7b69350b23,1.8768310546875
blogs,d89a89e8acf79e761c6451b5c69634f76cf03a8195308f80319dc1b872e8857c,1.82104110717773
blogs,612bb36fc8df449a285650677651cd2a0d05f551f4fa1972b142e174f110d9ad,1.86395645141602
blogs,eda239c2a0398cbfa1779f7a80f9a51d624f3178488a0b57338eab20bc3f25b3,1.84488296508789
blogs,6e54a2e354296b3333918cc02d94170490de743c7368b3a0e36da14d97157efd,2.06494331359863
blogs,89dc690e5aaf5b367bd6dc9843543ae3b517f22c4f9cfebea4107b1545de89d0,1.90114974975586
blogs,a180a64b0cd875a3fce2100210576d048d9bc0fcc761f7c038589e3d44a4dd23,1.87301635742188
blogs,9e83d37a35768e69345d19fc7660c570c65b94cce8260bc1c2f93f090fa53344,1.8310546875
blogs,241bc02408a2da790478e43dbb702d54687b2a98466cf9bcd057d724dac8d146,1.85203552246094
blogs,a3f15566e681b7e12406271fbd282ea9a191dc98e122a44a1d86968ae23fb738,2.01082229614258
blogs,494aa7f3ca82b2d33fbf9388e8f22032fd3218cc43f4afce08bdb331e717ce12,1.88612937927246
blogs,68d4b9f0e77f4c533097ca8bbdfe0e649f9fa8a34cd7518d3089a93100f6ab54,1.91020965576172
blogs,668f8d6384a743f9b58697f6f6d5b403248cc233a073b24cff35a16d06f3d727,1.88112258911133
blogs,612897a2553509c26e202b66eb2ca1fcd0c1d8c74370919751857ec7e0a8d504,6.91294670104981
blogs,e318fca9732af7ab7c71d61d3fce44dcea72deb1bfb31ae2b087120b50bccb43,2.02679634094238
blogs,1f8b5189ddf0f6de18028904f59d0d485c0ab031e2a807115442588f5638077e,1.80411338806152
blogs,029dae62ebb01b3aac64fdc4139cec220010b008e62bd666e87fbeb6cb736773,1.84798240661621
blogs,e68e2b2307fdd7b229db399d04ae296d84bab6e645f97912062365b39ce111f6,2.04086303710938
blogs,366db406a025f4806e7cc712b2b1f87d4c62d48bc0dd58524c054394410e76d8,1.84416770935059
blogs,21dbe952df1009a1c2ac481e46bb37b5f8e82e8132a43b550bf0ab76c27b2af2,1.8768310546875
blogs,7a0b04073bc000c721c4c25e9e1bc6501fea6a95b1e9698aa05d9e2429404b3b,1.8761157989502
blogs,7923891f78958a3ed1891bab7e2e919cc89f7e4e784d0fbc65f2ac5f398de338,1.8618106842041
blogs,84a79ba85ca4cff5fc6d909ddea8ddedf3ea3491466655c045f650acf18a09b0,2.00891494750977
blogs,91d81ca39d36a3df29407baecb8aaffd1a4adc9e4d906a8e054e3df5a727ab1e,1.92904472351074
blogs,027f06305ba106a3a797f8ebfdf472862d4882ea8061902668f55e1447b28c3c,1.85298919677734
blogs,002f82ffb0b65a85113838a408a9b608c198d3c3dfcfde79978b581794e20adb,1.88398361206055
news,83dd75bf8f2508bcea0869f4d2178065a06cf3de3535377d0f8dc5c80ab1cf60,1.91187858581543
news,32506f6753965cac5317357e79e4d80beef8cf4291e16c6fc5132c9e496703fc,1.96695327758789
news,6a58238d9513c04560dde26e07247b4a6d7c08f6fae42b4d6faf7209cbd049d1,2.09188461303711
news,736ba932f6041e31d898962e130be830ac3bfa2d8cf1fc3156635542c713a1fe,1.95193290710449
news,f52056bd7e855a35e79b7bb39d254116a651b54b26430585651c67e6a73ae3d0,1.97696685791016
news,864ccbe8c559801b374ae302ba3180d0e50f85a53b5e8985ef578b1d3a1cb041,1.96194648742676
news,22cd1fe9b1d5b7e9ecc7d2928d7c100163f70bdc90ecfa0a1c88137541e54d78,1.89614295959473
news,2df02cee1a5a6897c2e8e679af133ce66723cc0fe6336bc102821420f98e269f,2.07209587097168
news,0c34f1a97b4bb234a58674875e04f570993887c0b196dc97485708de2e7f750e,1.94597244262695
news,b910c56ab9af197da63ed8b526132b3449f0b1239ec5108ff6b9c71a80a9b94c,1.94787979125977
news,84229880d87895b7101c93467ecff07367a724cac743bd4f8467d89dc4e2cb5c,1.95908546447754
news,ffdab567ec38a32c45ca76cf97eee17404d69a5e0af77ac762e68779aecf481c,4.65583801269531
news,a1ae11962ea17476f638083f43a81f5a845ae4dc178efd7945dce9eed1460b2a,1.94597244262695
news,d27fb261aac280d2b87f5c6b4f407e1fbfb4928dbab1b86d0fda3d4717dc64b6,1.81007385253906
news,74dc512c5908cf3a8686f2f35be2d3475f7a01dd34c440f3886d3882dd7f4349,1.80387496948242
news,fd328ff3ed73bf3107eb4252f85800cbedd29938aa0b79bb748b47c2cd562796,1.85394287109375
news,7a56d36e7a8b8940b5821a3d39a4e3df957be33e359d2b7221096b77659eb080,2.07614898681641
news,63ff7a63409394f2fb57b38f070212d5b64e3d4d593b487945ac7d9466c29e9f,1.82104110717773
news,e8b316f0ac51b4ddc379eb4268f96e0ec6ac03ff74dd3cf70d881cced60d499b,1.86514854431152
news,9a9a686c4cba115f41776577a0efd9a4fab05f147abcf01d692845a7ca92919b,1.82080268859863
news,611a919c5517fa9516c9b1f7393eb9d68ec8c3e91c384ee70e01616389248e4a,1.85513496398926
news,845b56772137b2aa3cb604cd982699e0d7f363f91bf88fe24f8772a38a3070f8,2.03895568847656
news,423b3f294bd4c5222b2bea6ef06a25eb5903b6b0c4061dca94df773442ab8766,1.93285942077637
news,660f07c7510a03ca4381609003b2c913e6c0b792fd6f2dd130042d1c11806802,1.89995765686035
news,0d77be57c4e07df2db1b51b7255b0322eac0ce7e0e88d327ff1d9d98368ff225,1.84488296508789
news,f504cca57818a1127c557e4471b988761c9bf0a38f0f770cb6d26a225b03846d,1.82294845581055
news,f78b9c19a10a9f65addd4ba1bc8712ead8cffe5199590dbb320674e0f352b6de,2.00390815734863
news,3b63e3d51342b5aea482fabdc476af776eeae6c4a3e8e46818d2937eeeadf58b,1.90210342407227
news,7cd7fdb609e4ccf1cf14f9f2b21c4cdae3f5ceec7690fc74f2675f3d1b52d8b5,1.80697441101074
news,da0916ad603dcd0c597c9302cbe89402551623f4472afe2925afbf02a17ad567,1.83606147766113
news,d158abd8453debbbf563c2192f3b073f483530fd0987325c1b4b1c62cc6c12f6,1.83415412902832
news,8d74a61963ebc49a7b7c6437d95a454911007dfdae3e6dd1a051b0f8ae85f0fc,1.85298919677734
news,4d3708b4e1360f3fd5eeb75e3b9048b2e39a7fa7eeeb85131954952d76bdca7e,1.98817253112793
news,6b1703a430b2ac1c53fb6899c461727422549573e7b2f87045f81f68a15458df,2.05421447753906
news,c95842fd8fc2646bc0f380e8a250a4a16808e5ca9f5c66a0258bed6e5c195e13,4.6381950378418
news,e6eeeae5a993f43f58e81f087e436406a81c6c6453dbc781c8ffbbf6af0ea8fb,2.20489501953125
news,17de0c07bf742a318d726d46222e0e74447b66fb8fd60fd31ba98b0a9459edcd,1.93095207214355
news,50550c8c6ed2deab2d1a7b164e2fbdb3ea978dcc85df358d90226f9d1980c289,1.79195404052734
news,638618843500a11fdda7269a164e17931f2121d8561c1126801124ca8d1aa9c9,1.83296203613281
news,3b76cbee5ae5a02c35f52656fa131ed478ac75441b28d0e2223aaeec48952be6,1.83200836181641
news,addbfb643404ce4fd7e55358acf0d3b0989c0ee7b5e713ba89d1a05d78eaf037,1.96099281311035
news,fe4acb879b576d93be3a662a8f8b02dca34ea6a3bc3dca35e44aeb52bf287d42,1.88207626342773
news,7096fc325ebf8e1174dfb80165d32e7760f2933881dda021020e7a8904a74f0d,1.83296203613281
news,ec20fd0600153004f082896557f1ff66fe5fa15be286fd38a6dc84af7eac960c,1.87897682189941
news,f624a22b5617647b65e058ff2a89fb5cfd6abcea31603d4949af9d948a83018c,1.85394287109375
news,ac0e470f623af949845602db1261f342802bd1a37b779f8ef7dc4fbcbb61c064,1.89304351806641
news,e9ba67bc6a2c6a5b2eeec29772c714d9233aeaa06660876c7d4dec54a0890b2b,2.03704833984375
news,52d8cd37d51c16047d61c8babfa6d8d7492a1d5561b44d47fa05d1a99c51adfa,1.9829273223877
news,72880f61bcbb1db9306e0546855681ac6876160493df5706e8c56089696b0fde,1.87897682189941
news,14125cd8a5391ee5f03fbbc42451b122dbf167ce6ae861c19f109aee2610caef,1.85108184814453
news,7abb6ba98b00316a52996eefe4d2e21c6cae55cae5866e3af2b8126f0899b542,1.83486938476563
news,21fc2d93a0c6dd87e42d06e71a27523988121ae294523a792e30412f3f56caaf,1.93595886230469
news,34d02c34e85358358e5ff3ea15c2da348267668fc7844bc81bce70869b730ebf,1.84917449951172
news,0287334d8cbbff223bb78bbaec6a40636475a5c55b9aa2d3647040433670d2ba,1.87587738037109
news,4d3d7d579d93d2871e6aebbbd45913922dce381cdb8f15bc4fe28eb0911ba4b2,1.8310546875
news,46f34a4639cef0109926bb70b28cb2d834f6e04405a85b6bdb3825e45ec3eddd,1.7859935760498
news,55ebb786c564060b0c816d9edc473291325107fdf436180abcc9380970536a22,1.95217132568359
news,cbcd5a0286864c510ae81051145d78e69e363c5827e167d14bbd8a5511d006ad,1.8160343170166
news,283b80306f77c2ce3860a2b2287b4f45cb387a1a3d86447d9512ce363b9d94e9,4.41813468933105
news,f5575a6f694655fd31e735b8d930d8f6754d513723c89a94ca5b6199d4cf67f2,2.05183029174805
news,731c7d1270b6ca80bf5729f22ceaf978c297df324c4efd0e77fd0e151a613fc7,1.92594528198242
news,27287482dbe426db925de7e2a28eeb08c608513f6a62ba8b832fac26093867f4,1.80697441101074
news,3027c9a94112fad9f40ea7a622b58184530319c09e0af785446d5bad2c43b304,1.82509422302246
news,ce673c9b0aed776ca99bcb66bebd4552e0da81ee59440c5cb17f2dccf643389a,1.91998481750488
news,cc2985a5feb1381cee3260114d0a5041f94a439d2aefe2c798e207e3cf373722,1.78384780883789
news,d53e18d97cf069dc5f6fb4e94d10fc412650d6bdeb3be204fc01c03d7372ff2e,1.91903114318848
news,d19771e09d86e0c781a7e6c9c9b34c6999082b2acc2076111eaedaf9eecec26e,1.88088417053223
news,48b53e3c2795baac28e2a04653a2bcad7c461454eb68ed065975dec8dd3e4eb0,1.84297561645508
news,b4d8762bb30d7d104ebd7e6f2fda549b6f5c5e5a493ba93843d9a20b9aac6320,1.89208984375
news,9767e23de701b8e2500cbc04f3d79922906e0c37b43ce10ecda7271b027194c1,1.88302993774414
news,c01965aa0786b338aa491d969d704fb1415a1f6495da9f3886ddf1b9eea525a9,1.86800956726074
news,27389e4023499ff8d29a894efbd9200e4dc4f17697b45995dc54ec3cb723c81b,2.03299522399902
news,2b61e7f8db2d6c42a92185efd56d351cf010e6986e4c59a448ed51350564a204,1.86395645141602
news,d05d154dc84a0e26a5379254b1a5ac2890916a240d6a4f23d4f24fa202ee2e9f,1.8608570098877
news,0f1f60d0a0f34f9d9cbe29c7a096440f49b12a8d2472b5754160975dbcf3cd85,1.90901756286621
news,581e442d102eb54bdbbcfaad0dad7f47ff4ef9579ed107a8db0f48f54c4b3f5b,1.82604789733887
news,6255f3e96de2e80e49ccb4124d26e5c95a385479f09552c47e0961704a662431,1.91378593444824
news,127eaae734ea4b54a615e5def439c08a018fc822e0daa29ed1dcaa59c8f96315,1.94811820983887
news,71e0294847030e464a4a930ddabb80f6c701035bc30e285752fa3ac77975b78e,1.8460750579834
news,35308fa27759a0ca1bdee966534c82148ab01b7ec35c94d97c4985dfd4c2a039,1.9080638885498
news,646f3ad5d31128c5f0bc8492ed3ef3636ab1821d6d42e81749933cd98884c09d,1.86705589294434
news,a1dae251e741a29b4f8d9c095c489b16e7402334eceda0770da91090f6612fbd,2.00104713439941
news,5ab0758268d19a9b4c03918bb3db5f0df6e27724aa61260661a882b5df40a635,4.61983680725098
news,daf92251b8f8cd4a31e8db91a36977df1012d8bf810ade11f8306a12e7d1e861,2.00009346008301
news,4130a8e79a5a8ae49c28c9f861eaa6e40b2df758cd77d8c5dab0a8e4b461721d,1.87897682189941
news,e922e265c8ed3c9286297a7a904754496cc142c7ca5e533309d8a1a343d14dba,1.93190574645996
news,8b905a932f1c888059942db9359a6b9c0c1fa5f924c791258ee79be945ac6dc7,1.84488296508789
news,9489d30a7efe71990871840d6721f2ecf84fd054a2dfd4b81225110ad13c633b,1.86610221862793
news,d44d743f9f94d4d464e3a7ab36ddaf74a4781b1e4f787f94db18f0deaa8ebad9,1.91211700439453
news,84043a011a14cac2d1fe48a4c2236e78dd87960c7367a4f3403ff9676b99e478,1.86300277709961
news,176802e468004bc4c8bd06b53864e148ddc095cdc7ff68bc869db7cb8f06490e,1.89685821533203
news,bfdec013d1febe8461186060136fb993938dfabf4e16ead200b12301d5437158,1.84392929077148
news,3250ecfe7d075cee01f4b1d5eeabf119fcfffab57d5c32da6b4ed675ab03a7ff,1.86014175415039
news,f8f7a819b04f6c2d5aae19b42ef933c04d90f9ee28bd2ce657ddff544b2bc432,1.95217132568359
news,c5b59cf02f4dd3fb41954f7956ff3e9ee327a1d4580ce7878c5024297f383f62,1.90496444702148
news,b91fcb50ff3e250f72b3230d72e2f1e620492d4597b6ce042492d0031cf48683,1.86586380004883
news,850981272ae105dd29e9af2ad74014404c19dbb60c0a1788e9277167c1ada184,2.05397605895996
news,3f99eddd5777bc1282ec4b05915f51c0b5c178e2815f4096c25a37e206045632,1.88803672790527
news,a66aaff58e47e2a60abf804e653c1bbf42f810663e6bdaa838e133ab862b3306,1.80912017822266
news,de2d1de8c4881545fdef27eb382476e0223f03c9780585d74d7fc09d66d0aff4,1.81698799133301
news,afd4e78ed599ad69b8301e1dd432374d4b8d33446a0812cb87aab9f1c0998888,1.79719924926758
news,7e8fb3462a8f0205d85192b9561da046ab66e26f3bbcbfa15a56855a978ffb96,2.05612182617188
news,a206f3a666508bd71560836f980cce23bd3aa3c40f69ae69ed0fe8710742a6db,1.87492370605469
news,ee0a4cff6112f5ff183837796888495ee8575e9ca3dc33c4b7599b6533482fde,1.84988975524902
news,e93d43a2d6041d8e2f5be431109340bab7fb9eede627561a498414ebe3c9a377,1.89399719238281
news,621a17afe0b0d11c63ebae91f09c21663d196dbab3633c97eaa30a986e0e8364,4.53686714172363
news,e98ab31df4849a66080397a14b03c98529ac4147a0eea6a6aa4e2502ee88027a,2.06708908081055
news,a997acee092dbcd36c68500cee1bd526fc13c1f742bdb4b8700dfca6a688229b,1.91593170166016
news,8e50fce329a6efe6a53636a981261181c55f775c45e5b74dcc6cb0f5158c8392,1.85585021972656
news,45b48d5f08607e20563bd9efcd43d702a2842d4189fd89f23fff0d1254dd334a,1.8770694732666
news,4fa70d2cf0546eed876ac3e21dc13e3b12ebee62fe0bedb5f63fb3323e9cce7b,2.0289421081543
news,58e1cfb5e004b472e5a66673a51931edd2020119c5c004100870ee24de6d4f7e,1.83486938476563
news,2520defa2c60d47ec423adc40f11ea3b3ccc3c9b1d30dbdf31447597a692dd9c,1.85799598693848
news,568e8fdb7118d2eec8fe0bbcb40a5b8d00345395c8f1bea1853ffbc86fecc3e3,1.82890892028809
news,1839a03550f951b0ae5b3a4268192c20f60e8573c7ab4a90fea3cc5c09b1544e,1.91712379455566
news,0e5c9a0b9f552d8ac7b1eaff83be19954dbcd92a73508edb2dd76e89f1b5b492,2.04110145568848
news,2e1548ad5b9d51a19559bcf47a0f4f2e3f56566eb5e6c96171ecbfdf45d4e3c3,1.92499160766602
news,c04b20fdb6fba4ef55057b9a1171212fa1273d0d30db21157fae8b42272530dc,1.97100639343262
news,e10dd273e8709404bc2e7576e2da7887359e8e811ecce93b1fa2e5b19f0b01e6,1.85799598693848
news,2de45fde0480a18a18e06fe687e938a15b3ca58c29a6986433c7306f8a4c23e4,1.84512138366699
news,f1f5ba2467f2428527ed6da0c55a0912d911ba23a0af472015ad387969537489,2.01988220214844
news,3374dbe69a4f0c6320bcbc0a1d9ee871aaa638315febf668e4a3b1af77e0a334,1.84988975524902
news,edc16a3548288cb7436b3b5c7b4dcc8b77f5d43d3bbee9029de8f487ffdd5320,1.84798240661621
news,30a41e70d201b945a5a540e4f5acad444c7ca77adee592bfe96a0174dc83d8ce,1.85608863830566
news,53113fc588d6a6bd5aa0e84f6b61f500e741d99d38bdd3927f1c780b03abaf29,1.84416770935059
news,fc6e6f23a561287f502ea989f1e2fee16bc113415916590dfcc4f847075f4124,1.83510780334473
news,be964902ca3f00f57abb399ed62f0c080a3d4cbac467989f663f4416b52e39fd,1.95884704589844
news,2fb69acc7ce38e52966c23a4920b196d81366f4ddbd3a3be3c16f56c1a60f4d5,1.85608863830566
news,58762a6f0402bab0cd5129aaa5d58733beadadd243ab66cfbf3091336ad3ca67,1.93405151367188
news,66b78884d5cf6f62d41943facab1fd88d6eedc90cb4e5f791925c6bddbb737be,4.76813316345215
news,972e02d9e7d9405e79473cc57a96a2d759233f9d9d69ce12ec77726f30437803,2.19607353210449
news,b49a13c215e6dbd14137cc4535c4e19b186798a63f71498c5408bedd0f81b0f4,1.96218490600586
news,bc7099cab6eedde01bf3ef593cb2c3c0e8803c28371b12772c4a3e9cf910dc67,2.01821327209473
news,4b1019ce18560403ddc1ac62d7deb1c8526faf457d04f872af19837240c29190,1.9841194152832
news,ebdacb66a2362a2e914f415c257ea37a0207bd62dc89a6e2074d29e533d8b741,2.05397605895996
news,94099710955484ccbcb98044672d64b98b2378b9cc519c0bba3aa4453d674ac1,2.05087661743164
news,051a8bdd29f0a153b80189a30f94aeec8ecd95c9353cc89cfd37b60b26c9e372,1.87993049621582
news,43b72024a28d46a15ac9d32fddf8bf9773ee2ef3dc23b6511369834a65c7e41f,1.86300277709961
news,43151cbc8b2b8729240c59ff19a85ea06e6d2bcccf2df1f236e1670bb69e51d6,1.85298919677734
news,32d74b8f6f5e55c10f9fc20bc81fe526f2ebb8f817324ba78d332d5e667ea73d,1.9080638885498
news,48bc60b083cd243666baed42f90c9cfc6c71c37210d359a4d1385263a002e540,1.94978713989258
news,7426bc9d9cb1ebc91a6e9410edf362d70689a90efcae784cbe7b3b3f56fa0297,1.85799598693848
news,fd1999c656d75f5b59967e310d616d9708b76a3120a66c643c89f9313d81cb3c,1.92403793334961
news,c82c396c2840aa181afcbc1b11000c21e2879af97e3f34c4f85d823b5e35e055,1.93691253662109
news,fa318e56899fcd9a892dac1c875df696fb194a896b1a412718c75bbefe793c70,1.83796882629395
news,f85dde1a22a3d1c51b73aaa68061aeef4562ca6ec9cf7675178eb7a8fdbd9bc4,1.8608570098877
news,fc39219e3bca2bb1bad5ef5f3e1a715c9e81f98a1daf6301d8b50d2932edec2c,1.84416770935059
news,f1585016958172c4178eea568f80e08fa498e6f7d9e5790446c032fb5aa12002,1.85108184814453
news,c59ef60cb004db5d439143fad2a5ca438576b9e4119d6269e64827bafa25887b,1.85203552246094
news,c0c8b6c93f50b307415b9a74e4d0d16477376e91f0f18156a1b50429e6886ffa,1.81102752685547
news,589006a7a93e290aa08320a6cc4edd29ee8014d728cf16c647b2ebfdeff860ef,1.86896324157715
news,3dd271a1dbc21561369b915a55740808425de8971b525cdaf1f030632aed3943,2.05802917480469
news,2006e255c1589f8d3e3443dc6359b7a9e374d4e89c94bb50319c27753f790af8,4.92000579833984
news,da536d5013eb41d9af568e9a8a124370be30ef7a55ba8079fb4e3cb301c5dcac,2.05302238464355
news,20cafbf6d1bb60732845b89ef860d8bbf821ed5d132d9b96b335b8d7e87e0c0d,1.94215774536133
news,d9fe6c60c08356bf3f3c9de29dae25d0c83579927f87c9bc7d5d8af5b4c2a30c,1.84321403503418
news,680128d9cacfa599e43b40f14121e9662ab2664de45ed7521188770c80e0dd5f,1.88899040222168
news,3d0e7a84c78fb693f8796ab4f54d1aa6358207898fc082650e0f9a68e79ae0e0,1.91807746887207
news,cd6df936e2e2d8b1518995860e8dce6452605dc9e9be738e4c74d6e1fc36b3a6,1.94787979125977
news,0467e3649985e0075a50a87c9da2492716814ba2c7d887816ae2212e34662108,1.96599960327148
news,ad540697694fa0e24d54d855e2cc30dd640a29c503723f130f9f3bd28d959b00,1.85489654541016
news,30c90e7e0afb27d2fea93e5a54df580e1092995ac7ac4d861fc0cbf6d7b48d81,1.88803672790527
news,c325eee2fc7e6d302d02b600b7c244e3f72cfa4eeeaa0ec383aabc4f483b70fa,1.86491012573242
news,2e02208d34e5f3b0535149214dafbbce6b924f9aace29bb02c51f6b7f5ae9bb3,1.95908546447754
news,c82408606c52964dd1fd14a2dfaf85147353b36c3c7a0f4782c068509a457e98,1.99508666992188
news,6522d5cabecc1aba7e0212535052f93ff0138cf7056be910558a1df1aeee1420,1.91688537597656
news,6a74ebd3c20a1b49bc9e6926b4c58f165e1aa437a319649a10ebd25c4afc089f,2.05802917480469
news,ac5ab4c2e206204ec65077e2c635dd18250c0313b9c90d357f1c51ccf8ec887e,1.86300277709961
news,576ad1240e2593e7e86ec0df90dadf0c0fffee71385301786d5e94a0419dc278,1.83486938476563
news,d0b0ccdbc17646ff16bccae477f51447b596b12719d2b2fa36a551672256fed5,1.98197364807129
news,19263753d72b89ce7db2c89c277666fa1f89ca07d6f0a9d9a748e4469dd6ad65,1.83701515197754
news,584a698f398306b681854306290df4feab3eaf0aa62c5809c94fb5d79d6c9e7c,1.86896324157715
news,d253e78bb38f39ec9c81a2e24d0b346919e29c32030bf200118a5f6a931cc4ac,1.84202194213867
news,2ad9198c4a11286f3ba3ef339ee55702d55c249b6e119a284e7aab182e459592,1.85513496398926
news,a70668d028fe404933fa5fe470bf2a7db21cf58c35d052940ff53e71a792aac4,2.22206115722656
news,45248c09c82518269633cfff415f50dcc4863b3cd9a338881157fa366755ec23,4.57406044006348
news,bd92689520020ee41fd12173f9b9ca91d97b040a33e35da68cd9a95c05036d64,2.0148754119873
news,0d9a7b8d94daf9a42aea022d2f83f6e4c2c5f3658e2b8980e537eb33d652cae1,1.88994407653809
news,e32e087a55f98ae361e82459cc367fa513046af47c93664b916a6e7b8e0e0f29,1.97792053222656
news,fca038bce2368fdf8ee6e9a3d615220488f020e7dbce31d0988dbb4b606f0690,2.16102600097656
news,6b3658391e0530bbb2b3306575a7a8931aaeccdb381fd95c94c2228eaf2b822b,2.00295448303223
news,0339fd26e89489805009517965f4603408003a82b87ab29ebd2699824ede4463,1.87206268310547
news,5c7e0c2e8d73e4237952c1983f796d16b89dcaffc874a48b28e936f2c8832764,1.89709663391113
news,b025f1c3d214c12c441daa24214aa265a036ee772d75566d1d188612c8ce8234,1.94692611694336
news,ba0e969f5533fd6f169cb3eb67d99466819915dbbc581b2df01f4f511629ecc3,1.95193290710449
news,012e1b1eff52e4d2ba76779092b6e5cc12926fdddce5b180a0deb83eabb4ba24,1.88112258911133
news,fe3fb847cfab9d7c1cc66a3ad253abd354851bacf37a86f09f5f2b2a4eb45242,1.88088417053223
news,618f40a6f64369cf27a8348e4534b18c41cf94dd6b2d686057968599a06e2145,1.88302993774414
news,08ea18982cb0f464ebf56e740b55ab7024b355df212fe13dc5bfdc1a83b5c232,1.91783905029297
news,74668af1893307d5b1bf7138341915de5cd115c8b37bf6a30558ba737c7322b2,2.00295448303223
news,5dc3e83ad40380246908dea709a4590d8d209e1fc6985bd16f04a4bf00b208b2,1.88994407653809
news,46c8aced40b103013eb78b70b42ea095c2f177a5453ab1c072e42ce6a2c0022d,1.85704231262207
news,46f71cb18708efa0bcdfd9e2e0bf88df53c3b8458fe0f4add055ac09f6b74ce6,1.78790092468262
news,d733761cd458914615cea6a2962c75c7c87579b290b6d0fdc4f5958f9ecf3032,1.8010139465332
news,77c21d4eec07444c308e735d805aaa80b716ca484f0f36bb0bc78ef0eea5a5df,1.97792053222656
news,250c92cd85dcddf699cca5d1be9567067897c8c78a875510b3c01a579f67ab3b,1.84202194213867
news,038fb2f02fa9037621eb95183a08cb3599e13f6fcb36abe83e72f68e1610ea85,1.87182426452637
news,89702feb42d2e37804594b1c29c92f3f2c94bb7e73ddce1c9a6da7c2a2684d98,1.84512138366699
news,f635cdcf7c90683e35da314d26b85a24595cff944c965523ed4dbcac9f423579,4.26387786865234
news,5b68b4750461add547dcf37beb088903cbf8454d8de0480015b8bc3ffa79dc05,2.21490859985352
news,61ff46ead31d60d75283f272dac7721adb88aa4eff3d645d4d3e3d20ba5f3c0f,1.9528865814209
news,52e31e1849d203f2a5cef6a6ef87a511fa5a6b86e2217a811dc957384d93812d,1.83701515197754
news,a37b4f2bff225ef30e552afba76fbb0d4a93cf88e48078098a763dfa5b23b3e3,1.83200836181641
news,0aff38c068de203df499ae138b38ae600d28dcc992005348d0483d8e1a400a22,2.00819969177246
news,4d3f143fdb940c8701738d6fc190ccf30985e38fdfca159ccdca6f8466fcc78a,1.91307067871094
news,9f7dce45c38b84ce94200e0debae04652409fa4efb900676d94bd3e190f1cdd2,1.8310546875
news,b757bedbf7801cef8068b5d42577458d696aaf892ea136e344c98ce469fcd427,1.84798240661621
news,a78fa735c7c6c6113c9deacac679241989fefe52353d93def5170b931b3ff64c,1.91402435302734
news,52c90327bb678241dc1b2e90f9be767af9c1f357cfc084d50c927baa7c68ecbe,2.01892852783203
news,d69ee23300192cfb41a1d6fdbc576199d28114e944036613155b1371875ac617,1.88708305358887
news,ebb361ddb1caf41ca465167dd01ee99afc6de1bbb7fadb27da69cd849afd8a9c,1.92117691040039
news,0b0b5deefedbbe7dd2fd44b37fdfa543c17f6f27052dda54c6121075669c804b,1.86300277709961
news,c51f0af8d6ffba61ad890db1c401c59067416efc8539478b3eb695964bc4b43f,1.85894966125488
news,58df93cb55c53935eef0c50f0df5d95fa0648ce2a99f0ad8bbe3425f6abcc714,1.84106826782227
news,96e6319e4c665c5f42f8e9a2cb1d86f2250af6907ca45bd68b3e0f64c029b381,2.01296806335449
news,5a08c82f3270113b8fbc8300b3db46a047864f711140fbbdb375c7575547547e,1.86491012573242
news,c5655e0cbf9634c2d0e428956e31362816b30a2c43a23d638feed7f51b82d5ca,1.89995765686035
news,f35867bcb9de8ee0274a0350839a415fa249c1cce988522a27b8d3736d6114a4,1.82700157165527
news,c926158d06f0749e6dfa781575f4065fb3e09ab18fd593cf8bd4f48c3d58fec2,1.80697441101074
news,46e4cf2bcee1fcb1677be9f84a20238951821f9525405d720ee63c8468acb523,1.98197364807129
news,5f16c660965fef8bb682c3450f774868905bab8df18c5eedd56f5868775f3214,1.9690990447998
news,2a7ec9dacdfa82dcdfc1cf1ccf020b0cc1dfe661bd5d48fe2842824adc7af816,1.83796882629395
news,84a42f837db83c67a410c2ab2d748fbf26390707abc985a6afd6c1ed83dca5b6,4.46891784667969
news,77eb15e5d100c3527309e41e36bea18399873d47a284ebeaad4ccaa976d9c6a7,2.18105316162109
news,6c55902d009d7470567fef4b91a94de7cfb5018559e650f836649235b98cd8aa,1.88398361206055
news,e82032842baa6c7021b8e60fadde90004e9cd6e378049f90f30ebcf3b3f71c89,1.8470287322998
news,7717d65eb3515514a755a5368778d81741b266df618b6c7f89b258cd3b0607af,1.86300277709961
news,e10217bdf65bcd267bdc4902f341dee7fb2a171a868098b78308cfb78fe807d2,2.06613540649414
news,35cd7b8bda30924ff1979ff58729ca82973cecca2e82b754ce32b4923422e3fc,1.99699401855469
news,93f6e020a4b46e23bbf2ab27a5eacc5f554f927dac3c8d9475afe817a362f2ee,1.84011459350586
news,e35f3388fbaa04cbfec96f513ee448d45a3247f795e4b79d68bbd2947b98a048,1.81889533996582
news,5f3b5e58ceb1bab549b40e37ab06783e9e6e0c7e78bb6b4d112747058313755b,1.85585021972656
news,1acc127263d9704cedc83f70454335bec9aec7a760961ad9482a8417fdcb3567,2.09593772888184
news,08242d49f1dd07f0bb4a34a9be32d9202241daabafcd1ab06851a53ef5d1b6fc,2.37107276916504
news,9de9ace1f6779d6b93d14c19c4869c9755dc3f5187678aa842a769d56b956cb3,2.00605392456055
news,e75c6b4c934ca1ac96079e9210be2c6a478a5c62b167c956847b0bcae1e1a8c8,1.8458366394043
news,af32cfe067e5a2efef9d9ce8ebbcfe70b6f0e1c7264e6b2b5bb55021655d95f2,2.07209587097168
news,5d0e4f716937d1ea4ce84977d103fb269e705e48b043c88e1e436556ac94e990,1.87802314758301
news,413c045ce222b69a8e9c51b04c098c4d5341fbf3e3420857ebd8a7f5570382c3,1.9841194152832
news,f213ac82fed736f3d067650cf56ebbca4cc91abf297ee361e837c93efe33e49f,1.90401077270508
news,ab147cdb60fb6edb0c630784b0d0f99ebe105a9c932e4d7398a2801f4afe377e,1.88899040222168
news,fa83a27f94c0a514c91ff9f0e9e000edcfbe7ab03c29b9587df1c56cdd7ccd8d,1.86705589294434
news,d14a8a381d5ea1fc9d1db188e573e5e2bf6c210ab7fd4be5ff4bb313b27d62e7,1.89995765686035
news,6db29ceb8d258ee5db01fb95db4d9fa25d7bbed8c9b49a07115f0a981921905c,2.00295448303223
news,1f3d8bd2686e2d4e6bda7f5e0f82d9104b1d1d50fbc138542d4b1de817174172,2.02393531799316
news,ca127aa0578dbf9991b94bb920d16ff5ffd7ae300270debc871c90f264fa6c6d,4.59599494934082
news,e96cd6bf81fe6a6da306995d4a56e99544d9a35edfd62ebb16a9ae8b83227da3,1.96599960327148
news,6482f4cd3ab13363bba65ca78b0a7f81e2061a5daf0dde0476035a68c1ef73fd,2.11000442504883
news,9b421d7193cfacefdbcdcdc999a0ac68cf5ddab9ee9a0b0933a83430c79d7a4e,1.89208984375
news,22997b01277d6acd2bf0693df5cafdbc4c8f4766506f324582108e1a7bc1d8d1,1.80792808532715
news,40869de903162235df4c78c0248d7dcf53537aeb844441797a98a9ed64b3f832,1.86586380004883
news,c419d7ead093c4a3944a4014fdba6def527548452cc9ec9588b132cbbb57f2e9,1.84297561645508
news,cd9f97cd600226a8df43551d35ec1e9882be8877b6e26be98a3cf072b910d251,2.03204154968262
news,a2fe29ae692af18ba2e81ffa5ad9adf59e5bde142984910c69798645f9234439,1.89590454101563
news,227d4932df865860e12bce40e4e0fb00b76ca98b8d67b0dd1f118508119cae84,1.84392929077148
news,1ad775edf1aa8f5f023d67f6a4a5a5a9909efebbb30db70b0ef68f79fbc6c59b,1.87993049621582
news,c62af4b85b9ab02e91e5644d71d7c740a7e2ae989a5ad993231ebfb0bde60625,2.02298164367676
news,e84ca866a634e1e893d6b0bfc9d030e5205a4867c411487ee7d6aeae34326603,2.00390815734863
news,0dc707ababe62e6f197d0eed09d79e8243638a13a3c66dd828aa383580fcc37c,1.83296203613281
news,5be1238d614e50273d2fcd778c327fde012a1ca3485a052d16c0beeca0d5694d,1.83510780334473
news,1b6bea2fd4e09ed10f9be5faeab9be6a4cb99f27438a019b3c904d9eef2e43b9,1.83010101318359
news,4409e47e95d844569ffb880a5aac50a922d2378fbe51d2d590f4802d6972c8e2,1.77383422851563
news,bdc952f1014ab98901784cfda631880a5267bc29276b9ffd48e0c6850f6aadfc,1.83892250061035
news,29b07e6908cfdc5f25192ea9e2c2cf4475bda04b210a58023a1c5767db4cf360,2.00700759887695
news,635e887915fa4880156ab728b68f3fa479d17e81d18018547a1819284dc5b484,1.88398361206055
news,2fb19b08f7d60e3e6e3bc510516b2e9c4a06c2655462228dcfbcc84fd1ca5601,1.88183784484863
news,5570a3013675134a4fc296e9f189d20b1a25c5634ef5e080a88ee402e1d27dd6,1.82104110717773
news,073e7f8d0de422a01566ffe6e13f8a5292b8eeeac52c754e03e7941aef88c210,1.8608570098877
news,5ff4ecf1cb04e6057027fbf96757a35f22b21f132cb8b84d37d08b2462dd1e70,4.68111038208008
news,061c4fa7d14032fe66a9115d927ca60e37c07053e529c81249c1414539d27519,1.99604034423828
news,66f098338fff15e82974df2f44b857747315fd1cfbe78c49d1967d85030f2d08,1.81913375854492
news,ba6e9a0b84b1e46a2c746f8ea35cc8bf28a46b37c1c061fff95e503e55da25dc,1.90997123718262
news,91735e38de89648152056d27e9e98711e393c278dd8889135e3f321d8a82e73b,2.08306312561035
news,a843833febdae4f10a65970417c1b1815dbbaf4de0809d167e349a2a68719148,1.84392929077148
news,3905b3a01f593ee357fb0ce51cafe5206bf5b6e2cbc06712e13769e6e5f1ca9b,1.82390213012695
news,e0d09e8c74b19893247c0d3ca5393ff1bf03f39fdee3b26bbab54281d1aac803,1.81698799133301
news,7639990ab16dff9749c86f12c76d4f0380c999fabfadd5fbefe397f48ebc05c9,1.88398361206055
news,8906c656b21c826e7e79dafdb928d049976e381891c01d3999a6a4296555eb3e,2.0139217376709
news,b2d26bf945d956f1655fd2b581d25a195effb498ebf4d24735ab91fa1d429b46,1.90305709838867
news,68d66ad19511f085f311e189c210ddc7f257bc85476c1c65238f909895b5990d,1.88112258911133
news,459ac62d42cd8d7ecbcf66d26907f8e3ba9b797aa70e4152d25674ab2dd69775,1.8768310546875
news,f527172f3ba3fa567a22479cf261ff5714d775230cdece3fbbd8d67048e0d66e,1.88708305358887
news,01b3d656922946e48925cab6a0ec6778b10b56430013e25e78eaa1aa70a37287,2.05302238464355
news,750ff2d9cd6ae9c3e2431dde789b5b3b4bc955bc44be42b1137c688b1efcbf50,1.85084342956543
news,f947f4b0726abb97236f2f08b7a08fc118c58e93c087fc43eefe0a42cee98232,1.87897682189941
news,ec44536d9f20ec81c5236c1f854ac193047c8be68e485d90dd802b43f0e38b97,1.82700157165527
news,77e923907c909a1ad547767a543eb2c3ca7127c01daa871436799f7a1563f37e,1.79696083068848
news,4a8aade7bda807a212c3ecb3339ef491ff0106b1fc75d9cf23ba322fcd28a8b3,1.90997123718262
news,fad23ef82f456d3c43ed26bc93e2ca8d94669837e35cfff9ad28d03d079d6e87,2.0298957824707
news,7a5a21d0552f644193509f4f53290589dd79bea730c01c6aec590bfe8e1fa461,1.89495086669922
news,f85bac6dc8fa093d56bbbc89a2efe21b716a8736992508bfcf5a38a1fae80879,1.88708305358887
news,2373d8ac6f54d4fc2c6aa5016b8fcccd9c6e7b7a1f88c191690a9b227215a11a,4.73904609680176
news,c6a2d63db92ccb53a731cb0db399da3cb7a79f3667503f5e42874bb755dce4ad,1.97005271911621
news,f0e102a7595fcefeaf1a0ed17300710d54f1122991b558c4a5a2e0c8465fcb6b,1.85394287109375
news,19f9ac3f5a73e257a03b7ac7d4d9ea21750a0adf9550377f4e1a0fc37865bc2b,1.90401077270508
news,b4fd6e37c4e98cb95c58eb0ca90e604baa8711eb19b9fc6cb831aafbc00e5f62,1.91020965576172
news,1c663da8d416937aac7a95270426785a749bee57c368e8e6898b49a9676b4477,1.89495086669922
news,869bcde627ec959b2954fbd6a3a1f0443cddb5f877c729bcc06e022b00deca54,1.97100639343262
news,66a71ec58d746547621cf98db849e47e86b8ad9022ab80f51724ea718342e3d2,1.84202194213867
news,488ca02eef53777d77839e5879043f6cdcd5cb00b92a2483a3e11ee97aa91d18,1.83510780334473
twitter,bcf5ab6316736cd91555111d6b68c05acb282f28becde98ef520e9e9b7b30728,1.79004669189453
twitter,7b857e5f18d1213c75e34bef95ab5cac6ff6e14589ebb48843caa5e3a779981d,1.86300277709961
twitter,9a0157e5b58d8fa09146547fab6842cebbeb695cb3406cb87a21ce8d98b9e839,2.03704833984375
twitter,89e50995cbd61418c73e451e29db76dd0124d983bf4fa11c1d43de9f0d7abbb2,1.82795524597168
twitter,20247cb5c77edc445ecf1c63f55f652e71f7f85957358c5f0054d804f63c48f3,1.81388854980469
twitter,fedaed80e70b5a79a6de5e21a48724b68d579a65c37a94ece6cccb429dc7e8c7,1.80315971374512
twitter,92d32489b6a8dedbe12a4e016b198bceaedde06935a6671ab221886ac9b03390,1.90114974975586
twitter,c0e4e74a13e00469377b9a9bbf3c888c5d4a3a50d72c799b86506e495d09d453,2.01606750488281
twitter,075af0c86aa38a926ee891a5cd9dba4cdd7e9dd52ac87286e0e2893332bcc573,1.85203552246094
twitter,e62ba363070284f84c548d23fd87136c430aed0cb1b4c4bd59eb445664324f78,1.82580947875977
twitter,5dabc0b980db178478d710f6f2ed1ae728023a4b56f19988f349178244b8ce9b,1.86014175415039
twitter,2013a49d8d3c2105ce8198cb9b7091b2cb4feedd85bf698bae9b847e710184de,1.82509422302246
twitter,e2209f9695bb564d53d1474f447b9e4452ff85ec63a7d1e55b7fd91e7bc690f2,2.03800201416016
twitter,6d0c68fa4f5563ad82c1493116bc60e42aba37c23a383e00fd4b978e23fcf416,4.20808792114258
twitter,752919478a6342b69bf8cc08bf5e31431d4b230e648b9c92a84c7a7d85c434e3,2.09498405456543
twitter,e6474b6565791fdfd9845c5be258a2545094f68b852b3ccbe505252b6e5369f7,1.92594528198242
twitter,e518518167e21309075ef5ca3171ca6203b1668bb5af219a9bbb90225d8ac9da,1.9829273223877
twitter,672599f6009268c5a6259379731fb1d6410a4a7a1c8e074550cd4885e4ed187d,1.83606147766113
twitter,5527e6c630150d3b530f5871f5d91d4cba8a50ede7236b21a2fd99cd401ba0e8,1.81794166564941
twitter,c86c44ced8ae84469e8d858156c84833ef4cb81932115f27e7b40d2d1731a3bb,1.85489654541016
twitter,4b9abbe289cecb0f3e350c2f9d6c81661ce00a437922d65071ee79ef01d41bc9,1.81794166564941
twitter,df0f35cff4002b972a1c190f26be065b6c10ecc7f9f01a774d7be58509ad4ee4,1.87110900878906
twitter,a0a79cb82ebd81bc10b2f287b07c31ed18b89e7fe90d9d01cef969ad86dd91db,2.02798843383789
twitter,83636b37ee0d9c9e7ae2bb2b44a902bff4178d1230e034ee2d388f2e271b1f53,1.84512138366699
twitter,d0e6bb97cf41aba91ee06096cd9b4e20f057d26166625f1bcf0252859be15707,1.87087059020996
twitter,957b3b8263a5879ac602f44bf785c6547dc25e55527f89f20e3c242606bdb9a0,1.87587738037109
twitter,ae8fcf02e92af4db2c9811994d82951178daf65c46332cb1ab02d5d6aea6fcc2,1.84106826782227
twitter,f0a76f6a93f52e52b1516e28078560416a522ca1b7411a420dca49e0fdef14dc,2.0289421081543
twitter,9db97857f8868d216cc4cea3bf2dcf7b1d2562c8b83ce47336e3dee6453ec083,1.89304351806641
twitter,85f00fec1c85f4a4f84596b1c5c9efc3fc2122f49cc08fa42da95a4ffd0b8000,1.81984901428223
twitter,a72620d40532d6682790c461186367013417ad7ff27ed635a8301678f04ad0e0,1.82390213012695
twitter,20a6414d51b3deeea3dd775f96718f9f4a5eade9fcf0e1a846b861938b8f1994,1.88207626342773
twitter,65ec495d6adddc397ea9d8b1883e93a760a6bd9fdde0e225cce91252cd401cea,2.02488899230957
twitter,ad199748437ffb74664a1bb13a272a4f275c4121321bfc6e44684020e09bdeb4,1.85585021972656
twitter,758bc69658ab23ab4ee3fd3b5cb42f88ec724d020be3915d971e7f788b0dab5a,1.88016891479492
twitter,e590c23bee443e86b667c239616a9863e8bf63572acaaff761d0cce68fa7053a,1.86705589294434
twitter,52b6b3cd619a89f1342c5547bb9673f3751acd26140c79136370b261462cfaa0,4.45389747619629
twitter,522887eee84234dbe641954305c30907d85fd4f9f367be7145a007d47608cc0c,2.0439624786377
twitter,ca640b15f62541ea3eb7f566e27555ca9230f2ccccebbae93aa55ea3a1439d83,1.97100639343262
twitter,84531c11f3497e1e4595d99e27617b2e792c388bc0b2becc2515d3eaf2bd9dd8,1.83987617492676
twitter,f39d65b759cbbdadac5e7d138ff3cdebacc8c42b35fea1182bfabe936cb73b33,1.87802314758301
twitter,0eb4fd6960f491d27d23f224f2f6804598581c9408ec64296c3cb623181f9f7f,1.99294090270996
twitter,2503c4451fa097f90820b7c491eb284d148f2b41dde5ac08c965eb916d218ba2,2.22682952880859
twitter,4e75281793c4dce7c85dc2ca1e88eb1ca6c27a4e329c15de4e001e1db5772a4b,2.05421447753906
twitter,6af3b709c7524af72df9a95619f4e2160d1b9c86a8642b0655c7871a4c23e057,1.88708305358887
twitter,3f4b607270278de0fd3cc7f05621db9cee0bd4913afc38c26cfcd638e17536b6,1.86800956726074
twitter,9f7c3d7e63b551c8683cdd19128d0889276655c174c89489042d4f1d473cd1e1,1.94811820983887
twitter,82cfb92803a689b3564f98d463176068ad5e9b381bc7253ca80f920434dd4ff0,1.97196006774902
twitter,c762fa308f85d58a163a52eb59535c260ebbae1b1bf2f7af574340009e94e811,1.92093849182129
twitter,5a16cf46414a199dcbd999c12abd30c450d6a2fa51b6bffe4aef03149babd7f7,1.80888175964355
twitter,9d605acc54fdcf7ab4b28ec5941b6283ad68a4fc1fcca1bff0428abd7abf8d3e,1.85203552246094
twitter,bc798a43a8eb8c3c6ccaab5ad1fcae5fbf8d412271a5281f5fa71e6597b74bdd,2.14290618896484
twitter,d055f38caa3c0902b5be9cae28158d7a84ad2d458e021735f0ffc3da21772b6f,1.89089775085449
twitter,0562b4881fe2819d1c36f4903b5943f7aea67fa2e9bd3167d69ae4c1b9f01560,1.82700157165527
twitter,155c3ee1fee2cc1846558732ca083fa88d77c3cac14d032dc0152b24535e350b,1.83200836181641
twitter,4856d9af853af3834c903c4c07e62656b1b81183229141d3d9dd9375cfca5fb2,1.98793411254883
twitter,6819a17455b5dfea94dd3e2bd4b545d21b0ddc0ee5dfe068b2afb47352fe4953,1.96385383605957
twitter,c90a8052958a6c3102d9fcaf83e60c062d14f078c1251df0f5a90d773dfda541,2.02703475952148
twitter,2130e8ce08974b2cfa08df2baf894558d2dcaa5c423519e0ac93d88552d18a8d,1.86896324157715
twitter,bc5a2e37f8ea80231dd192502e3a2e4a57c6d9118aeb56e5d357dfbdba20e50c,4.63080406188965
twitter,fed3bcc4839738c41bcdcd5f535e5b0ff70d33d39081ab731a06f211a9e2c1c2,2.13193893432617
twitter,7ee6d274e17848bd19efb6d55fa4c87999ae474c665f5cdaeb4961732af2524f,1.86705589294434
twitter,7eec81ea72c7cc18be7ee7601be136421be40ff1d4b92da5fb78601c8e0c899c,2.02488899230957
twitter,cc53a06042e31cc8108587f6c2455f93f4f0e72468e06eefdc615d83ac4326fd,1.95193290710449
twitter,5db74f34415719b226230081670b9715c65159da43d178bb655b2d9de99b03a3,1.80792808532715
twitter,805aa1eadd046e659a78e186fbbdcec404ea421aa9b0e464beacda9f34c6483c,1.9221305847168
twitter,0ad1c91aad9238de0eb6f16d79f0b8eb5eea5395a0519785d3ce38f1b128c234,1.88016891479492
twitter,c610216cbe331d6479df3745a4f617d2c4c185577f678719a83f5f2e204b24f3,1.8768310546875
twitter,0572c839a5725a35ef7f17b87d170deb5fc9dac16a628ba27b3ada3d799012fd,1.86395645141602
twitter,22d65a6810ad39c2c90386990a06fc8e9bb7238bf8176012c571fcbbb6e701a4,1.85203552246094
twitter,975d87d36d97a51a472ac60d40cff72c56549e3bae6c948a8a06b3989d2c0a10,1.91187858581543
twitter,b728daf3656243744dce2bdfdd592124d20f8c282cef1f9f0878599ebf18069e,2.05898284912109
twitter,cc41df2b8a963c5e2542afde12d07e36551c7e3b21c45f3d1fca43d5e0093ba7,1.85298919677734
twitter,9686f51d3ea0a29f2c94d9c4ad98dce472691516bec667c78005b47c5a48c4cf,1.86896324157715
twitter,065818071eeedaf0e84399bb729aa8ea974448b3c8bbe693775e7eab26d2a8e5,1.84988975524902
twitter,529ff38f633c4fd818ca7ef63c33552b10a6da6af9637e26b90a08ed4cfe05ea,1.85298919677734
twitter,72364b63a8f6e3c8a4bfc5c204bffc4b30970e64fb540706227fad8ad1275a3d,1.99580192565918
twitter,a8a296cb924fec75b448931ecdd25cb8325dfcdf7b146948aaac8ce5b491c32a,1.84011459350586
twitter,f69631532d635b18768b437b3ffd1b1a3017c73efc14032697962a227fcbf383,1.85585021972656
twitter,9a8f831461f09c7c9fd580d428c99d2ced1a82719d300478a17a21addb6d7655,1.90305709838867
twitter,c357eded948ccf6e556eefa6db709d03133d2a76360eca016f09ce83127a4a4e,1.89685821533203
twitter,cd632ea5c5565689d34d7b1df2b5f1798c3d91feb4f175d509caad54d2e3293f,4.55307960510254
twitter,bdb3c8cc39b7cfbb2adc95368328ef238017046973ab9f18c898799007c77be1,2.03704833984375
twitter,d1b99b646851aa05a92df4b8d4bc0447d0bd77c66f34eb05d81d892bfe8088b1,1.87921524047852
twitter,5a751c220e6c9fba23c8b61265930d7a403aaf0c38716bd956e8dfb4dd4de1db,1.85894966125488
twitter,82879d111fe35abb5cde047b02dc70bbcebe79bd00bd810e4af45748167d2083,1.94001197814941
twitter,12e8aabf796401f4e0777c9a6a4fd3475175069f881f2506a6f0a40979e588bc,1.85489654541016
twitter,137435eb480de24218b513d76174e62c4e91df2241ab5a6fd82024f84d579feb,1.85704231262207
twitter,46f6313c45514ae00246339b8ffc8ddd08be8675b4d61d712a915bf3e679eaf4,1.85894966125488
twitter,b383ee7b646b9d964e9c72f60c7a9823bc71260e04920878dd7478dcc3182e8e,1.88803672790527
twitter,ea76234cf4d0d0e838c6d1236a4ab8b33e0abf5f0ee6c84ddfcc30f9e2d11fbb,1.94907188415527
twitter,a7e937a8307519127c00fed72564cb612d3e7fed1bd0d2fec419e1881230a3e1,1.91903114318848
twitter,0cca821f57a705077e76dbd9c48922833d6e24c473f15326596ca3b6cfac995d,1.88398361206055
twitter,dd85d94f9ea8954201066fd49fb1cfe501fd5ebe7eafbfde736fd88d971510a1,1.86395645141602
twitter,b3acafc6c26529e115090bb6e8688d318dada9246fa3f283488d4c806e70c1cc,1.88589096069336
twitter,84312a1ff84bb6e37373657338014c946b4a7b0c1a465076393542f548cd2ebd,1.86395645141602
twitter,e0cc6daa31af8ba5f2641a1f715bfca7d82cc4d3d613e30dfd7af116d0b60709,2.00009346008301
twitter,58eec8dc91065463dddeee4769e604ac1677796308b1dd277f9e218515d6adf7,1.84106826782227
twitter,ea5cf6ddc4c9a2a8f98d76ff84ab5548be7c12e66b1bdf5751cee62af18c87a7,1.83987617492676
twitter,4a01cddb707d9fc9147f75df16116a3415482719285039b867aff18c7e30f973,1.8310546875
twitter,2e88d2ef4e52fc54ff5e544014299c795284cf3467e57797475616e2c59a6089,1.86395645141602
twitter,78a73e00aef6f5d023f11c4ba9fdafdcee6726998bb250a4bc9b20133c516b32,2.0148754119873
twitter,12dc42dc5c7597ae1391ee774a7ea8baefe8678333ec0fc810af630ba49b5dcb,1.9068717956543
twitter,00963aaefe535876173ff9dd7033ba88864b49093c085a4a32066f6e6e3ddc97,1.82294845581055
twitter,9342c6cd7aee8450c084fb4543049241e9a56e5efc708d479eb4956bbe531190,4.5621395111084
twitter,e9e58df948f1d646c9048a7f3f2880af0c4a55a73d53e01dafe11375f9b96920,2.11787223815918
twitter,a4f61152686df0f3ef52728cccbbf4cb2ade80158ef352d6af0e7748b6335281,1.89208984375
twitter,acd2170c3d31018bb232ae60e55dbf215d022239364dfb9cf52a433f0478ea04,1.81698799133301
twitter,9aa9fe97592cef217bd0010959125238e78c1fc18830002253bd796dc4513c1e,1.8470287322998
twitter,4facb1a6287ecdbe67c76bcfdae4caab12d56c5f9d2be82a7839884da2966989,1.95503234863281
twitter,9ef435008410e616db5ebd00f5d1fceae2a618d0cddd25ce56ad73eb6b1c5cb9,2.04181671142578
twitter,a0af46e7b7216a446fc534354730f21022d9540f9c0fbe8fcf7272efdafb8151,1.87015533447266
twitter,d4247ac85dc29a34017d7d367ede29d3f964006596afdb01ba6e4d5d9fb128bc,1.9230842590332
twitter,28bc085e15851d66b2760ee711f4299dda2aa230b9355bd3645fce3f1f72aced,1.82795524597168
twitter,65d36b96332a1b68d8eaf67b5421bef00b22e76e1c8532411a3fc08dea45ebeb,1.82676315307617
twitter,3d3c658340c3b6b744667f870db1c47e8f8cb300563b1845321c3ae6d08ced46,1.99604034423828
twitter,30f9e035e6ea0b80d711e6047a99721a0a4a042b04ba664e2039159bde73e17c,1.9080638885498
twitter,66384f2bba273a67110c0b42b8b2e72675d293b8a8e3b69bc62471bc56286456,1.8618106842041
twitter,bc62847155c2a56db005b59915f36fa801b9dce3eec655e27ec56e9007dc333b,1.84512138366699
twitter,096ea3ab16750396c257dc7266d70c627364aa435898f55eaff95a69de8ca284,1.88207626342773
twitter,77d315a5cabd44c6bed4bd963346a5342b2440958e67d0ba1bc246fad115ffd2,1.87802314758301
twitter,03d05604bb2b073842ed09bf582fd61f314d4eb49958356eea3b1654dc88b2a6,2.01988220214844
twitter,854d7a378cdc74e03fdae2e7e93d77ffc44066ef40902b381bec2feccebcdec6,2.0759105682373
twitter,9e8cb2db2a27795ccc13c16ea1f2918acb0946bab1dba22b0a563c5a221417c0,1.92999839782715
twitter,ada05d8e25262ae17c5444f0f7da2169648c557dcd7ee13d5d79a72a87434c12,1.87301635742188
twitter,23fb3afc0d8c73dbd4e03e03e5c4053e4f988350d41467359d61c69f37060358,1.87182426452637
twitter,0633126ceca45d9e9f9a90a1f0e093b71743d21952f94298fede96b7ba250a38,4.62508201599121
twitter,3b42b3d09b212ba6df5d48cbe5a3b84b38b5a38867b1469c531a58273d67023c,2.05087661743164
twitter,3e93a2472c7a77296203c18444382f97542ff71f25ff7c670b63431d772c837c,1.94597244262695
twitter,e185da00640acba550386ca2fdb7dd146d2e11c0f6339b86bd7ba4c14e814ea0,1.95097923278809
twitter,5c730687dedf79f9d765887fe0650d8d640b216050560733aa8cdfca8573862c,1.90997123718262
twitter,dde9dd55246aff6b85a35c321fe9bd860b75c46dcfc582501cd392028650695a,1.86491012573242
twitter,334f06540e7692b2a0987b058369d3812025d723e64cfb2f2418080ba3c6fb92,1.83391571044922
twitter,94baea3ff97a6f62ec29a85151498efe72c429c54d7613e507c3d4c514ecfcd3,1.8470287322998
twitter,1f1c96eb13ed8a290f44e8df19d0bfdb9db98b9bf319380f6cb9a47d304b0639,1.85203552246094
twitter,7b2a1867378dd07a53d873721dbf885c0147a35e9545489de1acdb2af6d310e1,1.98578834533691
twitter,7b3de507d67d480608cb2418e5a9ccf4718ec24587356384dd6b6b8b6515b051,1.85418128967285
twitter,738b7e56cabe1b5b17ab17d3665f3000bd037e77211888c19e59b53a25024435,1.89900398254395
twitter,c22427bb2aee9b7fccb8a91c6bf73f41638cdde9db44633ed659ff48ea6bdec9,1.86800956726074
twitter,b3e6ac1f37e6fd239d6dc3a5f6ef92f7b72ca03db64994b1753005e90258852e,1.83916091918945
twitter,7e1196486e65fb7d88ffe0b9e5e6c3f890892369fc6b6052befd16f3acea0c3b,1.99604034423828
twitter,036ea9d258a59098426b9a86e2603d5f9b10f68e32c1a35b07cc7d4380966321,1.85108184814453
twitter,18045a4fd594ff28ed22de27013d27efdfa0dd0f1958c67aade4476fb6561d83,1.83391571044922
twitter,53671e49057522de889611904ba8708a5278a63cababc108825b62e735dfe991,1.9378662109375
twitter,d3843fe121539f364c4c3a9af159ec96280914e64ee75b7709973fcd8b7089b2,2.00891494750977
twitter,80e7de2b63c91d88710f7d4da728a0ea37e077982b381561965f3db799e17426,2.19917297363281
twitter,dbfab4fa2c57702a84f9f1f3e47f62c36c45c9051c32a5dd3b871a2d18927927,1.92093849182129
twitter,3eb472ed9ec4e84842580731c555164cf1249d00b1992e2f6397765f4ba86647,1.84893608093262
twitter,0a41d01282435600bf8bd2dd4783001890426c45fc942bdcbbdb69bed8fbe99f,1.8470287322998
twitter,af87e945a23ce3d26240d7b8bd984f233ef6754b3107d24624cae59077e54fef,4.46414947509766
twitter,7b9dcf267e88537438ac68d39bba73af4c9df268569d4eab8c2679dce681b3fa,1.94501876831055
twitter,2b0997401b872867d6d0a47255201ff4db57d5093df0903339b5a05b70d1474e,1.84202194213867
twitter,f62eeef3c188bf2f394c2c18e0faf794fddf074d9179b19fd6cf25ee00095ae1,1.83606147766113
twitter,9229d953ba361f7a20c67208815944ae495aa07f03a09192e5585cc73432320d,1.87897682189941
twitter,5ed35196692d09dbaea1bdc80c493029a0d90d2cd9419c3462b1d378872a4ca4,1.97505950927734
twitter,ad75fb9c0477ecbb9a207bbabcc14d40b5dd7249d946163814ac5c4f308e9c42,2.11191177368164
twitter,39b4ad0ae821383073b593dff0fc69e8485fe24176d7077bea9965a4d5ed6017,2.18009948730469
twitter,ab911c8a171a5547f22be473969b8c65b7b19dd1a4d546849b515ef165fdfcc2,1.85704231262207
twitter,daa787c23a1b6997e623a666fc23b2b05f92c4eebba7b3a0ce03aa764451aa00,1.83606147766113
twitter,563ee6d1b9b61ea1b313753b593b6182f0dfae4a9293a96d9a404a9c0d177f39,2.06804275512695
twitter,678dc642f4f589fab377e4be600c513d9c24cc4e9e9fa6431b9e58bb14f5b0f7,1.89495086669922
twitter,e16e9981ee4f9c9a5fd8505e2565ae6156df1b78980ab617c5cb2167640a5dbb,1.92403793334961
twitter,167af89e38dc7bc503fcda540a11f6ba000adf903478266d921c25e6fa3bb1b0,1.8308162689209
twitter,56fc020a26ebce4e98085d6fe2d998918821385aea0b65a6c36959e2888c3631,1.83606147766113
twitter,4335d899c69acaeea1306351ff7164373ad1df5668e98bac255c61970d897ea5,1.86991691589355
twitter,258f28d02617b3741c04637988d279601223d6305efe6e56b3cce02c49cd54d6,2.15005874633789
twitter,4c572cf6ab59334d92bbceb3105f174afb0a908c8f9e7282e1f1463422e62a70,1.88493728637695
twitter,30c97f6e45aee2aebdb20e484429e6df5c36fdaae6dbccb1deaa88b79fc732fc,1.87087059020996
twitter,7a5488aa2bf490731d80961ba84acf12bc0143675176dcf45522c7d7ceff70a0,1.85203552246094
twitter,b1c5ff92a8168138534a44aab13274715c4aeb5e3ec82ef66c74dd1ab6d0d2a2,1.86681747436523
twitter,f9e9a0267858a19362de7207f2df14be8a4120bf66b619279ac6eef11d9a9f95,1.97696685791016
twitter,d1d8d61fe7de292c9b18055ab4792c33c9b6fe607d132ce9e49775bfce64885a,7.09199905395508
twitter,f24fdcb8242b887136d39eac529ef18f3f2af1df2400aa0a7245409e7600b0ff,2.410888671875
twitter,ed2d4f24bd4e87778479f3a27933a1be883794f7e17a16c8f9b10a1d5b09e733,1.95717811584473
twitter,5332ac7842db619599028f4742694de5d5faf6028fa142199f197bedca406605,2.00295448303223
twitter,b09c7381221624824582977054b5bb7cd48ea0d51723fd3ccdad96ef2a37c18a,1.98101997375488
twitter,5c411a8e4f0c0e897037aa9d7a72194a70b19c64c74a83da3df9bf3f35b245e1,1.96099281311035
twitter,be9ce0b6d1ace3b019182f6a651f3d377bc8012f983a2f2ad562c9df649c4e9e,2.03609466552734
twitter,df88dddf471003268a958ae3869a532229637610a79102e79d043ad97185b2c3,1.8608570098877
twitter,4ba6ff54bbb79287d20c341b5bf40c9a1513f6d545bc01cb965ea5da2cc15a06,1.88994407653809
twitter,d6cb12929af5929b75371975eff3a07f07ad7ad565926f52ad93663610ab352f,1.86800956726074
twitter,c651d5d2dc5e9f7b1a0458979a741b4dee2076143c1de61ce1c75016df470a75,1.84202194213867
twitter,b839d564322c35bf253c34b95dd17a592d3bc381938db846a3bfb04845d3023b,2.11906433105469
twitter,586ffd11434282baa6447559c8b7b9f6ceafde3aacdf3ac0b96b25c5b4a23441,1.93691253662109
twitter,fd91f11c8db833a3f975544d652524247f2697d25a4fa01d3524b7dcf32aa7df,1.94191932678223
twitter,379ed465ba9c55e0ed3c5299c7f7ef3dd73ee49adc0d6735bf9c429ddbc77ac6,1.83606147766113
twitter,e2945b0f6befd6a41394c2325948e823a991188c3c613aef7c0536b8c076956d,1.83391571044922
twitter,ca13c661d032ff855b60d80a729ae3555b2bbe0f2902fbb70e0e4fb98ad30d87,2.14385986328125
twitter,7e61e6b2e4c5d34482be0080aa68f1aeb6bdabde10bafc405518ed910e604c1d,1.86014175415039
twitter,707389d6036998333395822957cc89981daf76a73db0c76f86b3c9b49c349980,1.84917449951172
twitter,c588227d5a9cf9833180f6fcd31867b9d044c1c4b471fd4e1fba5f6481b67b83,1.85799598693848
twitter,388e95d1242bc908498c459f48fcb36a92b127486f62b56967a63c88ab1efce1,1.79910659790039
twitter,3a62f896eec6bf0788d4efe85d0d670d4e49f5430768c556750956addd258ef9,1.83510780334473
twitter,e2dfc7e023243559a9ef5e1e71a9440e678a8f7b4c196427fa267ac43e22d8d5,2.16293334960938
twitter,37574a1fce69d428e6af5b75d2eddf6e8e12d763f3b5adb1f01be0b18b13accb,2.14791297912598
twitter,184fba444d3e79a254730cee27117dbb93906d9909f55e6b0bdf117878f17d17,6.10208511352539
twitter,af8f1b4a5f0a38a1ec5deec706a8c8d414731e5a7745dbcd17d9a72c4278a028,2.20394134521484
twitter,2250007a2748bab972a0af0c007776d0a7854095366b24832a8e3db137611449,1.99389457702637
twitter,9a637675cc7986af67100e8643d92fadf4c703a0255d3bd35a89468f725fcfff,2.13503837585449
twitter,89c49a6b2139989829d7463908ef1fe141fbec6f37382aa550a3cdac69b2f286,2.11906433105469
twitter,ea98c318607f107a94df5dd2b95381e8a2d56d6baaabf0b9fddf89b3659448ff,2.09403038024902
twitter,9c70d103bcd01e2edf1332fac1b592f6b1126554d92cf5cb430af182c825b6d4,1.88517570495605
twitter,1e9ce696b1a20ebe501e448a19da6d422cf6ed59182a3c0577c68b55612c98cb,1.85012817382813
twitter,2cae6a05542b329f398558dd7acd258aba50ecfb73e939c713b9ef1aed79a871,1.8308162689209
twitter,c3e14091cdf487b41a88b961c38665221895bfcfa9f24c01a849415086cff4bb,1.82414054870605
twitter,b3fe022f1512c4652a5e2938a3123225c9d5f3073891a883f30c3df60ddbc994,1.84798240661621
twitter,68c31f4741a6b4fa84fe5195222b1b29ff2016b3f05e7a69774bbe8aa6692ebd,2.06708908081055
twitter,8125b08834d85dc96ddbfd3e40c3f85cbc40ff2eabc8608b1dec3fed92096308,1.95908546447754
twitter,612f580e0763c232f7047c818c7f5ce29805707e5ae6bd2d06df8e31a40a5314,1.97410583496094
twitter,f0840652cdf1e8be7e5e3e1f7fd2e0bb7649ec85bfa6f5eb489707414ebdc1ed,1.87897682189941
twitter,eac1f4c8c6b7d6f0641195d0732787f8c406f1e833b94bdf6b4786d0645aa923,1.8928050994873
twitter,6352bd3ad8cfedeed0db2a83348254d3ec993dfd81b8f9f162416197e8e366b9,2.01201438903809
twitter,d1980b5a80e187191dec48c5b085b44cb3b8ccca4bd4277835cf83b55186009e,1.85203552246094
twitter,2dd469ba4889710c96eb61f6431aa8f60ee0c9ed89f3af160374b6b687311508,1.82485580444336
twitter,bddf661475eee5e8328c033ff831e71ccaf9db349ce78c53de1a6a0f8e23e3f8,1.89089775085449
twitter,718942992f2054c15035870dadb0cd2d08a7f038b1710d203478f1f5cbe1de3e,1.86514854431152
twitter,bb47fe24b75dfccfb26f00a71ff475256b41b55ef5d4e103d83ebdc9aa8bdfdc,2.14815139770508
twitter,8c27e9f071995bbfac26f6a463eb8bead386b32adc9e5ec94dd5197f475f4e45,1.85894966125488
twitter,8dd0d1740c5c5be05015618cb277f9284d2883c4d77141595dad0873d5ce0c48,4.25004959106445
twitter,3c5b03b22e27ab26687d7500612b0654c33793ea1cb03c2b951be8d321d45fce,3.17215919494629
twitter,a3b8500335bd3ecfa8e3655027cd653912f05f1e98148496d8327dbcf69d8117,1.99985504150391
twitter,16a6cec2852eeb11d64d656a4f96cc8dcdb629d5d618c362187a5ce6fee82e34,1.96409225463867
twitter,5248f0c16a10fb1f67ffb524a53dfb2ecc1f84674aae45faef706b6a1504c40c,2.00200080871582
twitter,90a9c0d70c9b6a82a0758df1cf0f8ac89172efd1080f529fafd597039b09700c,2.02107429504395
twitter,a7f57d31e3fbee6262d94c0cc7261981bee4a2cbd9423a6460f366bbfd225efd,1.99294090270996
twitter,a89fa70d40f53aed0988bee160dbf2e9822ed19c90dd7db2dda1d78a4c651fcc,1.86800956726074
twitter,4ebb6fb080de5eb089dfc15f3ca123641b1aab16379f609030deb1691efc8575,1.84202194213867
twitter,099d8de2ba7467e3da82e532ae7e85fbf64ca9f355664b3f8a2fd534e840d7c2,1.81007385253906
twitter,bb8182b12a0bc16942d4e9221ea096b958d39815aea82f07933183140667008a,1.83701515197754
twitter,7e49de1a55d48b9accbb5639eeff900ace94e5a899fb4d91fb181bd4851113d7,1.88279151916504
twitter,e0171d088ed13d0fde805bf08ed8cdd41e9a433a2b65eae0e47e9b5f978872da,2.07614898681641
twitter,ff1aacba9a435a568f9226278ac614abc19155ea2929e21ea48e60c0c4ada1c8,1.94787979125977
twitter,54a4acfb7cb630bb2b53c6a517d1e6e0b9b4dbb9120ddf7443e8e783210c645b,1.9080638885498
twitter,8d6193473ddb972750127674ad49b191a5bd6bcc5ad53c1a298ebe8ded8f6409,1.82890892028809
twitter,9ce2d5b0bbf8d8c80c92f692e99fdd818db371f1aa70c7254082a1c4865ad57a,1.85990333557129
twitter,3c06a8bb11aa47fe8c02cefe40c4ff20e9f0ccd0397d3a29a1f8b57f21233706,1.9528865814209
twitter,f9fee802f991fdcea12734e99fa4c520d634c039f64f6f1835dc92d95467b33a,1.81007385253906
twitter,9a7cad0fccbb1db2393e3c4c8dd89c72b57f28130923e27421c28b7f1a392480,1.86300277709961
twitter,bee28cb16e4ff5b21c84ca23c225d14777af961a3b1663e69e2a7f7088028519,1.84321403503418
twitter,8de7daf7468f856d2d1ae76a1a9896a9d1fb297fd7973d1013fc670cff58e42e,1.89018249511719
twitter,97da28438685a5c0d84d1a083ed32e704475164439022f6364cb4fd367c0125d,2.07710266113281
twitter,9dba6696c7440322783e8995f17e7312c22b332d128bdccb87031338fea305a9,1.91807746887207
twitter,06eb904aeb639d1dc3cf18ea6b7dd4d3b947dca129126511dc6af614f52f341d,5.07998466491699
twitter,1392bd26037eb4dddc6c74fe710254c67c6e41741b49823831c4cc54a4c49597,2.65884399414063
twitter,ef63d7392455c3c0574af3f1ed031a6b68ed09221dd9c4e538d74d3fe2f14e73,2.13193893432617
twitter,4699f6605326f16ee557ed13d87aff6c0682bea1b5f54a752a33a754e01ba95b,2.0451545715332
twitter,50a55a58e9ac841bec584e6c683994dc41a181c0dd6a1c0bf781ee607116e252,2.03204154968262
twitter,23dc9f5cbc32f0a565bbf1f1f589543acf0b38427c0b58b3e0fae490c938261a,2.03800201416016
twitter,531706dd4e928290368bc3e8190c6f0a24554876b771c961e0468c721dcc7d74,2.0148754119873
twitter,38b5f1a151ff947263402ad1f60163adddd8e4f339bfaf99a9452ae9a0f975c8,1.83510780334473
twitter,6cbca889136156b7173c6bfdda4e5a25c6cece45e0472083cb3567fff545d0c3,1.85918807983398
twitter,e92a4e142112e8a89603f7d9657e41a35d84f3430f0ab304cdf884e72526bd44,1.87397003173828
twitter,52509b3f6f757f14a0ff62165d6b0076e9616c97c95c5557c5b71c4cb3145a56,1.87110900878906
twitter,0bb0fec8c1fc7fd0624665370fb33df5f310b40be324a957571781e6a5494628,2.10213661193848
twitter,e35ccdac2cfec3be51834d525dcd158ee0c1bf72f7ba1d74c422ad6ba646a919,1.92594528198242
twitter,e73816b330644f249a2ea9ff72952cfaf7fa6c8187f9f139764796828bb3ffbc,1.9228458404541
twitter,26a271cec07dde4a9c343268d80f3a4c79133d081b7fafa6313816b078859201,1.87492370605469
twitter,b82bac7150de9cdc1d9643571fd0ea6f8b778ef3f2f1ca86151f93febfc66b7f,1.85298919677734
twitter,ff60d6a14277824f0bed5dc6fbb5c838cc030141643c662d0241535283c90e62,1.83391571044922
twitter,cff4d4104eb9a3ca8aba3bf8601da2b1ba201083a7b17f071960e1b003bf842f,2.00700759887695
twitter,3b6d7e661cc69437a0bb556bb7cd358c1b81fbe2fce2937e89f66d0da06ef6a0,1.90997123718262
twitter,36c1791d82d8a74ec7272db838c003563b66a5cb4520b19199e88378a2b372ef,2.13193893432617
twitter,2eba4afd79387a5373a29587691ca4f7dea114417322d816439685f6871482fc,2.0749568939209
twitter,c423820ec92f3e7846da4d60e4c752b3f8bf961ef3169445bf917628e5734c35,1.86705589294434
twitter,18d7e6c2aa84f44888889d07332f1e97dd743b2fdee3894465cb04eb6f6169dd,2.03704833984375
twitter,5d191e3618809981ca44aec95ae3a40abfda6f5b4350aa6d492a0fe6a04899bd,1.84202194213867
twitter,df988ae3d0e1d3306c64008d42c6aa58bffd0cba9913c18740150108e9d6b591,5.32698631286621
twitter,96076f636df7c7de8cd2d07217689f18237edf1de7825a8c543eb268792d7c08,2.20417976379395
twitter,19d3a36f82a9fae1030584342ca2557b97730e421ef8baa0d91a2a23daf5973b,2.02417373657227
twitter,d45e5ecedffd12f86aeb56a0e71c1455590fbf99bb4ea6a654c4af77404be0f1,2.01010704040527
twitter,bbf0e2023605a549740a84ad002736e77582e2b234f20b847078cefbbefe3e75,2.05898284912109
twitter,5eb212462b322da54042a9e686a4d60dd824ca18acd705f191110024b26ed85b,1.85894966125488
twitter,7606ec61426da4a6646a5dcb29323674f889a08cc4fcf1acb5af49fa73054d8b,2.01606750488281
twitter,eb572d78be3055a15c6e55d2f679ea10012f5f86e0539bc6e3910dd8664f9689,1.82604789733887
twitter,ab069e5b2e604e531a7ffe38a08b617857d5d47a62b1c67105d216dd091f43d4,1.83415412902832
twitter,9c469e7efc86a1d7cf814b3f7d570409a69505a017c39f215d69ae868e89d54f,1.88922882080078
twitter,dcdcd3ad6a98cb9119ff2f2bf6af21af5b8d9078df78275af36fcdffaabce5a6,1.84297561645508
twitter,6969f94a2144c83770be185b5c17dd87019c061a46f6071298ecc75017223994,2.02012062072754
twitter,37bc792afd84334f1bd4daa14edde90ada56631e978cbc7f6cc351914836e693,1.89590454101563
twitter,1fce91f1d401d134ec67bb46812194cd30f99f9b13c23dcbc3fac9f4f174eb1c,1.88398361206055
twitter,f131dc5d8c66716f923c67e45b8a3b64b9424f8debd84bf493293d18a5ea0315,1.83701515197754
twitter,8832bde1a89510a3e2e8c55442e90b55e335e441a1729d2a05dce93753fe6af6,1.87301635742188
twitter,bdc83f4bd9ddacd8cd76b68a41cff6ab8c8b989b39c9727ce40de28b4babdc43,1.94501876831055
twitter,6d061259a5dd8c1d532f37296b1eb042ab88d859e4ded1fc21adcc0cb336a187,1.89900398254395
twitter,6c6e56feed53e5ef156970b8e712662859f02004a8d38f8fea8e5ee5f94637f3,1.8620491027832
twitter,d5ab1846035996175c9734e662baa866fa353aae1cbfd377064f9292673e9f44,1.81221961975098
twitter,473689bb70861259f10929b4deb55022ca6d01a367e666b51b23315752169ad1,1.82604789733887
twitter,b256bb0adc28121f5ebb00eff0b643829944aed45991e0c5b6a34a1b22d67e0c,1.8470287322998
twitter,133f435dc65ac433973d8e933242c6d699eabbd892a21dca571b89da0060099b,2.07400321960449
twitter,596c5e890c1159dbb87507c9a810d9253d199ed9951fe2ae93c5f5f0b314da9a,4.94217872619629
twitter,0955938b29c120b6c75d371234fb2fcdf48ad35962892129bb1821d779e2d766,2.76899337768555
twitter,dc5864c42f0be2963581c2afd9aeef48194c0c63bcc61399213840c2b1e998d8,2.18391418457031
twitter,87b0efd68d6535bb2226fe79ba157f1aef39cb2bfcf84f5d0450be9ee44069ac,2.00700759887695
twitter,c275bae0f2000d51fe91f67255064563ffcbc9df81c205c9806d15746cd7f7f7,2.00891494750977
twitter,9b2629f6f89f6215498024788a052feaa551b0ba15dfa5aa0274b95ecc42598a,1.97219848632813
twitter,5331f81fc273deae40c1e3e7b5ed08550d8f5ca45411707e38d21683f2f6c50c,1.78909301757813
twitter,de5e105bc17af9c40ba3fa433b2b86a8f6780f6f0a9821c143cba9ca2d1adb0d,2.05588340759277
twitter,0ab2c293a8658c942934ddd32e0207fdb01be0c11a6a0ac5c8f02742d24bc239,1.89709663391113
twitter,f72042fe257e3826cd175e8a16d896e3c90f64b180e78fb33f19b0a151dec0d4,1.96218490600586
twitter,161146c64c2f90098eebfd443104231af70e81025f43fc12d991cc66040d8a69,1.83510780334473
