source,line_hash
blogs,4fa51bc0c1b02034bdb1df933a425132e50b1ef4b2e220c59246e505259a155d
blogs,87703f578d107598a2725d083dfc3a339627f2658c3243a1f7910e2c2b7f0501
blogs,505cc962398c4f58cdce51751d33d9a9312d4e6151a0d7361e107f47d6d6725f
blogs,373124b683bdbbc628b91de7d50ec55d4c2efeae0538fd5cccc87a951206851e
blogs,2c174ff7aaa96c988acb58d269a7d69ddb6f5678d88c9dab6a7c7aa14a1d52c4
blogs,89485652731c1459fcf9770dd395c38f52ae937ede6634e8ec39649d7a7605ea
blogs,e14aa8b6dbd52e5953c8a638d25531456366aadefa519a963c3010f8bb2e00ec
blogs,23313e8a987038c66c4c840fa185464c02402e3968cc9f3acfa2ecff203f028f
blogs,c0df6e451d58ab6a9daeead9555a540d473d2df73c8230b4aef811566a0c1150
blogs,91f8175458019d6671ba991e3b71ad83efa9a8d90baa99957e5d4135700c45f3
blogs,4d18441663b30e262f8cb3af4b5eba988d93a178eda37f601087ae3ab1667803
blogs,a1f67b56c49ea302c12ee2bc6e38c8ca1c7c5627040d118cbe149393ef636489
blogs,5d4ebb964c5ba935c95aa8587baff7c6a03530bad51faabaf089d1e011352bad
blogs,56f6232596fd4adec720a18b09f8f7eefe96719564c95bc3e7b14d699937c0c4
blogs,1e72969fb7ef9661dc3062409664d0189f2cadb26bf899aa846f2ce72e2896ff
blogs,5b4dae0b73608b4379c844fc75b6a821e345ae2c83586be2cee5e8ed27e2f63d
blogs,4fad97131804d3cc10d220b4142668868a38d6d509ba03a177600b108f21bee4
blogs,e3ac5a7c161b73c815455dc4afbf87ea6c5d3dbc2e4660321cbdb475477a3b8a
blogs,dfd22abf5c01910d0535ebc77194e435ef245c32ee0345bfd98c17c0c890a695
blogs,139064844a067b2f813ec2b09f8b9385804a60d8ce7af84f3bc9f6af71187c02
blogs,d0f21a08394965733cf463ad4efa1f4fcdcc8d0071e3ea6238e7614e1a9cc392
blogs,e82f4987d92ccd1a3267ec930ccbb46edbbf9d7dc26f227ab80da699e8c96991
blogs,3df96d0e47a0cfda50e835195e6b3dbfb6fc1e4272930c7bcc906a6509db2568
blogs,552c337166816a9a40ae5b761d764b304d1726610a39e8a299de8a7573fdd4d4
blogs,cf5e2fdc13f4f979098019ad28e73dc5ed66ce9be029735d4eeb746ff2a32646
blogs,208e5b36d6878085715a3c987a09b7516b2020eda23f7fc15437b08ed04169b9
blogs,b5a803df46805f6c1d9aace860dca54b063296e2d7efccc90a765d42d29df4e4
blogs,01082c4ccef62301bd2634ccfc1a7ba2a829aeb1c731f372c0c94687490d068d
blogs,80ec510ff7a79b0c0276b9868a817b38c47a51749d3e07e47b2ef73f4e55bc87
blogs,80cca2cb35ec1ad8f63b15c5dcdc4cec74d851f3ad362d885bfc4d722fe638e1
blogs,8d16d32350d3cf167212da43407faa251fb924607c399ff08ebd4f6f43172160
blogs,d3b6a970b0ca95f8d26168407e9df8f6e1e4d8343098d5dd95c3de27eb927d79
blogs,0c5f74edafebe249ed84ad8c37a0eb3c61680115e7a61e4f61c3be11dba2abe6
blogs,6e259fe4bf39c0ed3aea1725e4118dc423bd3a35917d32f27f6f18c5ecb3b79d
blogs,eddd674d0c5746592f69bf175f2d5a6df97118aff3ab868b0c170569f2e68d3c
blogs,3fe1e786074048ab534b4a017e43cc2f3b03de4e4f72847c7152643e657559fd
blogs,c1d296a899e09ac436d5c6adfd2f8399c1e382f3332c299924712b733839e425
blogs,3f3194c96243d68556bcd1121fd3def5458ef4323ee53212b8f824c88434898d
blogs,1a3a5cd5277e82b1f99ad2427ad0c25e8d05cead435fa5f9099f6a8235a35311
blogs,6c9f58656d2c023397a6326106db662196f7c832fdb03fa2e2690d25e0dd25f4
blogs,660418786e54f21db6b5360b92650040a64385cc5db62c7ecaf997507f5ddc19
blogs,c8076e59dab9e7eb2c7e68245c54985fcd823ae5357800f3866e3ea35412fb21
blogs,3eef8d2357b965bedb08b8e4aa3d61ac67b57dcc65960b4c6e74ae3fcf3c462c
blogs,e3869e16ebd74e607ffc4ec9b11319c0260b12e28e915670b2944d523311c357
blogs,b8e03b02aa7d9586069fef7ab727748ed39fa3c1e6970cf8a764d73989ad7651
blogs,d53c086c650864f9b72a30a1ff64d46b206fb14abcd467bf3d078bd1823cf250
blogs,747269650a0627f8eedf01a4ab66171ed14a11d9c117afb005c3adbbd8baf229
blogs,64515c0e0771055078440860f14f6fa762b792f3e6eecc4ce812c772b4c3ecc9
blogs,228d8d81711f4105ac2ac2d44e15f3eadd5e98bb8e69fa0dfac85d7e15aac377
blogs,67b96614d9ef3692d9a8b2a5d12f566d141060afbb248c74325a6438ca7e92ac
blogs,15d47696fd759de4df8b502fc8dec1ab8a9aa1d0434fc5f9ccd4cc4331e1a9c9
blogs,8e77d68f9e0cec74beaf52551da9f1ee0ac27de99e7d26111d60870c38ecafdc
blogs,71717d97e146a87a4ad54bdc12ff6aec6ff5e8fc0b548d4b432f9a37a4351cac
blogs,5fbfff80159fc233ae5941b03a78c6396427cfbc1dc39db21df4c002c708a6ee
blogs,60f5b6dd26dcb4d2b38b3cc5ace6e0d096ee1c4a7b11235ab63c58d812da6eca
blogs,f82cb22c7750724e6ce4a8fb5e73a1c6554a82b773e7393bc97bc69bee26c195
blogs,bbb2679d7422230098b84837532695f67fa3bda5da6d68ec66f1b8b6e14b33d2
blogs,4e35c15a0e50f68026a6f2d7087cd3425a7bb152a7b76df29c7ccdad9ec05b42
blogs,54a21fcb7e08faf38b84519c1274f0ed2f77008b84e2b7ced8078c33c20f05c0
blogs,68f3ef14ad81d7ea2eaee804d9bf56a9509754664aaf3d70044157aa76b82216
blogs,9de2146b2324b4f18639dcaaaa8983fda3fb60b137eb1106cdf48edbdc28ac4d
blogs,7648bfae462ec9dc72228dc441e4da74ee22436e08eb3cad27254b8183e616c1
blogs,29084e6c285fbfb71dbced723e9126f75cc715afea1357b65e60127cf7ad4344
blogs,0a1bd48bc30578a425a2a7b104e2e03a990bc865f7153c55c75175ae671b3a5b
blogs,80b5425a45519af3e41502abbf213b06f10492a308558bc86433367d3f00cd78
blogs,caf58f916d69373c539255725a23c26b9117db442535eccbd7fa5b4d1bd63001
blogs,84547d6e6ed39c5f8d7f194f08fa335a0a8dd7c23dd7e7861364139c3784e97c
blogs,e22c083acd2d8453f04390223da20ee8a106446e9065e348f11c2521d9908c6d
blogs,71f0b5dd2ffcda2cc47dac4883f95054ce6540145e8a21945b26a410c2ad0261
blogs,d8b94205b4e463e3acb6712c34bb29ce50bea81616998757c3378b5213db15be
blogs,10de5abc7c66451e55ed89da1ae002d6bbf58bdba243936f6e2b965ee98643e5
blogs,ba41f4714915a96aea3ac9b602281e53a86138866158d649710dbc656a54730e
blogs,1756c52d10278bc9dedab79b893966116c8efbed3a4d9a079da59b6f459ac533
blogs,85f3382d43799f1a6ba1c712bbf7cf0ef34d3177058f5237341deb6eb2ae69eb
blogs,af1f51f7192f69573b130a5c66364a9844269d0dd0b6ade407eedbfc01f8b0cc
blogs,d8baf7b071bede87cbbe9cc93df3d3fdd2111777ce11b262f89eeee65b4c1372
blogs,fffc3ef11855bcfcd00e101d44ff3688480de7354767f01c6ca1103e53769ee2
blogs,f69983bfd8e4165c1d917a607dfbb7bd0de004ef90d8f057ee4f64e53eea4c66
blogs,9f19aa95830d41aa0e9deb93b0b5a2c0408c5d8f9d0afa2c0b92b1080bc4b70e
blogs,f35b934428bd29787c1c53767ccd22ce3f4215c147c9fd0935f6c5d85594bd0c
blogs,e711ceffc20bf6dd36fabb794e24a08af8c33b2d328aa4818d38d4d3d1bc45fb
blogs,95c4b729a1afaf6ab68ff48d3cb2a99ee5f3c2ab440a8ba660f37d4852c25e8b
blogs,c008f48d4c0e1c2e0313b7fd06b6cd47469636972004dba641bad3ed6a240a69
blogs,587d53704d14ade660a2772f1b58a8cfdd595f77e7ccce5f53c1496f26f4dda3
blogs,94eaf8221b7435ef6a0bcdb86f22c5f2b60f79fdee50b523d7e81fb0e3419a9c
blogs,77e029acd350a76fc62a44dfbfe62586d3408fc7d54a73f01a53b31b52af6d5d
blogs,d95ea0cf5cfde38e6da378dca15fb8485ba77e8f6f737dccdeab9901f6aa3d50
blogs,fa024e46893671d74b87ea2d13b88f3dfe645d820b65fb805b655df4ddac106f
blogs,ccb56f884f986d13d22c8815ec069c12daa2f37ef680560d393fa8ebb227b83d
blogs,c5aae293adce2ca2b550740a7ab6ce104fa251c8b2ba3c2f310550580f870f91
blogs,f0446aef03487f8e3c35484c297594dd641ade0d29901f2dd9c3b54d660d1ce4
blogs,05775d3e73779310c9f132111a15b6dc9a8a0f56c320c3a41b05793932a2ce2f
blogs,87b7f5bed5438c648023bd9c282b7a5e54edff85fd8e4806bb47c477556191f5
blogs,24ab6fdbedb848465ad5e42ecadb221da7195e4d097e8aeb9dbf001c2c2abf6d
blogs,10a830329df563493f7440fa29a3f704e0447d4ca78c227282d5606727473c02
blogs,7241db4e019e254a5f300e960905fcab19f76e353adec2b1d489b7a7befe7d4e
blogs,de344edc36956cf55aab3e4b40aff22fde63cb173aca1987ac73246c5f4128f1
blogs,f14414b2c0349d4f90894628ac44f3ca3ac4a50ca05675204086234561b50dbf
blogs,c0aefb9f82628fdfb9e59ba40cf4270ebd0f5fcc887edac07fe25d6e5ef51aad
blogs,e9fcfc06253d35ffdf762372049a7990574f330a875e6fbacb345634e8578561
blogs,f41b250bbe028a98115b4dd45af6463aa9dcbe2e9895616396f7c9dc8d9d8203
blogs,3abd6e938b6a8108bda7bd60fbd3b9fb6e7f89e19d53b22690b91f7c82c763dc
blogs,ba811aafa5a32649807f67feb4b6d5f73f72cd96ff1b39733049508c4d4971a1
blogs,8ddc52bbe6b0b4845be959b6d98a6895b09571e6c9770fa1e230ff6c7e81ddc7
blogs,8270f55522127f9af15dc68189b65bdbf9ba7fdd964b1279c385dd40b9e2aa22
blogs,877ac971e040d4fc5531d99a5fd75af8cb6537f990a33b3281dc360d70f865ec
blogs,b2e0582f96a000b32944479ab1152097727126ea9511adabf7326e47b644c5dc
blogs,410f94d42634d6ffca557ea2393c2d266adfd8b31183782873c0ccdff2195e8e
blogs,c93ba8772209a86d8865db8d3d558a14cfafc5f1b32e58469e43abf0a1abc0c8
blogs,fb1dd706bc0e68363ac1bde2c4e55adf876414a5577d3d735bd192339a48cd69
blogs,6cbc5ce4fadd20d1fd6a143219d7793d57472304cc88ec613fc8f2ce636351d4
blogs,303e70c2a9c6bdbbb897472621ef4c5825537d3ddb075c01dc91c6d0cb1b2d16
blogs,579f5e18470ce6071a9bbc3493b9d853b74ae1280e3291422e56f22613c76a1b
blogs,eb55dc500125ee1acccc01f2b5f63a592f1c76ca13ac662f556205cfb258be2c
blogs,9387c1337ba42b16dafc1e294e671d32e87f62a06ee4483c35360a4d01348692
blogs,ad7a56a88848256ba801abd9b573903da183440a5869802a61d2acb593f5cad5
blogs,02e2192df7add4516fb8a23674c5397d05fc754ad768e20ea72fb47722d07c89
blogs,29a14c98d2512274c10dae016534049f67510c79b0145a9ffb5ddbb72e188525
blogs,1f15ef8427cef189161d524979a63fa4d18220368677b335658dc24b87c32793
blogs,a761d465d5b6faeb8f165fdc67b0ca326c38d5f6cfdecce646c10df170e85f51
blogs,469ee13997509ef789211d3fc57e8d15831e8b9180ca6b1ce32f0664a190fa09
blogs,2704d13935de7b7adbf715f8da18166755dfe8b9253ef2f92401f0e6716c3ef4
blogs,fa6d54a12a6812285d1bdb88b3efb3a124ac1b63e11778a2fee45ace83e22f13
blogs,8e9252819a4d845348f0900f09d7133e08458a47f7d15fd297db7f5670a353d4
blogs,b01974105dcfa51709922d7cafc2dd951802f4b72a1dfba82ff1300a885865e8
blogs,8b46325fc786cee2212a32bb6e1145ef1d3b08ed033132f55bf7762e47b1918b
blogs,92c8df1ccaa971477f237abd402518278dcd455fd3561b5669a42dd2982f33bd
blogs,1e6bad1087c39e9c10113302c2dac59adae4bae16ac9fca2cd0c9f230d4bbc0b
blogs,248e5468347a8b36dc28734c5066913a78271bd7cf13d3804fe714b079eecaea
blogs,99ea3e4ed1dd651f8dd08b8ffcd46e4b7b596133d235939598015452ea14a85f
blogs,da9992f51b95467b41b1c5791938c2b17969b6e1668b0e131c4ea9426e914594
blogs,5eb1001ff7b61d9fee8e3a58fb481da2e10c8d1578a9c7bee19c7c37c61095e0
blogs,91212c58b2309c14c2730d822916f2a98964e390c5a196ad3d18863f9ac958a9
blogs,b5a8a88e925964a215faa01263ea15ee6358a3c1bc12ce00278526d9be30e81e
blogs,1ccf3af9bee3c4ced74dec9cf21df65cacb2b2cdbbc9022cf337133419e9966f
blogs,335c1465892722fcf607ea8f67e41b7fe7fa17e45f83e3b7042963af422adadd
blogs,2fa47d44e2136147ac88e4e5934d62fb526396db3dfa08a23c47bd992c2ec349
blogs,2fd91766f7f5179912a04b9a685c6e6690c8e384d9cedd61e15ede7e9b38db54
blogs,92b7f867333e00124caf3db598bfd93dc95f76f29a0b216067c47a81e291cd22
blogs,c9ead8bcc82f4c4fb28931b602430273494b909dcd6c77c7b67a3f402044bfb5
blogs,70ff5c69bc89a9c6f309bdb4da07689d076dcf490deac0c2c751401e872fae80
blogs,3b4b4373842c9594266831c0efb4f5cfda848413059a934b74da6df113f768b0
blogs,952efd06f142e3da3bc04ad13d27448c0f4698d5b6ddacb210f107427f8444dd
blogs,36934ce4173ae63c11b1e8ec848ba7816fca31c4bf904cd05d26cc4d51b9a828
blogs,5c621662b5f6cfbe336c8a18f579d95de7edbd56036310278f61a01bb4361dd2
blogs,89848d33065b41c367ce97da6fe30e4a75b3d7480efd4b51cdbcdc1420992d92
blogs,5d9a0b686c02461f838bffdc408886dccf19b051530e85819c22cb87ada0f7bc
blogs,6979c5467d9d0977e7ad0d3af343d4ea77e9d3e30ffede0ae302e2dec2ee4306
blogs,6fefd8516f77cd8fcd18c108c5ed05ce78bd1bcfadbc24895be9151ebef3ee74
blogs,403997fc51036253b41acf4aba02e846052e4de3ce79c79b9ac06dd7c50f9246
blogs,259cc99edf781a83ee7347b835d77e1311c226bbd4317d400ae5c81eb36fbeb9
blogs,71faa4f3eca730bf4ff07b344c515cd23d520bb8b448a4e44267dd5fdfb0a05d
blogs,930a2164750345ca7c5116924a4811a5029f1916962b2ca5219b4a8f8bbabbdd
blogs,19ca16716b16f574fe7376e1288aa53d79c16084d23b4199311e24bfceb26cc6
blogs,ebfdb0c2ced0eeb1e86b0ac8790ce82a86931e31ed947d67056de4490e71d2ee
blogs,82f9ea1782a64e1e37cc5d46bb0e9afad2d0ba17b00cf90c659433ec50113f29
blogs,2710088193bccceeaba4cb8a9c50e31e4a1f0855e8baed1668959710af139136
blogs,f68f65cc4c1bb233e4c19cf236d7bd2f192d028b47eaef429782f1a75a931e7a
blogs,0c0afaa7860287f31633e8dff3432fdfef8d9e4df77282126241927577f3c0b5
blogs,57152bffc244451d93480f66d4f87742edad0ad3bb159ea118127908dc17eb93
blogs,0863db5b867f1f89c783322e9bd4db5fb46963a95225fa6556dba738e5ff12ba
blogs,9d966c7fdaeabe16483ee763404c6da70ef45c7a05393a298291e2efce4cb70d
blogs,cf97dafdeb359e55decf5cfa55245ae9acae1449e27ab63103f6d4abf96a80d7
blogs,6dc1f5400cd63e2878dbaf11ab595ecb714b52e5e742ca87b1f7c6960b389aa9
blogs,8164b07db62de9da9291a09a9c817382e86c1fa5dac2578ef4f876c788a94fb2
blogs,72caedf26846619b6bf34349da35809a9cfb43da4313601f088d1ca1d56f8f8a
blogs,2f5ffe5543226f18581daa60ac26c1b99174b56588e2ea44a465ed92e31a0444
blogs,fbc87a56610eba662de8cef14da9dadc234df085effd419ae8afbd4daefa9c2e
blogs,ee60ae0c6ef1ca1e9390a91cbdd0f37ec2557b2244dba62a658503e41ab72352
blogs,0dcfc5faacc9639962c3f837a415d28243842ad371026dff434367c9e8a273ad
blogs,bcb663e22e786d2c94031eea7a2792c590ad85e69a7dc4a10a2c532662f8803f
blogs,1f3bf0d0973ae88a16c101ee87f4eaa853226a6cbeb8ceeffe2cdc9dbecd280c
blogs,530349a1439a8447ba830af6ceb1d47b115b0ce33081cfbd13930ec0dbf254ba
blogs,05f94d2e274f3fee95d4e906b1dddcc42c720991120a8fa6591a35cd124466cc
blogs,5992e43f9ed405144e5f3d2e9e4ede12dfcc83866daa4c6abbd47988e7414a45
blogs,f3ddf3ee380327c4b4044adfa0d5230c8b8126781780d8adfe8129f07244dc0e
blogs,baf7a15cf8e9a5b9ba857bc7fce6fade2f44a68b188521e18bb7f67d865f86bd
blogs,aaabe03f52171638e862bd308067ef90413eab9e56d63d01d0b66bf03870abf6
blogs,577a29df0f0fb2bf34a6c636cebd991264a59da0cd34f60f0357d569d129de41
blogs,fcc3f65debd6267da602a670023b93ecf3682cf2c8eea98ab93c43d37c1412ef
blogs,fb21b2ba7a4d79a7aaf67231ca74e483a2930e56cc4c59ac67720e6719069b69
blogs,c000f322aae2af4b09b951147edd4a6fe87db8ec674d86aec2c7c9d1f4051c3a
blogs,915471d3a0b1f2d4e770149f335121475eab4473ae4b17591eb5f10be939bd65
blogs,bbc69cbf5ac05c068f4cca5e03276468addf11bd2af8b549ac3d62d6b55fad55
blogs,51cca40a46687dc627a1fc5cc69fba745d9711dca3232e07ece565a24f47ad9c
blogs,c34d1f6840ff56a2f9d1832b90daec99ff4427eacbd34b84bfbe28aa88c176a6
blogs,4af742c8285e1a401954615ff4db0eac568005feff6ae9ddbcd47f262b657c39
blogs,8b09ab1f9f71ff747fc3d564166415f811827414b365457d17c9511adfbfa89e
blogs,558894dedcd4660f29186b52bf2b860a14e3764f3f569f4e2b61fb5cf8706ba3
blogs,9f00a40c60301ebb0a51e1c967521a2d445c5b50e95d1b75d019b5e612872e78
blogs,3a9f604afa1cfc02d1c981ead23f5c09ce6b23bdbdb3364e9cb9fc689ccc9176
blogs,23fa0be152fa6b70a093d8ec3d19602822b5382efdffc74fe58e9ad4f514d707
blogs,95a867ffe6ac1f1806eea48983ab8032ac6d9d6336251fab416be1573f2532df
blogs,a30d7aa4fd2f3a3abdbe078389f5000c3a0dcc74003f4693de35a96ac3d693a5
blogs,e222d0142927a0eab68fa25a89f430ee25988d82791b917867378e96fed01b18
blogs,9bc7acc36055979f2ba85af83a8078cefb0ae1939d594822e332295a88c932fa
blogs,6624e8130546118a202a9e1ef3f0d40a40be9fe916f008d7f5c11be25dd1bf3b
blogs,ad4a16b5a53c1f926b0f372dbbed435ea71490883f0dba8d73a7b2d4757e01df
blogs,ecb1ffc754e07f23d87fb4fc8e8849d0c475a610695e97ac0a29b8ef7071f0ae
blogs,a2a13dd69f49200933e0bd27281272560ed23f77c525a7005784363792a3c9be
blogs,b7ee01f7e9766c7117b4793494bde54bd93715ebee008dd1572183e3611c9b95
blogs,85d3fa88b9e72d7036560215f2f664b411baca269b4144537fb950f72c23edb4
blogs,eeb126fb8d921f907257806b22fc0671459ad50d3fc23009b4dbcd495e175774
blogs,207349ec022a4c553d93dd81011c5bd553e1919968fc5d76c61c03433b5037ca
blogs,cb9c25f2d0e521f53f88e63edbc7e6ca793e4f52eb4395314ffc39e857d569a1
blogs,63213b4deb0f0b0e85786a5de19180e0bf44c5ae042bc0c0566955b0c04b0506
blogs,1cb86c3a3a1f289f739773e237e80336c67db1c161bd27bd2a5aa8a29c061251
blogs,e9856d159c7a5c8e4d8a4cccb65df8505e018dc807e000cf5bd2c72f80859004
blogs,6331f35e2ba9fbedca83a1c5882e2f87f46fff77538b99dce857cb9c59b7d77b
blogs,553c4646c73f1e3193d63be987fbbfde73e75499cbf6cd52083f9e9a73a3b9d2
blogs,2359bb25653836b1d4a4281a9a24f78a54d17fcc05b12bad1d751683fd773950
blogs,8cb0baf35a9b195148f6cf49e91395a988540f4d6e5dbece2d2c73d5aafe4ad1
blogs,ffa704c728784a2d91835f1d35888ca0f7e0baf01530487e110abca58366ebfa
blogs,583fb3966b5af6226735a827cedad892ce82335686fdeaff9ed8883d0e4b3d13
blogs,27350dfa49e4e1fbd8e570a93b3ba723761f2adf2309bfd19d61b88f04e82d21
blogs,d2826db483c1128de79b053340215356d74376cbe615dd6531e5c7d67b62b245
blogs,bc4f9932f19ef8365985e33bb0eb729bc88a4a121b937c9e6e0d216a23413259
blogs,09bbd502684b799b5f27adf59f54016da7bc0d9f1b86a3ccadc34f94c2ee7cdf
blogs,11329f5aa21354a3e4e37ef975fad05ecac86b84789ac4f820ecb193fa5983aa
blogs,f9a03b68c6a3dc028e011ad2eefafdebf1f2fc02cbc4f1347ad0b0bcd477940e
blogs,c46f6ddb466c9012648ca1f909ae4bf6692f7e29471ba6bed3e4dce3d92a56b2
blogs,771ce106ff51f5b264dcec353741a361a6b0ed291dd4737fe1f0f8946b10446c
blogs,1b21e47c2ae8679dd4c600b2fb74eb26e5741ee4a28b3c3c8ab2b7ce8d70a1ac
blogs,6ae19a87fc3ff1a56c9ec9b1f5dc3f08c483a188d3d237172e96f52c2b38167f
blogs,242267b9fa6dd35ac34aadc385fdcbe62caf366078fb7719e86481329c913949
blogs,9ae993d20e8b502846e8272f136cfd589ad7eb09689d91d0387dd9d9b43023ef
blogs,d8a0fc55b03d224f68c34665f300e5486bc2f6122a76e8d5e3ec234eb2fdb7fe
blogs,18af3bb68ae6ed8add1ec7d5c5445db46cfdd098f0124e6ddf8c2bb9a5635453
blogs,e010fefc17883f0fa3d0e5190ea5c2fdcf3187bd77c5101aeb7e369af12c81e4
blogs,f007b6734d83f5822963ac1d46af6d68daf98ae39697092e7793c894f9fc2c55
blogs,ab6b386bda642663a60957662e84bab8c043521662f0507465fd33ae4770b9e0
blogs,500bb4a4c397d9cc0e7d8c5aa7271c63d2dfaf5b83228fc4c574d72995c812f9
blogs,5dd4bb2ff009213505e1d9e0f1a913ee03388085877a40dc624a62235049a497
blogs,c9c1ec1d62403e8558e66ff7bd4e6bf743f284fe8b607a6c0fdf44dbc10e5e7a
blogs,bc0eec280d42a3b8a35b5370f4d6a2f595f9ebb505f935948bc3c1d69c190c89
blogs,a7708974e2abe455992accddae68e40d8fcaccf1018def525f740e0985be8169
blogs,2060b488dab54ba823d5fefe1d72ae9fbed65a06741808b77417c62ec1b5fc17
blogs,b422cf301d695b243fdd381a5eb35245d60d15f78d915cc6cc8e6b749edbb661
blogs,f5e446bf6200e38e3b5fbfc89e5b9bd0deabbacee0ed426ba8bc304e9fe745eb
blogs,92c4f23843b3af8e83cfeafd40b230fc8b4d862a75d7b3d0e7cbbddd069cf116
blogs,12e75a5e9b5b266b92e839ae69c3eb1c672a34aa6b839fa60c1493860ce2c744
blogs,2b9e2386648292b395240fd7a18f55222e867eed820fa480dc92215850d82a4d
blogs,b435d0156faafe0412b6930fa1cb7b98f1e5abc825d9031203d1c0a73831c91a
blogs,77c6832860dfadf0b72cf424ce6f95db3159acf706650a3a9ff4cc33d212db01
blogs,6193c5e3a32b459345bb9bee3fa1f3ee2133e94e81053bddade684400cae1ea8
blogs,ab7b2ecb0c4c543adabe5fbde9b0e22253c966625bdc4b989c28707745320cef
blogs,be727e6f7532726634c2229dfee4a2ddd19673af2c1cc3b8d21d3568096f007f
blogs,fc145ab575ead1f52766ea7b2ec38c6fe915b6ccfc0ec82b48a526c24a32470e
blogs,97c1f4ddb9eef65018bef20f53333dfa5bfa24d79793df913729e8aec50d5b09
blogs,62c8db8737e2b1c78feab9f1f3075c321c0f2783a254ef2a579ad2421b284bff
blogs,c3da0adcdc620f29b43cb22a1befa090df062bfb13c324a24eaee42a5122d33e
blogs,646a318aa41a15500229e5cf45eedc97196bbc8d86c69fbca8d45fd7fcb04a06
blogs,8982aefb31078711c3e0141a6cd94288d9fa0d62d0a21ed9d54f15d0c15ebc56
blogs,b4d9c125672f4c9be809488d1b4d0b70b0874e6af3a0b8af56d559244dedbd39
blogs,64fd3c2714f13f89d72809f2b97c938f42149132c934cf6dc8ccdf9f9d8c8c07
blogs,6a1cb00a61e677ffef0db1a1b183f3a1355ec54b10ed50b7172ddd3e1e181ccc
blogs,8119b55bba97b88b522552943d37827ad7c305182734b4aab5cf18987e6c95a8
blogs,495d6bca689418b7ff7e380db19ebeb14d5b2760698f9b9e028d6658a872ef95
blogs,cdf51830a4f0a22b3bd4a90a986179111f518f3b87c7f183d8ba93c92868aa3c
blogs,ec532cf55a688e0523f50d9fd05b0333d6d6fdaadee468e47c521d6b7980e31f
blogs,784014d9aa27254723bc2c91fc812bdcdc8c80d07b2ac622ceb633e1e94f691e
blogs,dac7750c6545641fcbbcb6ea2887d0a72e61e236c461490bc5f7561fd74ed8b0
blogs,4ac99b8c694aa7455f3260154ae6d7e351b553a5a8de975b38ce62b6bdbcb3d0
blogs,0977ca67a61db09c82a9323c16d06a604a8f3626658befc8902b3417238f53e2
blogs,c0aee0a8edefbe14b39deff22e5c2560bf3eb0f86434b48bbcb75e5730839aa3
blogs,8cc6ee7671a277200cabbf3957eebabd0e043770f7ed919e8495fdfc79148e09
blogs,a564dc637521b96ae0330161db2bf52e8e87e4ceb7c1b83af8a7786038ad2eaa
blogs,45a74d9ad1faf02e39151e0620dcf420e89f6647f187d11014f465672ed8dd5d
blogs,2a0fcde4ac935b9e9ec849c872845a179083605dadf18066326897bec24d78c2
blogs,7b650077eb25c01334288ac96b3731fc7067545668a8abafbeb79250b6b3b3d7
blogs,c3cfd3076e2d5de82cdb45476d0e8b5e526403133a4cb6d9f42493bb80a61461
blogs,d15a9d2738db6f961be0193e3eebe5bc1be37d0caca114112a33234be59946ee
blogs,d620a9c0a27064c81eb26675ac19998656c7385aa6eab73fc5e9179f6b90e4ef
blogs,2250418b32ae8bcefbb6c6728daed3a28bab126be439044d394b41ea434112fd
blogs,67b4cafa972a2eb94f38a2705c2eb546b3070d90dd914c85de7035b7bf0b7f9f
blogs,5665bad42fba08250504596020354108b64d82161faefb2f088820de6c857642
blogs,3ad6a1dc0d783e2c649bc4d55987f464f30b03bf6a710d6fe0eee4accf68fdae
blogs,833a927e5b5439298ed1baf38eba37e1a57d02f4bf527a2f38a6746e5de38aa2
blogs,932c95bb0d6579a349640bce29fa9c42ef05984012e4c4540673a51e214359e0
blogs,88cf0fa49db099e5a0398c94e4f7f2313380464871e91d82e83243cb1b757405
blogs,b5446baec0176f72d272cc969612191e3a81f6ed2e0a11f844c5f09bb1c1da08
blogs,d07de0c927976f06a77b00007656b28392fcb5bd0598a3bdccc1a85ec6b96ac7
blogs,789d3a3078f2f8bde5a43392e3eaa515437acf48a52d7f208f7bf4f90e781e52
blogs,5046789cc9a2e8a4a61bed24e74804909bc95a025bfae3adf52bd792da08b86e
blogs,e0caa8d23736b367e4a325f3987f2c9989cc2d81725d6d47f1c2121b96b8b8c7
blogs,07c57b41423b85f522d33b5ad334df45a90aa651d2be51bfaca7ddc008219100
blogs,7f6b1ad9c02a15d7b02465de6911f5c8e26566d8698bbd2914c7001b46de4a01
blogs,f434b73bcbf1318cc7cddbaf4429794f6e6f8c0df1097426ab12eefb10553c12
blogs,4eeecff52d9fbf99e1dcafe913bbb388474da215336986e6887d84dec49f666b
blogs,f516c159c11197249b4a4d21afc5d4a2b8e9966aac214ec61a5efe63520b08dd
blogs,9cadabbe54a09cc5039d3f919168e6c8d0bc5683cd31f8a3c809b25b3100b3d4
blogs,7a2e2200c40d68b974e9a0edb716c7b820217cee00bcfbb3b99f09594448e5d8
blogs,0b7b2728312d9e7781dd6af83dfac38913060ba138c4c2aac399e5274df7faee
blogs,875d450915a45cd9c39b9379789d4de9017ebddc41cfed4c46a94c5408cc9f92
blogs,bc6fa0b9e85696002ab03eef55b79918e705e7beffc8bb263282c66133b0efe3
blogs,dc6d62a737982b5f832b7c5375ce4aea10b936427774e88e4222baa7222946b4
blogs,773533d24d321de3a6afa8bcf2daa52a04359bc46554a3a10e588c290ad135d7
blogs,d4ddd4e0a141c4101c4ec2087f54d017b37b2378f2ab899d9c170dc373134dd0
blogs,c828b40a6c4cb0b5e1692161db311acdec81443b1f6da16c2ff0660e5761e038
blogs,cfe706e78c1047f903a04d64cb75f502a43c7fa54848cc7e5abc3d8fd9c0d9f4
news,ee1cda736396320c2613b9966f958d526503460f46d911695b1a44b6d2843a6c
news,4c13076222f31de801d84fa8c1ba6773eb62f3c85aa96b5c1d6fed144f40234d
news,19fefc3e7fb8cda399ed23d48ac1ea30fae0a6c58411d01f38585fea48eb1b71
news,f3433d45741455ba7d77086af4a0cadb34006c349695ae654e6e6dc78960171b
news,2197320ecb46b4179e2c84f4a049914bcd8b2a2465731bb3d5fc1575a327d5ae
news,a5a77571176b70296d2d01cc14ad9dd2f794379c6465ca6e816307b9e377d4ec
news,5a4bc9f9b79a3be9b2320496fb3e8cc92dd57a06cfa2d8f6f352af9987169e24
news,0ba67eee7e15137f8537a00a465c8701c0fdba433fc3f7947e7238f7f0532e4a
news,389d6f639d8360441eede89e56ea6a2f0dc5853a7c17ff799f826db053d540b8
news,5b4ba988965650b0c8b44bc7d953d4f9ad6866c44a25d521e9b9ebe01af099cf
news,44aa48eb24def0f07884b2293c77862de606d8a4e86881eebf6ece85dfe5fbc0
news,b47a4856c6b36b89fde9defba363b4986ab5fb59b760e9fc2d78fcfcb66482b5
news,b849d83d92c9aa80fcf08a61e95f6b43f225f4a4c0767c13c6ef8b32c862ec16
news,b2a91bfca52cae4d010d800dbdc8d997b0d378a0f5ceed63738d491fccc54f1f
news,1839680a1669e5700556bdeee358bad8234941d139a70518b0a2e5e62337831d
news,29086d6ff5c1a9713d18df5cadbbe4d62c9c598ffed25c35d75d25107c06c9cc
news,1389fa3614b9e48cc75fb45c688dcf092f063150cdd4c8381badc69c7087cc40
news,5760fd6a6492726473c1d512874af57179f6e026d7ce209aa868fa31f3c99b36
news,7e0f0f7a46abaa63b25adbbe8587929c7add3bd813f6e6b464a253f0aa5cb5a6
news,c7b95a5b9af26ea652e452d2f54ccd77a302a8d4945da0e4c8f165e4eeea3954
news,f6f3a9755fafc5494a4a1753340e2191ecfdcda4fb190e3fdbf643fcb306ed24
news,420421ca17c8d26402c6e25a3819f96c7c4fc4784538607557ca4bc661c27673
news,229031ce67ab22f9cd0f94060ac63e2b48d624de4da4aa84a9c509e825af9d79
news,9240f8d5cf80df8e4e504afb336cd5ebbf94bd24a8886c83c1d748d6258b0c16
news,4279d39f167acc732e3cc7447a2a2084cd55254ac48afeaee934300ef73b9165
news,36c7fd3295f2d5cc9e4c3ce820d44bdeb1e4c384d0247671382e141d49dc5581
news,3842f2ed9d47674332e102b9d5673f59d919323c4ac8afc025d88ea9b19f9b43
news,bdd2d5bc0be9bfc48d008aa9c2bb1ba97c4b21ddb1f1f1e9a2ee48d2156f7487
news,306a72a6d392ddabdc8f8c33f7f0e7694b0a47cae1556aba575ad8b3454d0bfc
news,fd0a9caf026bec0c71c9a614c10cb8c378777fe74f76d6cf565a1fdf1b965e6b
news,c2d2e2d375393bb0241bbe15840fe3bc57678a3be4c93429a7905b5ad1efbb21
news,7d7ef88f3e01b2345c2098b23ea953c19ce3bbd4e8c9656a21556879014af73a
news,aa157611c6d515747e21e858d42573a56a9905302e55f517acdb1a593ff31be6
news,625901ecdd01b3922bbd308abb2761b32d4a03966340bcab5a47542e0c03b416
news,461f2b77a31b568b7da10c12353233879a5e1cda019da0c51e0c76855fc8511f
news,6b85bfa62791a971bbe6cfbe5445d27bd3f6654fa86af2035c772564cd8bd675
news,d8627c4fe8676928153f09f85c26ae44ce54f5d18671e4e209430c8c540fc184
news,f88451682e2e0b74f9fb0a0d4180b427d8c18194f3fd0bc4c0799f4f6ff47dd3
news,09030c1b03bc5209bbdc692b29eafdefc31d1f7a11c42e2318240b158b77b266
news,e4fe9839f55726b610d65eb888edcd47b42c523dd157bcea3b29a11c2a569542
news,495d6f2f1f15c967778a32dd2b4b01600bf8337a9b533a25a8e130a9d75cb135
news,7d4f9e49683618abc4a4fff448de29543c81df626e25a4508b9b4668f34b1d55
news,13082a3f80542a1423b1ce065bc53beba8c2dd662cc91f736b251e4256a907ed
news,e01639a2af5965993088780ab22b7f6e949c895e44fbfe3db238774a0a9aa749
news,28f4bddb0745e1b388e9dcf1122ed760cc0a4305aa3a97b164687821aadd6039
news,c4fcd81b2f0e1899fe770f025a26c49a40648b2c80f8287168f3258ea477dd12
news,c296b8cf9475d5cb1a26c148136017959a8814854a8892093fa15906626aecf8
news,b77fd3811ca864a5aa62aad40f8c6f2869eaca33506e3d77eddeb3d10036a767
news,7f1ae1ad7c087f3eacb3f3d2a5b15c96588e5b6783044f8635b6a9eeaf4ce588
news,f8d477f74290550f46429d9bd9db6f5734a8ce984ad5eea5a75a75028f8d4e83
news,f34be40ee3f8527e46a39c0c9bdedf03386c3749797e774109602d55937024ca
news,3144f65c5a03c045e29b6f02675d4bce2ec242060af529a29326ef01de9280fb
news,474916c055606b74fe73c8513f3172d1e8f0ae9be4e53ac426a6e36472561f06
news,cfa99db5aae8d86d56b743412f4bc87083ee5ea0b7b50dc6fa6332a21d9269c4
news,e0162c0281e206ade94d4ebf74af3b5d6dce4b205a58e8fb28e8ba2d312f1dea
news,aa885e194c8454f832fb7ca5be8ae60f40f82e74d9003a97eaa2cec095ce747c
news,146970c3d382915003a6dc47d590f156e1b7d16559cd99600d7668946bc01490
news,d49d8801ebb90c78874d642a9535bd4e3d8b4778475dcfea2dfbda162270dd52
news,6b8cdc0c8539b013671e69fcc30594c427d497d7e3117d2f17020b2c39d9aebe
news,95826a65ff92ff484b8bc687558e224aad443d2d9ad2eb66e33ab599a86ea354
news,1cd8354664e130529d87286cb0ae28cf0be321e8be33a144b36a8c566a988b77
news,ec48810417215e78aebdbe4cc5e88d68bd56d17bd1142e76157e13249b0fce6c
news,d3bd84f507e027ac8d4fd6db2538a71bc2b0c430b2680bc40e35cd648b5c3296
news,15c75a82caba8a0af76392ad26dc6d7d3948d8566275592fe036d9fe4163b381
news,c02742e48fc5c7518fc031bfffb9a687f34a525faa52a62739a4d2e12f8f28c5
news,8d563bad1d629d4105f2b9ce375b177b32c5872eb23dc051482628e551577eca
news,0ca50c0a3d7deaafb853af13cecf6247cdc50f8f7fd22b60f987d2a24b676db2
news,9e2ffe01558537984668785dafb88ec5d3819bc162b58e0f8130b28e4186c49c
news,fb5c6eed9d5c830ff047ae0de0cc3b9ac2cff1017afee246d1f6e5e30dbb44d0
news,5688c27ac8f9763e1853ee1679d35126001817cb5f64fab383e974451401c77b
news,8dc80657d67e69fac112ae056e2b543e0f6d2136a74f0e3ebee30f56c6332a73
news,51b62225154b2790e820faaf29d633f9224773176526a8d3c56d9e38c49049d7
news,5f5b22205e75fdad4abf152e2908a407a3473c875387817bd97f23ccf3cc9fab
news,8229d58c08e738a991cc64eda0c9fe8932b61fea277b0911bb31604fd7cd010f
news,2d3fee54633555c59e3b2c8ce1a791df7f2381225e293feaa31829a2e2bc45c9
news,21838da38f930dc3309162595ebe43c601448fec978e48810db718521f5522c6
news,973e9fa6a7360e16b2fdda5cd402dfd3c26c89f5744d9a4b207ba8bb0f0f8ddf
news,ff8790f0fcedde6fae81aa11abea97a13606dcb5efe1881d13d9be023aa2687e
news,0679d7cfe99cf10e7152046caa14ca2da01e7d8373d95fa47274680460eeca81
news,78c792f89a3d88ea75391df7895fbea8cb50a58964bca0f02bedb09b64a79bca
news,ec9abf465e62df10192b43b50026f081fe210ee89033a1450af34980280fcb0a
news,ef454deedf9a070ceee19e80026ef9f7d8568cedc162780fbc871fac8ebcf9b0
news,348d009233cb3a0b9cd1d1db094ca16958f1eba8d5763b8a25a652834039b4a2
news,3aac5bf85a4e51c5da420f3f2cd28f7cc4ac67e52cf602dc5bb8229c31703a3c
news,656e52bdc45883ff1b5fad3f72803752fbc29efe7e44d047e6800b5bc0fe0b4f
news,9b9f398cdbfb4c808a0b15f01fd40b96ce9689d6d4e780cc173c68d82697e2a9
news,cd42bc59ed552f52a91495fd5828063716ff90acaacf55a687381de12a2cd398
news,333d611d527f1a267129731d8d0bbeed64e10286509f4d44b45ba089d55fa6ca
news,47b58b087b2d0f55f25d0564fc3c54d2c58d78c19ae636a9007990c1c3112de6
news,3eabc5f05109969eeef19ae556568a656fa1fa397f46a8d2861bbf538b7f17d9
news,f397aedf0675b7b452d23f31b82c34fd7456b79d0baa5387f4eb1c6616113efa
news,55531264c2af17674498fd4f658918b9582434fd0785a2421154d67b3aee2bbd
news,7730de16ceeecf2fd70f38257f92a35bdbd42ee313475356f57d518fe7dda62e
news,a448c32ee1d2e484b43fb9536700c27c3dd5912d25450d69013f914af045872d
news,3f0e2fb85a3c7e6be1cc21e9b6bb9afef9fe282bfcf333953f1a934e390b7b0f
news,cca1e9999095f13f5d77166583b396d33ef29aea072796f252b739de408adffc
news,cd7fd15e2ad22fbabedb881222cb66a63f0fe98443f3c05c3d9a0847af6b0943
news,2c60839144601ba03eb2305e073427bd778b5e74f05c8df4faeba62438e4fb44
news,bad279f2e9bf840b57709cc6bab2ddbae61fae694588a53139925957abc5233f
news,eb341d238f173333f57d25258385451af57fbb2c875606b2189670a69727b70f
news,220cf2b9be36e35cb9a47f5dac65e6c12d281817ed010f36f0b79f7f0134a40e
news,936e0173ec2902ad218fad0730a6273e5d6874e9d5223cecc048eb8687c47160
news,fca7ee05553a90fc5a69919170646142006a9fd949eaec10e69982ada5dfb541
news,18e078df0ac7adf0d0c93674af66e2c520789e6d2986117b56f9720c6ef650cc
news,9bc8391cb528ea88b52480cca5160988400ab35feb2125210f30fa8910fe44cf
news,e503b1a834c7f6d68755e2c2c0194ea6f04bf6ebcf10677a0aac31f3559abbb9
news,40760c8ec2eda642334577b1a714936a2e1b4224d0ed20235f13bd3dc31c5edf
news,7015189cf1266c71c8ea03d1e4b8b19e319251d613f22f0f420443dd32e079fb
news,236898d69053f63531a1462474233c339bd547a0f5be29be6afdaba4e37672aa
news,e972d281bd305a5ba28faa3ca498bedeea5a690d8cee6d8706f32d31ec453aec
news,0cc61902b9a849e99a5a9fe8677843529a36e1b78d56e33f35e416f64be098bf
news,800179ea47ed68c48a7353d722a78199cab9c3822850cb3caf0b724e8d230a6a
news,dbcd5682f4beb01f42e0fa60bcbb87ea56adc2ebad45415221a98e58b974b79a
news,f692691bea501f7ddf6337d7dba2325495053b0a1d1e4d72b91795b734aaea59
news,040dd4b92cde7cfd1e63979bf4e9f423e350179c7cc6ce44667089be928c7b24
news,2486c0209edd76816cbabf078dc24f64ec4a39ecbc348ea6dd6d92f0d06be947
news,eb11ff08144b74e9ccd5c0115bebffbe9bddd1451cfc2d59532534af802edc6f
news,c38b3a5b5e9c6ada7555aaa11c9c1b6f671570bd0c6c788656d0dd0a3b07144d
news,5253087a90f8beab83f517d9e68cb19edee5cf766a41e794f1236dd1be341569
news,d2e6f5de7514426a2f755dc0ba5aba36b132ae16fb9bda2f40ca27fb3e2a8e47
news,76162f8b033521273d09deb3fb525c5d9d291555fc15fcb031aa9ab1c6d5d8d2
news,e2ee3b7dde11d6ce15889fb4a661c1411f7eb229d8b2e8a5c87d3d45bc53cdbe
news,f5e95f8e141786b2ea855ab06854ccce310f611408c94c57f4ecf83698acd956
news,ab2a1fdfeef79930264d6df2dc4bdb71f6da65553aff3c0bc66f4f117d6225e6
news,6d9f455c8cf5ee875ed87b1a7f01443ed2673c7c99673def108d999f4d8d02b3
news,ac336a65b1d48498dd978498f1fceae9cde985ab15f9c6b049b8dd6e74d86525
news,6ec9ed43c8ae965932d20a9481b1de4323e64484a52138b9e88c3cb9374f74b2
news,6e131a1aa83f8ac7691baf0a759ab3e7932910be4013c998aebca6ac46d35bb8
news,92ae4a577af898e197548fb8d404320a184b5681a8803e4d9f88ecbe876ace47
news,53239e502dc33af2ceba0b359fce8edb70a45306984b56ddf340a27825da6cf0
news,54d9e8488c147114727d26e6e75c3b884811e7f869eef1aadaccdd10e400493c
news,b726efc43c089bd17f56456e986b1a8b41ccce06722fc43587d375016fe75674
news,4a4de4cf827cf59c906752eadc6320444d3d46894785d711b35be3d89dfb3c71
news,3007c02cde29a4530eec037d5db1f4469105115e09cf5dee130639579c7be8ed
news,143269ad8bf8a7b20640364e4e1362fa7998fbf3bea5c683c7a423ed0e557f21
news,3bf936e0976ad9d0a63796fdcd07c5dad1a7485e9ba836df86a30bfeb51e35ed
news,bb8cffba574dffea8b3a316937e6da7009df22b9342d35988476704a6eb330d0
news,df61f95093219c2fd3d8509e4c509d8d10f83e176d3097da395d756743c25661
news,f7349de87af1e8346a1086cf45635abdba374212648c99e6aa97a54d265b78b3
news,075741a62147037fff328af3ddb42ffb68cba24e543a361abeb0152f0384a4b3
news,3abbd5564d840358f40a4435d86c183596ff5f873b62bbdb34366bec0f40ed0a
news,ac2fd4eb05a9d5dcd90d3d43f7c344726246fd27df77a4c62234ac206647215f
news,a39851e21967e262440dffd59b848cf1912d9364db59b304ba905e388d209416
news,e3a1a3bde3e723e45da8e27777db447dcdf082f0280022e8f3eb4d77bca3b46c
news,59567e9e4b76026b2dc203fcec449086b330d34c25f22268cdbf2dfc38b085ac
news,683c1ffd5866cc9229936979c022943b27f09c46676cae62cc43ad1cc332843b
news,ba9f42fdc67cb9e3cf47f3073d8d1bf38849d7eb6bc8354a649cc8ebab59ddbe
news,d61daf7235e4690b8c1a07ac9cf5a47a1998a500797f8c60382e1326e0261218
news,274f62df9f87bcf542e529a08114547f64aaffa832a4eb210518623566bacfd9
news,fd340364d29899828732522c5e31150e9a4ace1584de70c1354c4fcdc04c03db
news,5ee1c6d78da92639e09ce92dabfbb3456b3be4905c01cc67cba31ca2f74c16ff
news,fff1a9efccc9c9f9d40032b0a9da8159f0e558ad35cf6dc76622ed410bab0cf6
news,c539848b5a82a907a6bffa1d2bd046cc1d13b7f92efd8343cc03377dd1deac9b
news,b62ab51c31b9e3d64e28f1e39a9954d3fbfaaf8329d79addb53acdaba8f909af
news,d692b46882939204c33abdb56f1e9a938caeae9d2aff54d93d112c9f9506e251
news,40271fb014aaac8b374b6de65c6adcc39e45057751f1c712000feef5fe49f24f
news,63eb0f180003da38f3022d7bad7d22fba9983533418028057bb324fbaa3dd192
news,f0ae318ac83df79ff0ba16f0090b36b4d63b156cafd7e9c61e8d5f6c13aac081
news,2cdb3a047ed073e1d08b131a1b71226246ae42ab2afa2c78748dd82684c6f8f7
news,24c16ea75455231562fae13d054438c6d112e5a987ab171fd032734c05d0c036
news,e8fb67c221273b7d7ca8455204b01cc1c3bc951ad021a80884a1e9b9ee5dbdd8
news,6d09a2552f2a07e83e8c2fa5d45beed4da8c5e24532a4f8b6f51097265dca5a1
news,2053ab7aaec3c2a44d34ff68c2784b26823ff91369c11ca8e06ebe29bb58aecf
news,e5c40987e78410da72ecce7bc50a1528b15b52ded2aa84d32ac40874e41fe7ab
news,2f9694fa5da73a9242b75868fcae5cc61b94fc3e571e0ce23fc721ba2cc1a536
news,4f053d0d5170cc3ae057ab362ea2b492c8a84f342ea20e2ca87bad5ef3df969f
news,85ae2fa530bc3f0be03e92e9447cfb884157298be1f0d9c267d214e75a55bf55
news,3a48fa1ceccb155a7faa6426e3ce4bff78ae9518d8ff5df886c15bcc063c1beb
news,9b4120de869d26e86e490ef3460d81ff4cd722479b6e1b900f389c872e3b6619
news,300a68852da7df93cc49df7557aa59e20578f3bcfdbd9e7614ce43fe1cf94968
news,2cefb021163d4feb2fe55bc3961f40ebbf03fb38fdec312a5aff96170dfde6d1
news,6253fefae50d7b287bd53259ac41c35b6d41a6ed50f57f69b8647467fca07af1
news,b8407202075fb6daaee86b3a97f08c26fcb35b4450fa9443655508b67fcc255a
news,eca7c9a3cb0325ca4b1b19f8bdb3fb99eb3a4ce2e905ca75ace2017ee57afe5c
news,79494f61784af8773391c38ed22a3046a450c12e03340dac7bf49f579f8f5127
news,7e9878b2b0aedffc5660111df14a8cb33a92951a81996ef2b3121282bc9162be
news,03c24befdd285ee524085f951c3b417c52217a7715f82d09a1b2c85bf8c994f8
news,d0c81394df1a6995f658ee324836654c79dc13c39cacb871d5943a98423905b2
news,8316aa66d65a45dd8d6a6e64eacecae15b2aac1f9adaf9cfcca90986c3be4188
news,12fcc1e222351363e6bb8336f2ea671cc1b53b6b20523cba2c33e1c8bac65a8e
news,c66d389eb9a9617e236a2b38183d2a0e555c83ad78dd86ab3e9d084bdf62d479
news,3c9b061bb939e548f1d2f148829b99db2e5f56bcc61bb201ac13f6e5ee597f8d
news,8cb449f81ed88e032ea4507b587c7a449dc8d7dfb47e59256fe2e0456267fa39
news,893b6813fc8da9e32ac702b5a1ac9719b54ba617efc32d62ae51acf8eb8887b9
news,68d7fa7700b8cff83576a291c3c57d40e6f5acfbc1cb30d484aa05ec80e16fdd
news,5f4678df95922efd7acc0c6d8cd726edc93217378d8bf83a57b52691c993e57d
news,3d3a14eb614c3166a782caf1cfb62ac6b74545bdceb75d7013f6173a9a5a7d1d
news,ade35e853f6248f37861d710330bd5643e3b6c5fc82d1e6daedb648b47852315
news,85d6fa4543f127221016d7d4e3163b308ad6ee491150d9054c8f67598feaa3cf
news,914664bc68b8664df4049eef0bda0f9db17eaad4e92f3a338762843a108a87c6
news,3ad780c19843582b2daba2cd5525f66dcf983eab5639ad9f47e55ae69d3c6ac5
news,5f49c0c8c3260ea94c4efc579a684608c00f6b8f0df22cbebfec5707ebc160d6
news,beca28fb740598056aa62324c818dcd5fee0bb90c54619c767ca16f9e04bf233
news,05f7412ba194bb3d5c3668c7a439fa3548dec19d22ef386696ae9c9cf43b8465
news,d8ad4b9e0f0856a7cf1bbef8f5ee2622130998d334185469929541bacddb4f3d
news,fb1053942f82aa67806583ff3c56614775ad9c72cac02cdf5b6dbece683b3918
news,a65bc590dd2b49d2cfc7feb90d48084c7775c83b2f30734fa82a62a7be37788a
news,30fd537906e321e4fbedc90e550c85034fb980450811c0700364edc62c3619f2
news,ae99fdf87c2d4dde4a70bc6d80b288d632021476b736ba63ddfaa81d3a72ab07
news,7da5633af518795d225b325f5d7f39d5576d8c846173d786e2c7bd1d08a03659
news,8c729c1593f3a8d0cc2af9e5fad0706722e489941487c5dd00b74bdffd70c612
news,7e2a0ba2bd558aa7c3ca93c913d8dbe58cf5ec024eab3f9571787e976fa9a294
news,5036a57e77d096d2068f97c139fad743ae303e1a57a8cf9175c0845953839d4a
news,5d2f6dea5469556048eb22cd4664314756d23385654fe23bb8276ffe297d6c98
news,f6e63c4e61c7be1f5e18d639962c4cf1113b38e9a1d47547207df373d201d514
news,57dfec9734319cd63476d3f81df9e470849db0d48ccd1a8beecb465eb0167db2
news,7a975f63a9d30af1ad7ac5b41a346b752a4d062a805af6da3c16265ad13052c6
news,a96015c25e9cbed4184061a698476ca9dcf5b7127d3f28b20b2cefeeca88545e
news,7b68fac7178ff31c67c4e203849a692b4b43238c1c3b51405dacabc30fed90a3
news,db55ffc98429ab2fcb3cd57150955c7107450a36003ebe434ae02bdfca652f2e
news,b95215fa47515b797661b8d85363205c4d2b505dbc6b1601e6f7018fa423d0de
news,a10db499924df9d00869e7110f5a554f0643b217277061cdbadc2260fa2ef72e
news,05061c9d8a16c5bf96a43c6ea3ed00b1c11f56d26f6a774d65e369984972c4df
news,4286e55fcf90075846a2df9a2c58cf47c8bf68f329eef843dd09204610a8e098
news,0b955ba4b41ac8f51826546c0144817bc19db7dd0d654646ccf5c69c768b56c4
news,f60ba6634a1e03042d19352819e8dad01bb00e6c1fda66aa412918ee075fc97f
news,b47ab7af62a1b74bcc4f1fda738c6b65ca56ab9a19b81899dd1b2968364a120e
news,9db2744ac44fc3ab28df461d49eb12ae43acd107754efc29034b3c793c8d32bc
news,7fffb9552c4b67a944efbcb880a06b87b419a186c0f606f86e29cfdcd189f6de
news,0d5fb331b0d01659aae9db00fa3784dcd7c40267141d6be2a6eb448fdb76906c
news,1d32dabc9f788706ed64abeb080eed36aa1c9a2bb07bd0e3f20de6745e756863
news,c37c493fa5504e2170d4cabc86800e3f614211210319f5dbbb1c3ec7e08eabe4
news,96fbc41cf691a1c9ec08e8f1bb09f1a6ad66d57f34cc3a97464d7b8401be759f
news,910072aa16c20850aff0e94ac4536fc625a69f4cb9f98ab282b1c9346858d0e4
news,65d0442f58096ed4bb98e0b09bc346d8197a9ecf41171eebaf4e3d3a0a5abf8b
news,243b8e2a16a242c35b0bcd97fbd0a09df9e1c8513583125ab4061df80f9be1b5
news,c1f3694abb4ee84cee48b7bb1d16a271d8372f221f4fb82584ee4730df6a8fd4
news,ec0ebd9777f39167dd55704434b5394c5aee17e2d688b3093bcd65b0cc3e22f5
news,1120b1e9d682fa3b720de1538a877eef361415ad868868dff49dbae49d1f48be
news,26bba61b6237b36355c9770fa5aec7de24d17d55415cd41ec2c040593416e2d4
news,da981f66ba382290e134ba601ccb76d524e12195044478c69cfa6a1e405dd86c
news,60d496c046bc893a5710313772e69c7b2ed7142ccd51d58914cf48bc11e1ec2a
news,060bf2f2aaa5bfa1019922b6a02f0adda3a59accfdb93bfd421c17faba1d7dad
news,43ab53233866128f1b1505ac276f48de946f0c1f8ab39533a1a98f21f1497016
news,4d4f2c8fd475944fd45fbd975854bd770a121f9ff7ac21a49774c421eb7340db
news,d6b352d9cf5303e3e6e1ea528d4d4638cc15cd5a252ec5533fba4e6599333972
news,08fc39a45dc0aa72b9854b8f55c98440e9a72f6db914158d478731465c79c573
news,90a96257224bd223cc01bb54ca153af534825c0b035bdab01e890186ad88c845
news,4ccc546cd0adf4bb8ac85fcfa9c3115f375e225d770c633698a96557e3c0413e
news,4b2f85eb3f993c1e5ea17109b0085575dff8cc63cd9e249b78edfa50b71eaf30
news,3d7b6ac2880ba4dad4a9665509e088de79bbe96266d2952970e6e943362a87ac
news,84a843dcf3825f5348cfbc381161c6961990b8deb2d01aff50da762ec7e39f2a
news,43fb4a3ff8645aef961f7fd103d51b074ff438ff3cb004cc83c59790b525fe31
news,442c8acb92b9178e933260850d9a6a9f604ebe16f9a412c8f79e594a1a0a67cf
news,5ab19c1c92fd3d4e33edb4d29f436b218a05e07d9a2da6269d65a39d98257e5d
news,32792baf37decc2200490d4e2ff5608b40ab673379a64b6a8662399bc1e4a389
news,5247fdb0054ad50fb267c1930257ebe004d47185a47399d6077e82335ae65739
news,9dcedff04df261f4b443db074c839cbec0121fa1e873f4852ff531723fb62d0e
news,9761e1564393a47a6816ff8da6e8fc63f9a837e339ac788947bb4f73794f8e73
news,bfa896191a51026b1f82892ee42e75ba3037fc621b2ad7542b9e5763a611c86a
news,a2650b471708c68110d1b9c22c030bbba8cf2329ed340191f750bb9f58e41b8b
news,8bdaf7673681d3cd3dd777073e2bf83827cf1a74eb87076b2253f614ca1ffc5e
news,d4e74c9b03bcd08ce0cf72818b3bfe0b26bf329ca9f2d98e549441273fbbacc9
news,ce07ac8ccd7d176c2ca168f3139a1ee1453a5d52c3dca116b77e6bc2f05d403f
news,f202b9f0989f2e358859558bfa68b14edd527ec7484af318663bd9386d69becd
news,3cf16bffbabaa923723f572a4351bbf77fb025d9ea31473f3fb6587e5096c643
news,cfd979c1dcfbe4e1299acbb4e2f896d7ffc5d85b02d9eadb0ba6d47fe539db52
news,2f7aa658ccfbe0301eded2090df6db40f92bd9262f5dba5b71d6419af53330cb
news,b08bc14250b6f4c7be0684bb8598bbc3931857bd36f1299595a3a8969abc7a33
news,e1a31383aa2d0b20626969843ecc79e187698ddb4a3e2031a468b0416870a8c9
news,8707b99b8e90b31f7421d400ca8cca5a115c7763e2e7e06918fccb9c3b192c4e
news,44d0cdf7002db53422069cfec60e2e2e9a4cd1005125399f7cde428d5e21de54
news,54ecf6e3ee9355af12f202ba98f73161d07b71bdf931e60bc78f82259a1a2db6
news,cf2040e53adb6f5f99c2fe0f13151f85990f7bc6837227c8068c2074141dbad3
news,5ba71347e61a8754aca2a543a61757d0cb0979e9d6853aa2722e2152d3aaa723
news,1d1faaabba358354cbd4d66c96609d4d36dbaaa27e5204f2471d3cb93766d791
news,8ddbf84669958adcc9f33b5316854500875df0a7709bbadca81d5df9c7d88a4a
news,24aba86b017fbd5f11d16fdd9c43867122e48a65b985842e7538fc135d3e363b
news,087757c2ea663adafc9b2901af3142f9f87a366e34a72a6f9036bb148d77c33a
news,8358fef454b38a0803a2805dd4383034efa5f642ca517543a008468e66c31343
news,d36008edf5de8d502f7d026a4f23485ee39c29307aed756a5ea876301c7dc7f9
news,59429dafaff44ec192226fbf8bf857fbea27039c57b38a56fc9aa699f02c87ed
news,a7efbb07458ca164340ab96da03c96c5431ff4e324b78bd903cb6191dcc9ed90
news,5adbdd9c7e9cde8666918b84a4e71450583e94273775a2b62025bde6e7505a3a
news,b9db911857d40d602a104fe1487a5acf7458913b02f4f4fd45ffdefdf6a4a7f6
news,966ab97d443f8d3eba37fb475484f20e18337f4157a47d497d7abb8a67204274
news,56ea15a7c7740fc92820d26971faad1fcb8cf53bde29156366bac70ebc343a00
news,5b5315b74eac002d1b6999cf85cdc33465543ad74e10f0024046ce3a1094b4bb
news,d30fd06440f26dcb01b8041568f88c79128e66352747d1fa60ea32eb4378dde5
news,f2ae2a2c361616c0502f1fec1acffa9337e34a42721ca7bff8a66ba92befa6c5
news,2f2bcd02a5e9cc6abab22ad748bb9162ed9cc9134e38b0a2d14864b63b887b3e
news,2d9fffab902ad37978f3494c31414a12d5fd79990906d495073b3c2eb6f12726
news,3d606e4363e0288a16d75d408f14f497077b0e8de4b2d40f82c13d5120552e29
news,4be7a2187a9c3d08985c895deb946aad7ba262558497970e91b27e2ea7ff4e6c
news,2d367044e9700d2065b2a20cdc3a6f59425aa9054d7f093e818c3202bc7eb982
news,9a2c085f2f7b2aa71d48c2ad42eeae91ce49eff294453a7b7847e24c408b1fb3
news,45b262fd4a6823b4c193b211a1e7c9f068aaca4238e130f9e70a8213e9267fe5
news,74d26e1cdec82f410d7908c197e8b22a20f0e69f4690bbd16eb07659bde698ad
news,68574e5b1c3dee37bf464767b3faf2187d0ff19c1ed6280868b64922ec43a7c5
news,07da6d3347e5438021a7db5675286b0d24d7c395cc6de212b6d9a724da7e1de5
news,8d6f53c67e866c32fe1174afcedfcefea6c51a5aeaad9f373dd36bafc5599235
news,4180ed8fb99603224dac2849548105191d83c179ab139dad4078af7afe960d2b
news,0c0c324c6ae9ea2e23c00d11ab56e60f4f7361a72ac9dededcddb6766cc689ee
news,afaebc07db5f798f18db0ee50b9114d7ce1c1fc6a3566ac724ff9a461b2ce2bd
news,13d3a92d11b93740ec93d5a4f66b5b2ded1ba4207c454c981f2e9df906fb44bd
news,3e7dfaae8fa47eb22eb9b2493bb89a56607764c8585b5829f9d14123cfc7a146
news,f76a8690387147bcafcb209cd3b4f67727a70c48cf988cffed86f824330afd57
news,ed6f2bbfdbca6e9c72d34dc1fa57e6eb5568b6159eda0de886dadb61418c951f
news,1f9b27605d765d2e25dd537e7444f78127d17bdfccf9283831c089b4aa47ff6d
news,0ee4b314ab4f0a7b012a50f2970a407ec22d2b57d1cb14b30d132b05295d87b9
twitter,f0a3ea8d7e02e3551ee71336d509abb7972b460c4c1d4131b3787c1768c73184
twitter,30cbfcb985680ccdaa4a561601785e181f39cc64250bcb9ad06754fbbeade52e
twitter,b7ba17e814c26b51734505a5ee7f6e1d880c6a00964f7e41fb9fcca1bb42d258
twitter,eee2a2be6d1afa9a970125e27994567b58589918606c52ed9ca6af2a465f3637
twitter,0e4261adc21227227d9a869f4a7b6935a94a90261149a33f64e537eb76743afd
twitter,6ba1c911f3067ff25ee79bcfa593cd0ebe09c8c40600b7a216bbc1282094c359
twitter,9b27a774879240dfc0604088d42e24135ec6a15d59bf1b529e966c3ad66f8c7a
twitter,ffe76e93435185d3e14e6c69ed479c80b18d1c1ec9dafc1582a6fe1771fe9f4a
twitter,dd35115b549671c021f0ea635c9de9c31c9b202a65524eb239512c3a876d6aad
twitter,36596a2da8482d0b28b33059a2c059cdab727c4da7463ec141b5b268fbac5726
twitter,c69383ba508d3c0034b5e6bda91264d677027b03e24927058606b45f5043f978
twitter,3a16de2563026f42aeaf75cd2b7f2eaa07f8dfecead3a9d0cf227388503a8a83
twitter,4e7435b3ccb8b1baed1e382f8e7853e4e38b5b84719f0af9f0d6a46d5a34f1e1
twitter,1b000c6e2b3012416407ab02cf0b3a7cb9e475bb92656a63dce0e8467f6bbfe1
twitter,f70ba1de59cb32fbbd4b8190f1ee46bb3114252a99914a0cb14daf0995159164
twitter,776f207bd76a10da0861cca08ed579325d495dd5f6f9f3642abdd336860367a4
twitter,80674e8fc313c73093f64b4ffb48f92aa8aae2ff1a831c1e0e66b7cfcc90efa4
twitter,94f19022adc5b5e95ca30908f8ca7843a847a9e35960ca6d3abbd8e8876097be
twitter,f712df0232174bd093f66474d63d996dfbe49bd45e48baeccd25474f3911a630
twitter,9622c2485d2a009359747800b208c6fbbaaa9c5206b027f55253cd005808f693
twitter,191ad1853feaa84711c38bebc4911f4707936f28b8f8643e7af2418955763237
twitter,9992e8eeb05a29850b024dd176c6acf2f20f8e737ef3a123b6409e3c335ad5e2
twitter,345a22944c1d34b0347f0abb4058b09479a27a5283c340c12c05be7ba02b3dcd
twitter,ba57e04c671a3ce402e20e7984517134feaa47727cce174620cd6b1a5c2be9f2
twitter,bee869a65716b7ee8247f4ea4b5b8b935e32e66a097fa7dae2740aad3ae2aef4
twitter,654eee1adebba3c83c9e207148a95ff05f04bf9ac907522504ed96527070d515
twitter,77a243fd177072810e83e0ecf2c04b8134064e8a47a43660a1bb0dadd60743d4
twitter,607884798fb158877589ec7cdf50b7a96c014f2862c74608761f7034ecb6d539
twitter,473c93dd09280ae0bfe7fcc36d98054ac2a4e9ed7de76f28e68abae0e4567f25
twitter,9869dc55c1b077074fd70252970ae44af0c07bd10f772b57fef6914efb562c0a
twitter,2a316e78cf14fb2ddc254327e2799ab677817d914544f66f24aa114e2de25f27
twitter,9cf2b3210b0905d1420f83808df495a1eda409e7819bf0001d9d22194b4fc56e
twitter,f0b9b41a150d0d240de9d2004b745ac3456c0e190fbee27d9093822f978e53ae
twitter,79d6c1cdcf845a990a331aa1b7fcabc627e7a33f06a586ae051cb68270d71066
twitter,3f647fdf92f29bc5438fe3284fc5b6fd03db56e72c7913abc51bd0dd800a71f8
twitter,a3f275204d5affff98d63979a67488adb1f9ea274b82f184d3f9826573022207
twitter,a3d4d40c7ddbcb6944faf426e4736bf25e49562ca6875d08de2d402cc4628206
twitter,dc8b8e52e392285a5a59703553060ef5aef191bfb2421e329d26a38720a8a206
twitter,b2b9d27bcef53975e11b3ca1d97ba7508ef337e1a580a10b3a935057744431b6
twitter,ace8e1165de9ee51cc47d42a567b5c5df73127b33f76c371a9671dc7d9887634
twitter,9e0032ec12812f047d8cdf655e35b29697d2a59cd030de6ab54d849e0d4ca9df
twitter,7f48bfbc577eb47b6e68537f0f78553ff1d025cd308655a609837d2d50543573
twitter,e168c52f3e087ede78c03188de6e5ac0b2d46e858a898a340430cdbb958c7452
twitter,104c6348a9286cb6a4b345b866aee218c4c5c2881b28e6e356026bb3243e201d
twitter,0273777b71b66a99bef8d1dc7092ca208d7525456d3a351db5ee7df675c986d1
twitter,5bdf1089769aa8cae98e7459de5293dbddbc7aca42e1935873243f25992fa76e
twitter,f5baa352dee707819a1bcad0cc77b1e422d1f4131a0dd56f2b65dfbd46dc6daf
twitter,c41f92ab01d69d7328650d58d60c5981bb2471534637cd3919dc429307c3356d
twitter,f31d5d5289d7ded0d86d4598215032dd391669cc349a80fedcb7939e22f6f284
twitter,507f93c479ddf561b3f03a5153ff67805d977e41bd4f3e2b8ed7f20e4f5cfc2c
twitter,df0238e08235fd6953b61e03f967480dd5ebba6776f560daaf3701772c982796
twitter,389dad68208794d3e23c21e7248bafd9522060a7fab8eacdd41d86b13c3518c9
twitter,83812ca706378bd22612f63b54fe8c52c50186175a3b9a91f4e61e9a1eeddeb2
twitter,b4b0a974aae42606b13197d631cd93240509445ad52d06b352570cf3604cdfb1
twitter,3487b73cb6e53d159e1ca2deb36194b31b959e6e186e03034e1f66a9072407f0
twitter,33bec504897337cdbd1dbefa6616beac19ff9a81fdc304faba87324ead14cfd1
twitter,e3db3402c94a6a3a91caff2589070ba75d5dd71e64e58dee59b88412acabb3bb
twitter,daa40b38797dea296796ad7b57f6e1dcc41d9ac2bd22c8f661f257c3aed466f2
twitter,c2c651c509e60666017d213b0322e7741fa4c89487e8107d91cf6bfbe50a8bb7
twitter,2e63a5dd8744a48b349ca62d79c0c39ddbd31b1545bd35920ef1b1c83630bdb7
twitter,8fa584f46916cac911a39e940632240f355b8ce2393eb47e90d55dd0d497f898
twitter,909c4d50c2e8e9f26b36150505d870848030d21f3011afb3fbf92eb16c249a12
twitter,954429dca33c2195a39ac672390794d9ce193c044fd2521c5036c9c4a59f0fed
twitter,0049bab0e6fb7b1bd045d74fd890c3e2c875ef2aef8ff0dde3464fb2057b869d
twitter,94631d4f17fb34007622428916d7ff2f9620c6b5d17270c931bcf197f278fb15
twitter,31d83be987a7b4feead830a83e79df2b771c1184f1a9f9893aade8613c3feefe
twitter,2b1b471ddb4e85c893f9b0b89ac0fbb4657f43b3b1d362d792f52cd7571b327e
twitter,9ed0d113e4b58800965da1efa16c19737bbf2219510da913b2062bc3eed66669
twitter,c6d1fd63ccc0531a8c5d59c12035d01bea2ab7c83ab4d0fe4c397f7888332b57
twitter,b09bd2fe7166ea7e053a75a315bc1ceca1885d6955144c8891e9832df07c95d8
twitter,92aa4a644c065bb6c41851bdf3e10e2bf30d63c59ae1a7304d7164501e35062f
twitter,a75a8aadb64e8901c629f33f9fd6be02f3dbcd6266033940425cbb4ce5959fc0
twitter,858703eef2b9f71d995e95de5102b6a174ade266bfb0407d89fa4a67120caf00
twitter,1f08513b57d3251b877a5d711f187dbcbb90af2faee1a96168b73484da5bc5dc
twitter,a21941d3709d90cb110c7863fc9cde4d2340fa122212a3dab15aa35c4a799d9e
twitter,250a1b9722d118ab1249fb33b7d727a84ae25bc489b16e6abba5e0bb795665bc
twitter,7c0503d21ffba89c0e2b0ffab003e876ed6d93cfe1ceda8e0c8c193c7a5ec197
twitter,7e76dbc476dc6a850819116d2147ddcf1fae2b7c0e58aab82827b669bbc295ed
twitter,7f6ba1f252b4664d418f141a47378223f539ad7d798ca47f0090608b06c0b631
twitter,82f26225d783b033ebde83610d12ae0eb3e0c63f8e04d42e4dbdb50dbcdd21f1
twitter,b52467edf8df83f27cade38e83da4c8f3831390a7b116e97ac5874e89e3c65c3
twitter,847024f0cfc33fdb339f41ea23e34c127b09b8b54c0dac608f88be73065a0fd4
twitter,0443e3a491b07d4a4b19549d25af66ce3ca52c3fbe1e7ed93749073e2fb3ecce
twitter,638d9511cc7e3b83413a1532699ae581aabf1f2cb7e0312f760ffac43080cdf0
twitter,84a733608aac356151d61efc2cb44aa566f239780eefa358540657eb418392de
twitter,5652c11820c20f4a2544e54ba3ad59bcaef36479d7865febd29090d1cd27c71f
twitter,4a030ecdde398dbd371432f9906ee4e3c4508c6aceae1cf00c288eb839e12def
twitter,e90c503ed46a1d485833405f246a4694b635dbaa4a06631f728ff25d447396bd
twitter,18f52858a6f5c020b28ece1660cc0fee94927c6eb7e3661d4a3099ca51af943e
twitter,8ea90b14078ff5edf6534b1dc9a1720d290386e0d72b17d77223abed48ae748f
twitter,bf70794ab5022be4ab8dca650224799aab09a783038fa53efb9e66ef24baafea
twitter,6d08cd3cdcb798423dc553984dcb3a3347b3334f344ed57b448f2532293f10db
twitter,9525893df7b050a7cefef13b6b419f3372db981ba8bbfdc59f5cb3229e98124f
twitter,bd4d8c04151c7ad102d8cebeb267a2f8c5d3437e0cffb85ecc4eb5321be9f073
twitter,425a5cd10461214b3aa711def76c56a079242bd3fb5dd702bf1982ada76f7166
twitter,15eb6228573882530cbccf719e12258608d14c348916caea0257f977dff861b9
twitter,52ef9f156b3a4c61d185d7e328a9cc31ed2be6cb3e26e1d030a6cd1c81f54f13
twitter,97820ff4fa1f8d73571119152f19316179aa3a2b5f85ca1364baf3a8ef4c6528
twitter,776d328be2df9149c7bc5d973a8fd5c8b78130b4d53d81f01d6146e41a62969d
twitter,e71ca881bd9d7757be0b267b4587a93973dc79e554e986a089087bdd57bcc92c
twitter,2cd80d9c637196ae8762c03cb643bd8e80f6347c55cc733e1e5ce482ca6b8c47
twitter,3eea79ac97e4b959894d030c77411b8298b72342d5611d213dbad0b33ca0586a
twitter,9031b3301d38c57f05c6ce2c9f6d5ebaa63282287d7ed65795eebab73f97f497
twitter,9e0d7f88963606c4b15fa77ceb4ba03094a20d781f91ce1e88fd05adf118c693
twitter,b1b0748b1cf10dca6dd545da4058f1f68aa624ce92f11eeade2f6125211da4f8
twitter,f9b7b58d4e6ada1dc865bd8ddcca4863c0956dd7523cf12be2bde0e9e5922db0
twitter,b8d1f9bf5260885e4c26bd5c967ca6c375e1714a732d8008f8d1076c3b985c66
twitter,10ebd378a9e936919945731a1aa7935227fa7aa5b213529f66f94acd1c450d55
twitter,7b14846baa3dccdde635234b8db5645da122c347a9b4b373833e6e63d0d327ab
twitter,ba2e992a8f55f1bbd16401fba53ecdedb8918e60373c06ad97221c7ed1280cea
twitter,0eeeb51b8aaa192955b9d1586babcf3e6ae5e2cf07c2d8ac532249113697973a
twitter,1007f29bd08a175ab5aede974704ebc0f33ccbcbae87cbc4914b38a5dc8e8107
twitter,b4400470bc51a839c707c090d90b2ebdcc21ce6f471b8faa252f57dd0f012b64
twitter,56f156d68f97d7eb620d0687a99daa452ba69119556d005303c7ee9eec5dadcc
twitter,48b8db6f78b35f85755e20dbbf47d208684b27294c1217fc5bbea421979b2652
twitter,74661bd03dd2047b0a9e4e9f271233e8a722dcc0688fb09a8bd0168e86c8f182
twitter,15cf2e2019041aea33a0770f6111f410e336d9f1d754de78eaee881b55e49519
twitter,4d04a995c5d89d6ce32806880cbb5f7387c9478f8e345f0292142719e0da5884
twitter,e0449e65df12683179c15e2530cb369fd799640c065271387cc7a0b60be2a20f
twitter,6cc72c5c5acee951ec52d1883ccd9792378aa82bed7ee690864b825249f499b5
twitter,8d32d1e081a6a3cf7d9d1ea99ed3442b02bec16429912e28f92d6efcd7332888
twitter,473d5f9872eb1ad45f2dcf9d60ee3977b740733646cc99d661476c18b0e3395b
twitter,899944e607fb4e1ad2755abeb9f9057a1adda3b25ab3b4c87fe02bb0a3e95ece
twitter,a9b191b0d423a985b3300eb2d8d0a2e9bf5dc08daa9032f06d5b0457fbeef9ae
twitter,797f2785df1ac112b8a8a3634cda14b6f7e5d58015daff7ea42343ede19e7306
twitter,5bf6b46b37313c851c41a99b0ed652fd5d4ab8337a56e89333998cdf5b5c106b
twitter,549c209c675dd15526d5c33adc084fd9717e360b12759d744d4887ceefa2cc6b
twitter,e8f525a1b5dd86379b58c815c28a69c1681cd749c60c5b834fc84a4e429e3149
twitter,0e07d389656a433676660ddf7728c95d26448230f3ab4e831f568e549ae7b40a
twitter,f6baa918866209247f92b9eb909f53d9792fab03097cb84f8669ace9d6bc8ae5
twitter,654a42ec8c2bd89029ceea309e237c2ca39ed125cb2163d4e749bfe3de3489c2
twitter,f2ac23cdcdb0f807bd0998f12a2653a615d309bdb2902646a5cea0291db24b66
twitter,7e3c76472058bb0928d63e8eabadb6fcef1bbc9361c2461b717354ca19e0c104
twitter,cbf63f81427e74f0d9a9a174cbb45877443c885e8c3ece146f6ce388f26e47fc
twitter,f1da81868777473f3ba4fae44b9355e04c0928afddf8b9c5e688122678857157
twitter,e24d0a4cd3802e0036a53014563c3fdbd9107112051f967d1479c40512ec0533
twitter,bec33aa70b5fea39603be486fd580db5daa388b9e1f682c1df781de02fa74a39
twitter,d79511c991883c529cf1e462c7ef5ca3769012601ed6213f2e458c53aa9de5b2
twitter,b2617de5bfee43f1f68919dbcef8bff8cc0845588b7302a93cb5ea325fe56eca
twitter,0af57a7f49c81eceee00bf9fa8207a42ffe72ce68b9afb9f0e7d058b5dc054cb
twitter,baac17b9bbb88932b92fdb1f6ffa49bbe5b8e7eba633480dd82a5934b38cf015
twitter,4ecba46b224fb8144688e26dcf3b7f60b404c44152741237d71b300b3287cbf9
twitter,27cf50798a0900e63adb96b292d591d16284cd43fc6ed11ef9aa9f2f37b4bf3f
twitter,a0ac47c9fcb41da012aa85058c74bb68f24eec92c37881ac1e201f3afa0158b9
twitter,3c90020ab6c761c1f04954746534afb3f0615dcf5bc6f5071946d417226c3954
twitter,c2589aaaa97007981d6598617b472814361e68535ddf78f232a6ac60ef0c4baa
twitter,bfc2c81361411a987371bdbffa0d797862064fa81d4cd6350701343160fc595c
twitter,36cef097619981b34a474d2813347567e4ab743dfe62e8895dba69d5e57f0393
twitter,8928ee1d6f0c168ab93c4c292c6dd91caf06b731c674e7b1d9fc077e2cecc7a6
twitter,0d6b6e770131cfaa78085bc0f28550d1beb55ea998e8934c70f06801f7fe8664
twitter,35dce761f75bc9f7b50746c2ad57499a5c7aa5b0ccd957a603f8c49f350a8ae1
twitter,3a55a16d24ba3074eaa64d3d66e53c58bbf5aa3db63450315cc2720c243d5505
twitter,6ab1149a44756774ce8ed141c069d41e26b2e184f7976ff5acbfab0c7d0e25ae
twitter,e9d3eeb0fc11af4cbb9574a2f64846b309a63ff13d71400431ba84cb2928edeb
twitter,44c57785137fe8ff42449f929715292342561e6070a017b6e46ae0464cac1511
twitter,58898c72462b73d45bd1e39e4d7e12116c15c0c0f537c1b5979b27408ad2ce78
twitter,77d95561f9117dfce7aac2b02c7612ea8791b917c71bee0f660363d31d8548e4
twitter,d3413f17ab2440ec071f9efc7a8ed2b36aeb1307676c06aff55dcb90514b6473
twitter,08260bc1e299fbabc4a4ae9a989fdcbe8b7b7d147e13a66ecb07c1d82ea9df6e
twitter,76576462f12e90b6e329475ba7ba383c133e809d3a7c97a986074fc62ca286c0
twitter,91225a8bac7bddaaba970c90ad4341bc7ec78b7e52dc7a934b1022314c4ebf36
twitter,700cebc14f6d92d2def87c58c22128cf9f739b035754187c76cc13316abc683c
twitter,e51dec0b38249fe75831f0aed43267e310166d0be512479935c8308b87e18496
twitter,478a8193e207f66e9f563367abdfeb8d76d0d1b1246500fb576c9d066dace6ff
twitter,9ebdbaad4035cea56ef0c3f68eaefba2cd52251d7f1f9cd4f651d032324f02a3
twitter,b992ca0f41de019515ff1cfdce150ff6e456b21bd6328cc16061571496b3a3e0
twitter,7e4bf19e2f1e621d3a495934b4728541827efa3f6815a83369c1c32dfa4a1e29
twitter,5d8e5253ad727c0095be0bdd6d1b64bb2b35a54b476885b83dbf45246671067b
twitter,eee2e60cb444b0badd5931d43dcb6431409a3fe7005a47eb30fa09dfb2185046
twitter,6f9bd65e74e42f888c99468cd1c4405de2ecd671e246a7f082d0f32222c07b83
twitter,dc5dd2fca46ae817dbe1592ff8b5e80f307f6d07777a86d7a5d104b419824e81
twitter,88f2dfd00054139372940bb24b5e21a4aa1504c5f6f5d74110f42d686d6c3f24
twitter,fc1082510d288c86bed0a2ea34a5fcc70c71f6e4e5db8ce4010977aed6aedfc6
twitter,be810c52027935fe0607ded24135a994f637120a6602ef422111f07b78db6650
twitter,f0ee32605d3d41778e95b1efc0e7e87f7e9c021cc73121e3c2d2f9cfb79b58e9
twitter,4ca9b69ead5c41011db3807a492e5c01c454321cc5cecfa86a5be967d033487c
twitter,5c9b08b35a76dc72ae6576f1a6c626e093e23b1394cf7c3c8a12e76e436e618c
twitter,5e426bf680f7211b4da53bfaebb1bce51d0acc25d0d758a354bbe7b532051ce5
twitter,718d643b43121ba0449f997040361c87e9ef51fe944a9170f69b8ff14c0aba0e
twitter,f1b7fabe1c458a9dbb99b0f8b921fb3a62389813f3a448be913f8569f00c477f
twitter,54137d3e70e348686ccce391d51808407231ec1afed201e712f6f38fca27a295
twitter,5b967ce547f562237f0b50ffe98b6d4def5aee88f9da2d5c238abb6303e046d7
twitter,cf4284189207c353124100c26bc9622bbe87f9258a4ddcd323d5aa3322d86f4c
twitter,03377f9d26fddc03224bd6e3d4dd027e8fb66955c1d95e3d08b141964a9878c0
twitter,6d4c64b0542febfc960443b9865fcc04c43888dc1a65a61bb0149aebf35402ec
twitter,cfda0deb25db7253b713d17e7435a1e8c74efd000e35a786754028afd6ec3925
twitter,7fe4b38c238f76f38091dbefedf81848d51f010ce532023fcb1c5781eceb750f
twitter,619ae34b4a14e8cbbc149fa53fe764d4eeb95a032b6da276f1ad151887a45aed
twitter,8a61a7b544231c0b9bf4e74e037266a3fa31f3ac42c4aec67ce63a45c55c943c
twitter,0463fac87bc14c12698044a544e1a225176fd7c2616389956a4c0c3d5552aeec
twitter,8f72d8db36a196872120eff6f260f9a4254f7826b6e852be5ae3af1db7bc6398
twitter,9684703f5bf03e94872a3a0a2b035b65bc5e4fc8991e539a825404b50d0bfb55
twitter,92166cff7a3c2c80cc1204dad7383e2706620da9488a4dfec362d0de000940c2
twitter,5c885e9296829526f94d965a878071a273e6094d0edbc997f03ee31a33c196c8
twitter,666d6c63bbb105f1330959de0eb574588caeeb784ffdaa70f120ade745b70684
twitter,ef40978ec8f077e5d71ad5c63abf9fb0d6ad3cd6af34aa2df22f40e98cdbc4af
twitter,4cb454309dc2b81ecc0fe2e3627cfcac0e2adf07c80d36e04df910f81338e538
twitter,745d814c4faff0021525819e7ee59e4217c473ea4a512ed73ef33c7b1959427d
twitter,1b2195d09f8e4157ddb73bcc970b42d5d8235107c530160da47fb29d80cfa9e2
twitter,0a1be6079971b07b3467c04011bfaf80b8b0a7e5c204c57472d16e7f3917d441
twitter,15ce235e26409e16cf953f4defd733099ebd8e6542743c8339731d91860a55bd
twitter,2561dedecb64765697b2f4a01f2e133c6dce5b033321214383b2f442114239cc
twitter,a3829cd935b3a623dd5fc63fd397863d835ecc5e1bed1ff46dd4abe00fa4132c
twitter,1fac18c04cb99b70ab067ddd9095e4ce8de150edfcab5eff58e7869aeda2122d
twitter,4d980cf7c214627c60c81a820c684fe9dfaeb53054fa53029dac8701528dee0c
twitter,716deb70b411180039a17707145734be6e18a10b21ae2d39e7456053280f2e0d
twitter,3089320a01112bcecab4cf4fe923bd37884abc5dca05fe0863a20c9e0cc355ca
twitter,bd91b43090748a8cf093b54a8df766eee5cd22afa854a758e948e72cd95b390c
twitter,cb43ced19538d53938b00dfa4b4ae4f482aeab054205902a5ecebfb937e7452d
twitter,e84594e4b9433849a9fe8e09c6b23ad15d5b6bd4b4d065a9c828bdfb02585bd4
twitter,a887215f149b439065a8219be870001a1fdcb4eb58f6fce6db3531b6f6948003
twitter,0f61213d67c40469c25cf88d58cfebd0e3fe63ce3dd4d3f2f8f726e88a0d3613
twitter,1a65a73fd3c42a1823d618d5d73c2c400e4b6422ee3c8b17a98cb1d8553e874a
twitter,cb78abd7c9a7aceeb02e4837626836557c8c806e7fdaca2c927ee1be8eb393f4
twitter,65485499ea45b09a4a0e1ff593e37d48f8bff3451daa61a02dc909a9ad49d3cc
twitter,b2a4d79a94b3577706861bd1c4822e6565fbf91b5de3d0c90eb22a236ac57d9e
twitter,04b97f3f96bcbbb688b5234b4ac8d06896be135caa8fe899a5a940427dfa43eb
twitter,c70450de8adf987c5fadd687787afd8685780055c9d255fc20b2f22a9009b511
twitter,135753c67a9a56e963edb14af378be30cf188e6b75365e4958b97fcc183cce91
twitter,d367a7d252526775ec6526249bfef0299fa38158e5e58dd67cdd8c5a36564e82
twitter,eba53388b672836492bb63e39b742d6f184fff4343ce49c2539d67fcd9485f81
twitter,05b5b7c3530b4ffdd4e3c01fbedbe24e59d813b08d0f00471240f6d5c1690a23
twitter,3f8e4cec05aa3d474973dd21110f8902de1c97f6cb445ae1cc932f8ab51791ab
twitter,eacf3e86c070a04b70d79da91d869cb639e2267edc8f41130a01faae50085d42
twitter,d1c908669f54cf26ecf222e107b9881c645d8e7e8ef440e2be0beb35db53b264
twitter,e7ab4117c5e006d93b7455da1753b1516dd9429c77bd5324e91e396e83c0bba0
twitter,147e52bd7030d531860ccdfd6d0e1fd5c5fb6a3fd0d6af0a0017d0ff4fd77123
twitter,c697b2b57e10cb184417656299c6a16f8549069c5924bb8462f66d78896062dd
twitter,a182e0dc52609cae60f6de270121305c71fc7f4e73271e4ea3772bf1728ef53b
twitter,23fc0a51a5d435aeaf5bbcbada9a0c0072793a6ab73d95a991161f55d8df9126
twitter,1f7772d7a386dbefed97b8f8469891847292424e31bf6acd87f8855c348432a8
twitter,631f390f4272cd2fc702734150f64764b5c6b76235e7bb527c71cd77b59767c0
twitter,a7dfb68f5e7a8c8c6ccb0fea0ba787acb988d90efbbb1eb76044daf773c9fdbb
twitter,fcfd044b1c3bcd9d54d52b5e4976adceb75b937386ebfc521944af58c7633a9d
twitter,196ffa8abf04bfd6a66d03feb15ef2516f2555f8227517e108e220e72f8fa5da
twitter,16c07d0b5f1263f7b627de9892f8d55d35657a23ed3919f058ba28120cdc7fea
twitter,f5d35ee479db6c981536c6c865b990d468603d75d35b2d029b03c33ee672bbcf
twitter,a2b3304634494292c63aa1186331e71cbcf095255f5039226c9ca21fd86c9153
twitter,1aa717613db84d25b86bf2e2935be20a6c97a31d8dcb7a753d947958819e53b3
twitter,c3fd3e1c8c93f3251e7e1f84a0b502cf7b4f5c347387bcd97638166472e8ad82
twitter,7ec2f5ee63009e2aca2f94141b7a964228f3527937a7a0236e3377ce19365f4e
twitter,219299b25a246ba074aaa3cf06cb009512ddca347437539256bfd4b2c1dff488
twitter,fe0992ff5fe88f2b0aa9d3f3f9adc2b4eea91180396f1c3c3ccfc117c797b803
twitter,6b3ee1de2fa085db971a72734eabd30abe65684043986eaf668242add4119042
twitter,1cc8f2e2a5fe7e7be94ed1674a5f35ef7e843d1c485bce51d1888d385de315f6
twitter,175e09cd16882e2e4330ae16084fe758a4a87a0b9df8be88b362b4726c293379
twitter,33ab238485e8d2efeefa6db6452444230d3904357d07ebbe766f18402d0c696c
twitter,fcf0598be8c957ee64943b8685c8ec63d7f1c64febc9691db7ae897abe435177
twitter,de4ff1e762cfe2a7a810062747d84aeb0d0f0f0837674feb37fd41bbe593a90b
twitter,d12c0046ee9fd4fa26f23796d185bf8ce2d34ba713054004b450ba0e49fcc1a3
twitter,b3cd26c6182926e7fec6afc827b86bb8685898b34ed0ac97ce5325aad5845b15
twitter,fdbd5bb31fb58d73df165d018f8242ac85735e3df4a677754e9c7edbb4a6d0ec
twitter,4b04f9972aa9de89ef829145fbe383c8e9f91852cd68a7b773865a1f9dd48fee
twitter,5a1b71430b849f7b56907a0c07552a0563530a0c3b9ff1e1828711d930a8b1d4
twitter,488c2722a3374d7f7558eafcb852d11a44771d0494bbaaa035cb5bb2bbb5365a
twitter,b0df9623faf1fc7c9b85e8dfc0d34bada9edd142af8ac9c9670589f3c25f9991
twitter,f78a23aff336b7b37318495d343b99bbf6104a69fd9afd478be232f18c045417
twitter,cb09bf5649df6f75dfb19474c31a1c2cecd544c57634cddca09f7415ecda8e8e
twitter,6245bcffb4749bed92e5a3dbd03f83fda9928f3710c72bcc7756a3d3104e8c43
twitter,e64245fd92fbc6f661d10d7d845914c34a83800ddfa84b9f95ae9bfeac9058f9
twitter,425dc9da99da1b701b421f0a832e1add4445a4370412f1939cf1c342221a5e90
twitter,c38bee6bc339c02b87496f7ac7cf048ab58786bffd7cdcebe849ca2282f09c38
twitter,25cb184932fb2ea59c9994fd41c304da49371c3af45c1cb92d5ef104d66f655e
twitter,f472f75a6397fcd55e8b5f7c7fc56efd4603191cf4d02b495d1caa813724c2ec
twitter,da922acff1165f499a62ccd63fc8e92ab05a65bc844865c0bb7da913f3501bee
twitter,006d5fad44627d8acdf40eb0185376a44c74da80efc58d8b902c36d5c6337d9b
twitter,7f48af6128223e9298030ceda4ae44a3ebf13c4933c178614bb781fcf6896534
twitter,54b7af5ee2968f5de6d3e4f732761c1d8896a20bc1a4e7a4b06aeea71852b9a2
twitter,fc3e3fbc3d674f030bfa7333a5113d459ed1bb1f4000458e0f0311f66c8c18e7
twitter,c5fd51339c397f7c80f9ff9fa3a9dca8793e86debe063fe53f2e67a289c496f6
twitter,b6c25479206fa8dee6aa87a6df168d4248c2402e97e6f9ea246fbbd6b238eb94
twitter,fb1736ff3b7ed1dd30d15ce995d28bf78eb9c378ae9126b793839ab9fcece5d5
twitter,63ade89390a3699fdcb421d3e34a7d6cacfe6124353a5905690357b0d74de4ba
twitter,9e464998517fa624193067070827fa1f16c27d8d909b229fa89525eb44516463
twitter,b664f0510dda5bb92a78e2053bc18c83b4bfa45fcc17037284144f4e9d4fed85
twitter,f4f310f1fd72aaf55145c8e0d425b7117522fc27041b26903a0ecdf4ebe0d0b3
twitter,f8f16db142357ec4b3584b13af05ff0d85523c7d2ac5d5bbb76612ae7535adda
twitter,8c3b5082f6ca2041ddd2f49fecf8e8dd62ec5466d1e2d11e5e32e6a316bf4b43
twitter,fb7ce9a56d03e7112d802dfa1d0f100ed5e0e4b84953902d6c9ea5924802173f
twitter,b398e15e78e210b2fa4f81c91545bdf0b93a045985dd99d5851a7514832d563d
twitter,5542512810131f7deb31c4af83e747fde5828a25bea17becc032f07daf75dd3f
twitter,2d16f1267ba0cc4494b421ffaa2fd09f959382f8df3b5fb774d48d05d62073c2
twitter,1d60afdaf3d260f6ee5c9fa974840849c0b9de2ceaf33932d93b2b3cf7d01551
twitter,6e052ba2a7c08b9f9a05ca6897bf57ae15a585dac613251347df320463e68e13
twitter,3cd60baa3e4da8a496a02d297116aca1dc9071c4ec7d3407eddb7a42a242182a
twitter,b4126597a0ee4bfac665cd6a6b72bdf8aeb3232b10a414ebdd3dd70af4ba6958
twitter,147c8343a005071b25e29ff690097a7b9697f5d274b2fa9660e0578f206407db
twitter,d6fdb4591ce1f1a839122b657f5a768ea7fc02352a2974cc73fcb90a3a1347b0
twitter,c3285038aa996978481de02f13bba1f4a1bee8f2b4e63de16012209d2cd9f8b0
twitter,f8ad2d8fc36336888c2a6664a7ee6945dbbb57407e53e65dd5ff6a494076e9cd
twitter,36f036877f7759260dae5aff45b834ca5bb53c6ec1ce14afb28af9595213e45b
twitter,2aa37b5e1bb2a77b25be670eeabde583300ee566b711545b964b0e5bfba3faf0
twitter,abcbab8f403b93c28769fc2d200ee1b64b1224731b310ac4cca0c7dd28f0702c
twitter,71f47eba69e5c0398dbbd08cf9a38031e3d3d1f7c9769a64eb9babc273083ff8
twitter,46ea3750ddd5fc28ed5ba734d892677b2395f8a172d95b522f2f250672671608
twitter,b258dfc710af6e132f83a72e2730c38c15da3976967cfa16d839e501d62753c0
twitter,89c25ee3d4843d3eba9a31327f6655a95356d22806e5824da7d58bc05facfbc8
twitter,82e243acfd1268e9d084e2a310b067995e4767e4398e4ea3af774aad39ccfe73
twitter,ccffc5387c3957db9c910c385e9f9d21ca860cea7ecf8ae0da970f49e00bf425
twitter,098b831fa933592df5cbd88e04a96c656f77f27d02dfecb945e3f5926a89ac09
